Date,source_node,target_node,source_sns,target_sns,Source,Target,PA
2021-08-05,Node_88fcf1df,Node_d79a0f32,TG,TG,TG__146,TG__1008789,
2021-01-22,Node_639d7cdb,Node_5e66cdb3,Rumble,Bitchute,Rumble__7,Bitchute__29,
2021-01-24,Node_dd8534e3,Node_5e66cdb3,Rumble,Bitchute,Rumble__47,Bitchute__29,
2020-12-01,Node_ce6b0977,Node_30ed85c2,Bitchute,Bitchute,Bitchute__50,Bitchute__1000138,
2020-12-01,Node_ce6b0977,Node_5e66cdb3,Bitchute,Bitchute,Bitchute__50,Bitchute__29,
2025-01-03,Node_5e66cdb3,Node_5e66cdb3,Bitchute,Bitchute,Bitchute__29,Bitchute__29,PA
2021-01-13,Node_30ed85c2,Node_854b86cc,TG,Gab,TG__482,Gab__1004568,PA
2021-10-26,Node_30ed85c2,Node_21345e53,TG,TG,TG__482,TG__1001447,PA
2023-01-16,Node_30ed85c2,Node_5e66cdb3,TG,TG,TG__482,TG__500,PA
2021-11-29,Node_30ed85c2,Node_30ed85c2,TG,TG,TG__482,TG__482,PA
2023-12-24,Node_30ed85c2,Node_5e66cdb3,TG,TG,TG__482,TG__500,PA
2023-05-07,Node_30ed85c2,Node_5e66cdb3,TG,TG,TG__482,TG__500,PA
2023-04-25,Node_30ed85c2,Node_79604ecf,TG,TG,TG__482,TG__1006402,PA
2023-06-07,Node_30ed85c2,Node_73980c34,TG,TG,TG__482,TG__1006403,PA
2022-03-20,Node_30ed85c2,Node_e3f8b349,TG,TG,TG__482,TG__1001782,PA
2021-03-22,Node_30ed85c2,Node_e3e7ab35,TG,TG,TG__482,TG__313,PA
2023-08-10,Node_30ed85c2,Node_e3e7ab35,TG,TG,TG__482,TG__313,PA
2023-01-16,Node_30ed85c2,Node_ea45b86f,TG,TG,TG__482,TG__1004281,PA
2022-02-22,Node_30ed85c2,Node_5e66cdb3,TG,TG,TG__482,TG__500,PA
2023-06-22,Node_5e66cdb3,Node_5e66cdb3,Bitchute,TG,Bitchute__29,TG__500,PA
2023-01-21,Node_30ed85c2,Node_5e66cdb3,TG,TG,TG__482,TG__500,PA
2021-08-05,Node_f47a648a,Node_d79a0f32,TG,TG,TG__74,TG__1008789,
2023-11-11,Node_30ed85c2,Node_5e66cdb3,TG,TG,TG__482,TG__500,PA
2024-01-02,Node_30ed85c2,Node_5e66cdb3,TG,TG,TG__482,TG__500,PA
2023-04-30,Node_30ed85c2,Node_4330ae55,TG,TG,TG__482,TG__1004167,PA
2023-09-04,Node_30ed85c2,Node_e3e7ab35,TG,TG,TG__482,TG__313,PA
2022-02-13,Node_30ed85c2,Node_e3f8b349,TG,TG,TG__482,TG__1001782,PA
2020-08-10,Node_30ed85c2,Node_30ed85c2,TG,TG,TG__482,TG__482,PA
2023-04-30,Node_30ed85c2,Node_5e66cdb3,TG,TG,TG__482,TG__500,PA
2021-04-09,Node_30ed85c2,Node_5e66cdb3,TG,Bitchute,TG__482,Bitchute__29,PA
2021-07-16,Node_30ed85c2,Node_5e66cdb3,TG,Bitchute,TG__482,Bitchute__29,PA
2021-02-05,Node_30ed85c2,Node_5e66cdb3,TG,Bitchute,TG__482,Bitchute__29,PA
2021-11-05,Node_30ed85c2,Node_5e66cdb3,TG,Bitchute,TG__482,Bitchute__29,PA
2021-08-12,Node_30ed85c2,Node_5e66cdb3,TG,Bitchute,TG__482,Bitchute__29,PA
2020-02-02,Node_30ed85c2,Node_30ed85c2,TG,Bitchute,TG__482,Bitchute__1000138,PA
2020-07-17,Node_30ed85c2,Node_5e66cdb3,TG,Bitchute,TG__482,Bitchute__29,PA
2021-02-14,Node_ed39471a,Node_5e66cdb3,TG,Bitchute,TG__299,Bitchute__29,
2020-09-05,Node_d873e540,Node_5e66cdb3,TG,Bitchute,TG__157,Bitchute__29,
2020-03-08,Node_30ed85c2,Node_30ed85c2,TG,Bitchute,TG__482,Bitchute__1000138,PA
2022-05-06,Node_30ed85c2,Node_5e66cdb3,TG,Bitchute,TG__482,Bitchute__29,PA
2021-11-11,Node_30ed85c2,Node_ea45b86f,TG,Odysee,TG__482,Odysee__1000503,PA
2021-07-20,Node_30ed85c2,Node_30ed85c2,TG,Odysee,TG__482,Odysee__1000416,PA
2021-03-27,Node_ed39471a,Node_5e66cdb3,TG,Odysee,TG__299,Odysee__1000237,
2022-04-24,Node_30ed85c2,Node_5e66cdb3,TG,Odysee,TG__482,Odysee__1000237,PA
2021-09-06,Node_30ed85c2,Node_30ed85c2,TG,Odysee,TG__482,Odysee__1000416,PA
2021-07-15,Node_30ed85c2,Node_854b86cc,TG,Odysee,TG__482,Odysee__1000424,PA
2022-06-20,Node_30ed85c2,Node_30ed85c2,TG,Odysee,TG__482,Odysee__1000416,PA
2023-10-09,Node_30ed85c2,Node_30ed85c2,TG,Odysee,TG__482,Odysee__1000416,PA
2023-07-31,Node_30ed85c2,Node_30ed85c2,TG,Odysee,TG__482,Odysee__1000416,PA
2021-09-01,Node_30ed85c2,Node_5e66cdb3,TG,Odysee,TG__482,Odysee__1000237,PA
2023-05-22,Node_30ed85c2,Node_30ed85c2,TG,Odysee,TG__482,Odysee__1000416,PA
2022-05-06,Node_30ed85c2,Node_5e66cdb3,TG,Odysee,TG__482,Odysee__1000237,PA
2023-04-19,Node_30ed85c2,Node_5e66cdb3,TG,Odysee,TG__482,Odysee__1000237,PA
2021-08-12,Node_30ed85c2,Node_30ed85c2,TG,Odysee,TG__482,Odysee__1000416,PA
2023-06-12,Node_30ed85c2,Node_30ed85c2,TG,Odysee,TG__482,Odysee__1000416,PA
2023-08-04,Node_30ed85c2,Node_5e66cdb3,TG,Odysee,TG__482,Odysee__1000237,PA
2021-11-04,Node_30ed85c2,Node_854b86cc,TG,Odysee,TG__482,Odysee__1000424,PA
2021-09-13,Node_30ed85c2,Node_30ed85c2,TG,Odysee,TG__482,Odysee__1000416,PA
2021-05-14,Node_30ed85c2,Node_5e66cdb3,TG,Odysee,TG__482,Odysee__1000237,PA
2021-08-11,Node_30ed85c2,Node_5e66cdb3,TG,Odysee,TG__482,Odysee__1000237,PA
2021-12-20,Node_30ed85c2,Node_30ed85c2,TG,Odysee,TG__482,Odysee__1000416,PA
2022-05-02,Node_30ed85c2,Node_30ed85c2,TG,Odysee,TG__482,Odysee__1000416,PA
2023-10-18,Node_30ed85c2,Node_5e66cdb3,TG,Odysee,TG__482,Odysee__1000237,PA
2022-05-29,Node_30ed85c2,Node_5e66cdb3,TG,Odysee,TG__482,Odysee__1000237,PA
2021-05-26,Node_30ed85c2,Node_5e66cdb3,TG,Odysee,TG__482,Odysee__1000237,PA
2021-03-26,Node_30ed85c2,Node_30ed85c2,TG,Odysee,TG__482,Odysee__1000416,PA
2021-11-06,Node_30ed85c2,Node_854b86cc,TG,Odysee,TG__482,Odysee__1000424,PA
2022-01-24,Node_30ed85c2,Node_30ed85c2,TG,Odysee,TG__482,Odysee__1000416,PA
2021-07-30,Node_30ed85c2,Node_5e66cdb3,TG,Odysee,TG__482,Odysee__1000237,PA
2023-09-01,Node_30ed85c2,Node_5e66cdb3,TG,Odysee,TG__482,Odysee__1000237,PA
2021-09-24,Node_30ed85c2,Node_5e66cdb3,TG,Odysee,TG__482,Odysee__1000237,PA
2021-11-10,Node_30ed85c2,Node_5e66cdb3,TG,Odysee,TG__482,Odysee__1000237,PA
2023-12-01,Node_30ed85c2,Node_5e66cdb3,TG,Odysee,TG__482,Odysee__1000237,PA
2023-07-10,Node_30ed85c2,Node_30ed85c2,TG,Odysee,TG__482,Odysee__1000416,PA
2023-07-19,Node_30ed85c2,Node_854b86cc,TG,Odysee,TG__482,Odysee__1000424,PA
2023-01-16,Node_30ed85c2,Node_30ed85c2,TG,Odysee,TG__482,Odysee__1000416,PA
2021-09-29,Node_30ed85c2,Node_5e66cdb3,TG,Odysee,TG__482,Odysee__1000237,PA
2022-06-06,Node_30ed85c2,Node_30ed85c2,TG,Odysee,TG__482,Odysee__1000416,PA
2022-02-02,Node_30ed85c2,Node_5e66cdb3,TG,Odysee,TG__482,Odysee__1000237,PA
2021-08-23,Node_30ed85c2,Node_30ed85c2,TG,Odysee,TG__482,Odysee__1000416,PA
2023-01-18,Node_30ed85c2,Node_854b86cc,TG,Odysee,TG__482,Odysee__1000424,PA
2023-01-30,Node_30ed85c2,Node_30ed85c2,TG,Odysee,TG__482,Odysee__1000416,PA
2023-04-26,Node_30ed85c2,Node_5e66cdb3,TG,Odysee,TG__482,Odysee__1000237,PA
2021-06-27,Node_30ed85c2,Node_5e66cdb3,TG,Odysee,TG__482,Odysee__1000237,PA
2022-12-26,Node_30ed85c2,Node_30ed85c2,TG,Odysee,TG__482,Odysee__1000416,PA
2022-06-08,Node_30ed85c2,Node_5e66cdb3,TG,Odysee,TG__482,Odysee__1000237,PA
2022-03-22,Node_30ed85c2,Node_30ed85c2,TG,Odysee,TG__482,Odysee__1000416,PA
2023-03-06,Node_30ed85c2,Node_30ed85c2,TG,Odysee,TG__482,Odysee__1000416,PA
2021-10-24,Node_30ed85c2,Node_5e66cdb3,TG,Odysee,TG__482,Odysee__1000237,PA
2023-01-26,Node_30ed85c2,Node_5e66cdb3,TG,Odysee,TG__482,Odysee__1000237,PA
2021-10-10,Node_30ed85c2,Node_5e66cdb3,TG,Odysee,TG__482,Odysee__1000237,PA
2020-07-30,Node_1bb45284,Node_5e66cdb3,Gab,Bitchute,Gab__113,Bitchute__29,
2019-11-08,Node_0c202018,Node_5e66cdb3,TG,Bitchute,TG__220,Bitchute__29,
2019-11-08,Node_e13fa598,Node_5e66cdb3,TG,Bitchute,TG__154,Bitchute__29,
2019-11-28,Node_f47a648a,Node_5e66cdb3,TG,Bitchute,TG__74,Bitchute__29,
2019-12-05,Node_f47a648a,Node_5e66cdb3,TG,Bitchute,TG__74,Bitchute__29,
2019-12-12,Node_f47a648a,Node_5e66cdb3,TG,Bitchute,TG__74,Bitchute__29,
2019-12-12,Node_f47a648a,Node_5e66cdb3,TG,Bitchute,TG__74,Bitchute__29,
2019-12-28,Node_f47a648a,Node_5e66cdb3,TG,Bitchute,TG__74,Bitchute__29,
2020-01-02,Node_f47a648a,Node_5e66cdb3,TG,Bitchute,TG__74,Bitchute__29,
2020-01-02,Node_f47a648a,Node_5e66cdb3,TG,Bitchute,TG__74,Bitchute__29,
2020-01-08,Node_f47a648a,Node_30ed85c2,TG,Bitchute,TG__74,Bitchute__1000138,
2020-01-12,Node_f47a648a,Node_30ed85c2,TG,Bitchute,TG__74,Bitchute__1000138,
2020-01-12,Node_f47a648a,Node_30ed85c2,TG,Bitchute,TG__74,Bitchute__1000138,
2020-01-13,Node_f47a648a,Node_30ed85c2,TG,Bitchute,TG__74,Bitchute__1000138,
2020-01-26,Node_f47a648a,Node_30ed85c2,TG,Bitchute,TG__74,Bitchute__1000138,
2020-01-26,Node_f47a648a,Node_30ed85c2,TG,Bitchute,TG__74,Bitchute__1000138,
2020-02-02,Node_f47a648a,Node_30ed85c2,TG,Bitchute,TG__74,Bitchute__1000138,
2020-02-16,Node_f47a648a,Node_30ed85c2,TG,Bitchute,TG__74,Bitchute__1000138,
2020-02-21,Node_f47a648a,Node_30ed85c2,TG,Bitchute,TG__74,Bitchute__1000138,
2020-01-09,Node_f47a648a,Node_5e66cdb3,TG,Bitchute,TG__74,Bitchute__29,
2020-01-10,Node_f47a648a,Node_5e66cdb3,TG,Bitchute,TG__74,Bitchute__29,
2020-01-16,Node_f47a648a,Node_5e66cdb3,TG,Bitchute,TG__74,Bitchute__29,
2020-01-17,Node_f47a648a,Node_5e66cdb3,TG,Bitchute,TG__74,Bitchute__29,
2021-03-22,Node_71e7b6e0,Node_5e66cdb3,Bitchute,Bitchute,Bitchute__31,Bitchute__29,
2021-10-01,Node_71e7b6e0,Node_5e66cdb3,Bitchute,Bitchute,Bitchute__31,Bitchute__29,
2021-11-14,Node_30ed85c2,Node_2486fe12,TG,TG,TG__482,TG__1001446,PA
2021-11-23,Node_30ed85c2,Node_21345e53,TG,TG,TG__482,TG__1001447,PA
2021-10-22,Node_5e66cdb3,Node_5e66cdb3,Bitchute,TG,Bitchute__29,TG__500,PA
2024-07-12,Node_5e66cdb3,Node_30ed85c2,Bitchute,TG,Bitchute__29,TG__482,PA
2024-07-30,Node_30ed85c2,Node_5e66cdb3,TG,TG,TG__482,TG__500,PA
2024-08-01,Node_30ed85c2,Node_5e66cdb3,TG,TG,TG__482,TG__500,PA
2024-07-13,Node_30ed85c2,Node_5e66cdb3,TG,TG,TG__482,TG__500,PA
2024-01-26,Node_30ed85c2,Node_5e66cdb3,TG,Odysee,TG__482,Odysee__1000237,PA
2023-04-23,Node_de0942e4,Node_5e66cdb3,Bitchute,Odysee,Bitchute__39,Odysee__1000237,
2024-01-11,Node_30ed85c2,Node_5e66cdb3,TG,Odysee,TG__482,Odysee__1000237,PA
2023-04-24,Node_de0942e4,Node_5e66cdb3,Bitchute,Odysee,Bitchute__39,Odysee__1000237,
2023-04-23,Node_de0942e4,Node_5e66cdb3,Bitchute,Odysee,Bitchute__39,Odysee__1000237,
2024-01-14,Node_30ed85c2,Node_30ed85c2,TG,Odysee,TG__482,Odysee__1000416,PA
2023-07-10,Node_de0942e4,Node_5e66cdb3,Bitchute,Odysee,Bitchute__39,Odysee__1000237,
2021-03-31,Node_30ed85c2,Node_854b86cc,TG,Odysee,TG__482,Odysee__1000424,PA
2021-02-20,Node_30ed85c2,Node_30ed85c2,TG,Odysee,TG__482,Odysee__1000416,PA
2023-04-23,Node_de0942e4,Node_5e66cdb3,Bitchute,Odysee,Bitchute__39,Odysee__1000237,
2023-07-09,Node_de0942e4,Node_5e66cdb3,Bitchute,Odysee,Bitchute__39,Odysee__1000237,
2023-04-23,Node_de0942e4,Node_5e66cdb3,Bitchute,Odysee,Bitchute__39,Odysee__1000237,
2020-01-25,Node_f47a648a,Node_5e66cdb3,TG,TG,TG__74,TG__500,
2023-06-12,Node_30ed85c2,Node_4330ae55,TG,TG,TG__482,TG__1004167,PA
2023-04-30,Node_30ed85c2,Node_21345e53,TG,TG,TG__482,TG__1001447,PA
2023-04-28,Node_30ed85c2,Node_79604ecf,TG,TG,TG__482,TG__1006402,PA
2023-06-03,Node_30ed85c2,Node_79604ecf,TG,TG,TG__482,TG__1006402,PA
2024-01-05,Node_30ed85c2,Node_e3e7ab35,TG,TG,TG__482,TG__313,PA
2022-02-25,Node_30ed85c2,Node_30ed85c2,TG,TG,TG__482,TG__482,PA
2023-02-20,Node_30ed85c2,Node_5e66cdb3,TG,TG,TG__482,TG__500,PA
2021-08-03,Node_f47a648a,Node_d79a0f32,TG,TG,TG__74,TG__1008789,
2022-06-13,Node_30ed85c2,Node_c3f68a2c,TG,TG,TG__482,TG__1001709,PA
2020-02-10,Node_f47a648a,Node_30ed85c2,TG,Bitchute,TG__74,Bitchute__1000138,
2023-03-11,Node_5e66cdb3,Node_5e66cdb3,Bitchute,Bitchute,Bitchute__29,Bitchute__29,PA
2023-11-30,Node_5e66cdb3,Node_5e66cdb3,Bitchute,Bitchute,Bitchute__29,Bitchute__29,PA
2023-01-21,Node_5e66cdb3,Node_5e66cdb3,Bitchute,Bitchute,Bitchute__29,Bitchute__29,PA
2020-04-05,Node_30ed85c2,Node_30ed85c2,TG,Bitchute,TG__482,Bitchute__1000138,PA
2021-07-09,Node_30ed85c2,Node_5e66cdb3,TG,Bitchute,TG__482,Bitchute__29,PA
2023-07-15,Node_5e66cdb3,Node_5e66cdb3,Bitchute,Bitchute,Bitchute__29,Bitchute__29,PA
2023-06-23,Node_5e66cdb3,Node_5e66cdb3,Bitchute,Bitchute,Bitchute__29,Bitchute__29,PA
2020-10-11,Node_30ed85c2,Node_30ed85c2,TG,Bitchute,TG__482,Bitchute__1000138,PA
2023-10-27,Node_5e66cdb3,Node_5e66cdb3,Bitchute,Bitchute,Bitchute__29,Bitchute__29,PA
2019-12-21,Node_f47a648a,Node_30ed85c2,TG,Bitchute,TG__74,Bitchute__1000138,
2020-08-07,Node_f47a648a,Node_5e66cdb3,TG,Bitchute,TG__74,Bitchute__29,
2020-10-11,Node_16536946,Node_30ed85c2,TG,Bitchute,TG__190,Bitchute__1000138,
2020-03-09,Node_f47a648a,Node_30ed85c2,TG,Bitchute,TG__74,Bitchute__1000138,
2020-02-09,Node_30ed85c2,Node_30ed85c2,TG,Bitchute,TG__482,Bitchute__1000138,PA
2023-12-17,Node_5e66cdb3,Node_5e66cdb3,Bitchute,Bitchute,Bitchute__29,Bitchute__29,PA
2021-05-07,Node_30ed85c2,Node_5e66cdb3,TG,Bitchute,TG__482,Bitchute__29,PA
2020-05-26,Node_30ed85c2,Node_30ed85c2,TG,Bitchute,TG__482,Bitchute__1000138,PA
2023-08-25,Node_71e7b6e0,Node_5e66cdb3,Bitchute,Bitchute,Bitchute__31,Bitchute__29,
2021-10-26,Node_30ed85c2,Node_30ed85c2,TG,Odysee,TG__482,Odysee__1000416,PA
2021-11-09,Node_30ed85c2,Node_30ed85c2,TG,Odysee,TG__482,Odysee__1000416,PA
2021-07-15,Node_30ed85c2,Node_854b86cc,TG,Odysee,TG__482,Odysee__1000424,PA
2021-10-04,Node_30ed85c2,Node_30ed85c2,TG,Odysee,TG__482,Odysee__1000416,PA
2023-02-23,Node_30ed85c2,Node_5e66cdb3,TG,Odysee,TG__482,Odysee__1000237,PA
2021-11-14,Node_30ed85c2,Node_5e66cdb3,TG,Odysee,TG__482,Odysee__1000237,PA
2021-03-24,Node_d873e540,Node_5e66cdb3,TG,Odysee,TG__157,Odysee__1000237,
2021-12-08,Node_30ed85c2,Node_5e66cdb3,TG,Odysee,TG__482,Odysee__1000237,PA
2021-12-15,Node_30ed85c2,Node_5e66cdb3,TG,Odysee,TG__482,Odysee__1000237,PA
2021-05-09,Node_30ed85c2,Node_5e66cdb3,TG,Odysee,TG__482,Odysee__1000237,PA
2021-11-06,Node_30ed85c2,Node_854b86cc,TG,Odysee,TG__482,Odysee__1000424,PA
2021-09-26,Node_30ed85c2,Node_5e66cdb3,TG,Odysee,TG__482,Odysee__1000237,PA
2021-09-29,Node_30ed85c2,Node_30ed85c2,TG,Odysee,TG__482,Odysee__1000416,PA
2022-01-26,Node_30ed85c2,Node_5e66cdb3,TG,Odysee,TG__482,Odysee__1000237,PA
2023-05-10,Node_30ed85c2,Node_5e66cdb3,TG,Odysee,TG__482,Odysee__1000237,PA
2021-09-27,Node_30ed85c2,Node_30ed85c2,TG,Odysee,TG__482,Odysee__1000416,PA
2022-04-18,Node_30ed85c2,Node_30ed85c2,TG,Odysee,TG__482,Odysee__1000416,PA
2021-11-06,Node_30ed85c2,Node_854b86cc,TG,Odysee,TG__482,Odysee__1000424,PA
2023-03-31,Node_30ed85c2,Node_5e66cdb3,TG,Odysee,TG__482,Odysee__1000237,PA
2022-03-21,Node_30ed85c2,Node_30ed85c2,TG,Odysee,TG__482,Odysee__1000416,PA
2021-04-29,Node_d873e540,Node_5e66cdb3,TG,Odysee,TG__157,Odysee__1000237,
2021-11-08,Node_30ed85c2,Node_30ed85c2,TG,Odysee,TG__482,Odysee__1000416,PA
2022-06-13,Node_30ed85c2,Node_30ed85c2,TG,Odysee,TG__482,Odysee__1000416,PA
2021-10-11,Node_30ed85c2,Node_30ed85c2,TG,Odysee,TG__482,Odysee__1000416,PA
2023-06-26,Node_30ed85c2,Node_30ed85c2,TG,Odysee,TG__482,Odysee__1000416,PA
2021-04-13,Node_30ed85c2,Node_30ed85c2,TG,Odysee,TG__482,Odysee__1000416,PA
2023-02-03,Node_30ed85c2,Node_5e66cdb3,TG,Odysee,TG__482,Odysee__1000237,PA
2021-11-28,Node_30ed85c2,Node_5e66cdb3,TG,Odysee,TG__482,Odysee__1000237,PA
2022-04-13,Node_30ed85c2,Node_5e66cdb3,TG,Odysee,TG__482,Odysee__1000237,PA
2021-11-01,Node_30ed85c2,Node_30ed85c2,TG,Odysee,TG__482,Odysee__1000416,PA
2021-08-30,Node_30ed85c2,Node_30ed85c2,TG,Odysee,TG__482,Odysee__1000416,PA
2021-10-31,Node_30ed85c2,Node_5e66cdb3,TG,Odysee,TG__482,Odysee__1000237,PA
2022-07-01,Node_30ed85c2,Node_5e66cdb3,TG,Odysee,TG__482,Odysee__1000237,PA
2022-05-23,Node_30ed85c2,Node_30ed85c2,TG,Odysee,TG__482,Odysee__1000416,PA
2023-06-21,Node_30ed85c2,Node_5e66cdb3,TG,Odysee,TG__482,Odysee__1000237,PA
2023-11-10,Node_30ed85c2,Node_5e66cdb3,TG,Odysee,TG__482,Odysee__1000237,PA
2023-06-16,Node_30ed85c2,Node_5e66cdb3,TG,Odysee,TG__482,Odysee__1000237,PA
2023-02-18,Node_30ed85c2,Node_30ed85c2,TG,Odysee,TG__482,Odysee__1000416,PA
2023-09-17,Node_30ed85c2,Node_5e66cdb3,TG,Odysee,TG__482,Odysee__1000237,PA
2022-05-31,Node_30ed85c2,Node_30ed85c2,TG,Odysee,TG__482,Odysee__1000416,PA
2021-08-27,Node_30ed85c2,Node_5e66cdb3,TG,Odysee,TG__482,Odysee__1000237,PA
2023-06-05,Node_30ed85c2,Node_30ed85c2,TG,Odysee,TG__482,Odysee__1000416,PA
2021-08-17,Node_30ed85c2,Node_30ed85c2,TG,Odysee,TG__482,Odysee__1000416,PA
2021-07-26,Node_30ed85c2,Node_30ed85c2,TG,Odysee,TG__482,Odysee__1000416,PA
2022-03-11,Node_30ed85c2,Node_5e66cdb3,TG,Odysee,TG__482,Odysee__1000237,PA
2021-11-19,Node_30ed85c2,Node_854b86cc,TG,Odysee,TG__482,Odysee__1000424,PA
2021-07-26,Node_30ed85c2,Node_30ed85c2,TG,Odysee,TG__482,Odysee__1000416,PA
2023-09-20,Node_30ed85c2,Node_30ed85c2,TG,Odysee,TG__482,Odysee__1000416,PA
2021-11-05,Node_30ed85c2,Node_5e66cdb3,TG,Odysee,TG__482,Odysee__1000237,PA
2021-10-12,Node_30ed85c2,Node_30ed85c2,TG,Odysee,TG__482,Odysee__1000416,PA
2023-01-02,Node_30ed85c2,Node_30ed85c2,TG,Odysee,TG__482,Odysee__1000416,PA
2023-11-16,Node_30ed85c2,Node_5e66cdb3,TG,Odysee,TG__482,Odysee__1000237,PA
2022-12-30,Node_30ed85c2,Node_5e66cdb3,TG,Odysee,TG__482,Odysee__1000237,PA
2021-06-30,Node_30ed85c2,Node_5e66cdb3,TG,Odysee,TG__482,Odysee__1000237,PA
2021-04-07,Node_30ed85c2,Node_5e66cdb3,TG,Odysee,TG__482,Odysee__1000237,PA
2021-08-03,Node_30ed85c2,Node_30ed85c2,TG,Odysee,TG__482,Odysee__1000416,PA
2023-01-19,Node_30ed85c2,Node_5e66cdb3,TG,Odysee,TG__482,Odysee__1000237,PA
2023-08-11,Node_30ed85c2,Node_854b86cc,TG,Odysee,TG__482,Odysee__1000424,PA
2022-04-11,Node_30ed85c2,Node_30ed85c2,TG,Odysee,TG__482,Odysee__1000416,PA
2022-03-06,Node_30ed85c2,Node_5e66cdb3,TG,Odysee,TG__482,Odysee__1000237,PA
2022-03-13,Node_30ed85c2,Node_c3f68a2c,TG,Odysee,TG__482,Odysee__1000798,PA
2021-07-19,Node_30ed85c2,Node_30ed85c2,TG,Odysee,TG__482,Odysee__1000416,PA
2021-07-28,Node_30ed85c2,Node_5e66cdb3,TG,Odysee,TG__482,Odysee__1000237,PA
2021-10-20,Node_30ed85c2,Node_5e66cdb3,TG,Odysee,TG__482,Odysee__1000237,PA
2022-01-17,Node_30ed85c2,Node_30ed85c2,TG,Odysee,TG__482,Odysee__1000416,PA
2023-05-16,Node_30ed85c2,Node_30ed85c2,TG,Odysee,TG__482,Odysee__1000416,PA
2021-07-27,Node_30ed85c2,Node_30ed85c2,TG,Odysee,TG__482,Odysee__1000416,PA
2021-11-16,Node_30ed85c2,Node_30ed85c2,TG,Odysee,TG__482,Odysee__1000416,PA
2022-10-10,Node_30ed85c2,Node_30ed85c2,TG,Odysee,TG__482,Odysee__1000416,PA
2022-01-28,Node_30ed85c2,Node_5e66cdb3,TG,Odysee,TG__482,Odysee__1000237,PA
2022-06-26,Node_30ed85c2,Node_5e66cdb3,TG,Odysee,TG__482,Odysee__1000237,PA
2023-08-15,Node_30ed85c2,Node_854b86cc,TG,Odysee,TG__482,Odysee__1000424,PA
2022-02-07,Node_30ed85c2,Node_30ed85c2,TG,Odysee,TG__482,Odysee__1000416,PA
2022-02-13,Node_30ed85c2,Node_5e66cdb3,TG,Odysee,TG__482,Odysee__1000237,PA
2022-12-18,Node_30ed85c2,Node_5e66cdb3,TG,Odysee,TG__482,Odysee__1000237,PA
2023-01-23,Node_30ed85c2,Node_30ed85c2,TG,Odysee,TG__482,Odysee__1000416,PA
2023-10-16,Node_30ed85c2,Node_30ed85c2,TG,Odysee,TG__482,Odysee__1000416,PA
2022-03-23,Node_30ed85c2,Node_5e66cdb3,TG,Odysee,TG__482,Odysee__1000237,PA
2021-04-08,Node_30ed85c2,Node_854b86cc,TG,Odysee,TG__482,Odysee__1000424,PA
2021-11-26,Node_30ed85c2,Node_5e66cdb3,TG,Odysee,TG__482,Odysee__1000237,PA
2022-03-07,Node_30ed85c2,Node_30ed85c2,TG,Odysee,TG__482,Odysee__1000416,PA
2023-02-17,Node_30ed85c2,Node_30ed85c2,TG,Odysee,TG__482,Odysee__1000416,PA
2023-01-09,Node_30ed85c2,Node_30ed85c2,TG,Odysee,TG__482,Odysee__1000416,PA
2023-05-29,Node_30ed85c2,Node_30ed85c2,TG,Odysee,TG__482,Odysee__1000416,PA
2020-03-22,Node_f47a648a,Node_30ed85c2,TG,Bitchute,TG__74,Bitchute__1000138,
2020-03-30,Node_f47a648a,Node_30ed85c2,TG,Bitchute,TG__74,Bitchute__1000138,
2020-03-13,Node_f47a648a,Node_5e66cdb3,TG,Bitchute,TG__74,Bitchute__29,
2020-03-20,Node_f47a648a,Node_5e66cdb3,TG,Bitchute,TG__74,Bitchute__29,
2020-03-21,Node_f47a648a,Node_5e66cdb3,TG,Bitchute,TG__74,Bitchute__29,
2020-03-26,Node_f47a648a,Node_5e66cdb3,TG,Bitchute,TG__74,Bitchute__29,
2020-03-28,Node_f47a648a,Node_5e66cdb3,TG,Bitchute,TG__74,Bitchute__29,
2020-04-02,Node_f47a648a,Node_5e66cdb3,TG,Bitchute,TG__74,Bitchute__29,
2021-01-22,Node_639d7cdb,Node_5e66cdb3,Rumble,Bitchute,Rumble__7,Bitchute__29,
2020-11-22,Node_fdfb68ac,Node_5e66cdb3,TG,TG,TG__199,TG__500,
2020-11-22,Node_f47a648a,Node_5e66cdb3,TG,TG,TG__74,TG__500,
2024-07-02,Node_5e66cdb3,Node_5e66cdb3,Bitchute,Bitchute,Bitchute__29,Bitchute__29,PA
2024-07-12,Node_5e66cdb3,Node_30ed85c2,Bitchute,Bitchute,Bitchute__29,Bitchute__1000138,PA
2024-05-31,Node_5e66cdb3,Node_30ed85c2,Bitchute,Bitchute,Bitchute__29,Bitchute__1000138,PA
2023-06-18,Node_30ed85c2,Node_4330ae55,TG,TG,TG__482,TG__1004167,PA
2021-09-07,Node_30ed85c2,Node_30ed85c2,TG,TG,TG__482,TG__482,PA
2020-12-29,Node_30ed85c2,Node_5e66cdb3,TG,TG,TG__482,TG__500,PA
2023-07-30,Node_30ed85c2,Node_79604ecf,TG,TG,TG__482,TG__1006402,PA
2022-04-19,Node_30ed85c2,Node_e3f8b349,TG,TG,TG__482,TG__1001782,PA
2023-08-15,Node_30ed85c2,Node_e3e7ab35,TG,TG,TG__482,TG__313,PA
2022-02-14,Node_30ed85c2,Node_79604ecf,TG,TG,TG__482,TG__1006402,PA
2023-09-08,Node_30ed85c2,Node_5e66cdb3,TG,TG,TG__482,TG__500,PA
2023-03-30,Node_30ed85c2,Node_21345e53,TG,TG,TG__482,TG__1001447,PA
2023-06-23,Node_30ed85c2,Node_73980c34,TG,TG,TG__482,TG__1006403,PA
2020-11-10,Node_30ed85c2,Node_5e66cdb3,TG,TG,TG__482,TG__500,PA
2022-02-07,Node_30ed85c2,Node_5e66cdb3,TG,TG,TG__482,TG__500,PA
2023-08-28,Node_30ed85c2,Node_e3e7ab35,TG,TG,TG__482,TG__313,PA
2023-03-08,Node_30ed85c2,Node_5e66cdb3,TG,TG,TG__482,TG__500,PA
2023-01-06,Node_30ed85c2,Node_88904165,TG,TG,TG__482,TG__1001790,PA
2023-07-24,Node_30ed85c2,Node_79604ecf,TG,TG,TG__482,TG__1006402,PA
2022-04-10,Node_30ed85c2,Node_5e66cdb3,TG,TG,TG__482,TG__500,PA
2021-06-04,Node_30ed85c2,Node_5e66cdb3,TG,Bitchute,TG__482,Bitchute__29,PA
2021-01-22,Node_30ed85c2,Node_5e66cdb3,TG,Bitchute,TG__482,Bitchute__29,PA
2020-01-26,Node_30ed85c2,Node_30ed85c2,TG,Bitchute,TG__482,Bitchute__1000138,PA
2019-11-16,Node_f47a648a,Node_5e66cdb3,TG,Bitchute,TG__74,Bitchute__29,
2021-11-19,Node_30ed85c2,Node_5e66cdb3,TG,Bitchute,TG__482,Bitchute__29,PA
2021-01-20,Node_30ed85c2,Node_30ed85c2,TG,Bitchute,TG__482,Bitchute__1000138,PA
2023-11-10,Node_30ed85c2,Node_5e66cdb3,TG,Bitchute,TG__482,Bitchute__29,PA
2021-03-28,Node_30ed85c2,Node_30ed85c2,TG,Bitchute,TG__482,Bitchute__1000138,PA
2023-06-16,Node_30ed85c2,Node_5e66cdb3,TG,Bitchute,TG__482,Bitchute__29,PA
2021-03-12,Node_30ed85c2,Node_5e66cdb3,TG,Bitchute,TG__482,Bitchute__29,PA
2022-03-11,Node_30ed85c2,Node_5e66cdb3,TG,Bitchute,TG__482,Bitchute__29,PA
2020-04-05,Node_f47a648a,Node_30ed85c2,TG,Bitchute,TG__74,Bitchute__1000138,
2020-06-19,Node_f47a648a,Node_5e66cdb3,TG,Bitchute,TG__74,Bitchute__29,
2023-10-13,Node_5e66cdb3,Node_5e66cdb3,Bitchute,Bitchute,Bitchute__29,Bitchute__29,PA
2023-08-25,Node_71e7b6e0,Node_5e66cdb3,Bitchute,Bitchute,Bitchute__31,Bitchute__29,
2020-02-16,Node_30ed85c2,Node_30ed85c2,TG,Bitchute,TG__482,Bitchute__1000138,PA
2023-10-20,Node_5e66cdb3,Node_5e66cdb3,Bitchute,Bitchute,Bitchute__29,Bitchute__29,PA
2020-10-25,Node_30ed85c2,Node_30ed85c2,TG,Bitchute,TG__482,Bitchute__1000138,PA
2021-03-06,Node_d873e540,Node_5e66cdb3,TG,Bitchute,TG__157,Bitchute__29,
2021-10-05,Node_30ed85c2,Node_30ed85c2,TG,Odysee,TG__482,Odysee__1000416,PA
2021-08-28,Node_30ed85c2,Node_854b86cc,TG,Odysee,TG__482,Odysee__1000424,PA
2022-01-06,Node_30ed85c2,Node_5e66cdb3,TG,Odysee,TG__482,Odysee__1000237,PA
2021-05-12,Node_30ed85c2,Node_5e66cdb3,TG,Odysee,TG__482,Odysee__1000237,PA
2021-09-18,Node_30ed85c2,Node_854b86cc,TG,Odysee,TG__482,Odysee__1000424,PA
2021-09-28,Node_30ed85c2,Node_30ed85c2,TG,Odysee,TG__482,Odysee__1000416,PA
2021-06-25,Node_30ed85c2,Node_5e66cdb3,TG,Odysee,TG__482,Odysee__1000237,PA
2023-06-02,Node_30ed85c2,Node_5e66cdb3,TG,Odysee,TG__482,Odysee__1000237,PA
2023-06-19,Node_30ed85c2,Node_30ed85c2,TG,Odysee,TG__482,Odysee__1000416,PA
2021-07-14,Node_30ed85c2,Node_5e66cdb3,TG,Odysee,TG__482,Odysee__1000237,PA
2022-03-29,Node_30ed85c2,Node_30ed85c2,TG,Odysee,TG__482,Odysee__1000416,PA
2023-11-24,Node_5e66cdb3,Node_5e66cdb3,Bitchute,Odysee,Bitchute__29,Odysee__1000237,PA
2021-11-29,Node_30ed85c2,Node_30ed85c2,TG,Odysee,TG__482,Odysee__1000416,PA
2022-01-10,Node_30ed85c2,Node_30ed85c2,TG,Odysee,TG__482,Odysee__1000416,PA
2021-11-17,Node_30ed85c2,Node_5e66cdb3,TG,Odysee,TG__482,Odysee__1000237,PA
2023-07-03,Node_30ed85c2,Node_30ed85c2,TG,Odysee,TG__482,Odysee__1000416,PA
2023-07-21,Node_30ed85c2,Node_854b86cc,TG,Odysee,TG__482,Odysee__1000424,PA
2022-05-16,Node_30ed85c2,Node_30ed85c2,TG,Odysee,TG__482,Odysee__1000416,PA
2021-08-31,Node_30ed85c2,Node_30ed85c2,TG,Odysee,TG__482,Odysee__1000416,PA
2021-08-25,Node_30ed85c2,Node_30ed85c2,TG,Odysee,TG__482,Odysee__1000416,PA
2021-08-18,Node_30ed85c2,Node_5e66cdb3,TG,Odysee,TG__482,Odysee__1000237,PA
2022-02-21,Node_30ed85c2,Node_30ed85c2,TG,Odysee,TG__482,Odysee__1000416,PA
2022-04-25,Node_30ed85c2,Node_30ed85c2,TG,Odysee,TG__482,Odysee__1000416,PA
2021-09-22,Node_30ed85c2,Node_5e66cdb3,TG,Odysee,TG__482,Odysee__1000237,PA
2023-09-21,Node_30ed85c2,Node_30ed85c2,TG,Odysee,TG__482,Odysee__1000416,PA
2023-02-06,Node_30ed85c2,Node_30ed85c2,TG,Odysee,TG__482,Odysee__1000416,PA
2023-01-16,Node_30ed85c2,Node_854b86cc,TG,Odysee,TG__482,Odysee__1000424,PA
2021-11-03,Node_30ed85c2,Node_5e66cdb3,TG,Odysee,TG__482,Odysee__1000237,PA
2022-10-17,Node_30ed85c2,Node_30ed85c2,TG,Odysee,TG__482,Odysee__1000416,PA
2021-08-09,Node_30ed85c2,Node_30ed85c2,TG,Odysee,TG__482,Odysee__1000416,PA
2023-05-03,Node_30ed85c2,Node_5e66cdb3,TG,Odysee,TG__482,Odysee__1000237,PA
2022-10-31,Node_30ed85c2,Node_30ed85c2,TG,Odysee,TG__482,Odysee__1000416,PA
2021-11-15,Node_30ed85c2,Node_30ed85c2,TG,Odysee,TG__482,Odysee__1000416,PA
2021-11-28,Node_30ed85c2,Node_30ed85c2,TG,Odysee,TG__482,Odysee__1000416,PA
2021-05-11,Node_e13fa598,Node_5e66cdb3,TG,Odysee,TG__154,Odysee__1000237,
2023-05-05,Node_30ed85c2,Node_5e66cdb3,TG,Odysee,TG__482,Odysee__1000237,PA
2022-01-12,Node_30ed85c2,Node_5e66cdb3,TG,Odysee,TG__482,Odysee__1000237,PA
2022-02-14,Node_30ed85c2,Node_30ed85c2,TG,Odysee,TG__482,Odysee__1000416,PA
2021-07-19,Node_30ed85c2,Node_30ed85c2,TG,Odysee,TG__482,Odysee__1000416,PA
2023-03-27,Node_30ed85c2,Node_30ed85c2,TG,Odysee,TG__482,Odysee__1000416,PA
2021-07-16,Node_30ed85c2,Node_854b86cc,TG,Odysee,TG__482,Odysee__1000424,PA
2021-08-02,Node_30ed85c2,Node_30ed85c2,TG,Odysee,TG__482,Odysee__1000416,PA
2021-08-29,Node_30ed85c2,Node_5e66cdb3,TG,Odysee,TG__482,Odysee__1000237,PA
2022-05-15,Node_30ed85c2,Node_5e66cdb3,TG,Odysee,TG__482,Odysee__1000237,PA
2022-10-07,Node_30ed85c2,Node_5e66cdb3,TG,Odysee,TG__482,Odysee__1000237,PA
2021-11-19,Node_30ed85c2,Node_5e66cdb3,TG,Odysee,TG__482,Odysee__1000237,PA
2021-10-18,Node_30ed85c2,Node_30ed85c2,TG,Odysee,TG__482,Odysee__1000416,PA
2022-03-25,Node_30ed85c2,Node_5e66cdb3,TG,Odysee,TG__482,Odysee__1000237,PA
2021-10-27,Node_30ed85c2,Node_5e66cdb3,TG,Odysee,TG__482,Odysee__1000237,PA
2022-05-09,Node_30ed85c2,Node_30ed85c2,TG,Odysee,TG__482,Odysee__1000416,PA
2022-02-27,Node_30ed85c2,Node_5e66cdb3,TG,Odysee,TG__482,Odysee__1000237,PA
2021-07-07,Node_30ed85c2,Node_5e66cdb3,TG,Odysee,TG__482,Odysee__1000237,PA
2023-08-15,Node_30ed85c2,Node_854b86cc,TG,Odysee,TG__482,Odysee__1000424,PA
2021-12-08,Node_30ed85c2,Node_5e66cdb3,TG,Odysee,TG__482,Odysee__1000237,PA
2023-03-13,Node_30ed85c2,Node_30ed85c2,TG,Odysee,TG__482,Odysee__1000416,PA
2021-12-22,Node_30ed85c2,Node_5e66cdb3,TG,Odysee,TG__482,Odysee__1000237,PA
2023-11-10,Node_30ed85c2,Node_5e66cdb3,TG,Odysee,TG__482,Odysee__1000237,PA
2021-03-28,Node_30ed85c2,Node_30ed85c2,TG,Odysee,TG__482,Odysee__1000416,PA
2023-12-29,Node_30ed85c2,Node_5e66cdb3,TG,Odysee,TG__482,Odysee__1000237,PA
2023-07-27,Node_30ed85c2,Node_30ed85c2,TG,Odysee,TG__482,Odysee__1000416,PA
2023-10-18,Node_30ed85c2,Node_854b86cc,TG,Odysee,TG__482,Odysee__1000424,PA
2023-03-12,Node_30ed85c2,Node_5e66cdb3,TG,Odysee,TG__482,Odysee__1000237,PA
2022-10-24,Node_30ed85c2,Node_30ed85c2,TG,Odysee,TG__482,Odysee__1000416,PA
2023-11-21,Node_30ed85c2,Node_30ed85c2,TG,Odysee,TG__482,Odysee__1000416,PA
2021-11-07,Node_30ed85c2,Node_30ed85c2,TG,Odysee,TG__482,Odysee__1000416,PA
2021-10-03,Node_30ed85c2,Node_5e66cdb3,TG,Odysee,TG__482,Odysee__1000237,PA
2022-04-20,Node_30ed85c2,Node_5e66cdb3,TG,Odysee,TG__482,Odysee__1000237,PA
2022-12-22,Node_30ed85c2,Node_5e66cdb3,TG,Odysee,TG__482,Odysee__1000237,PA
2021-10-25,Node_30ed85c2,Node_30ed85c2,TG,Odysee,TG__482,Odysee__1000416,PA
2021-08-16,Node_30ed85c2,Node_30ed85c2,TG,Odysee,TG__482,Odysee__1000416,PA
2022-03-11,Node_30ed85c2,Node_854b86cc,TG,Odysee,TG__482,Odysee__1000424,PA
2023-02-01,Node_30ed85c2,Node_5e66cdb3,TG,Odysee,TG__482,Odysee__1000237,PA
2023-06-02,Node_30ed85c2,Node_5e66cdb3,TG,Odysee,TG__482,Odysee__1000237,PA
2023-05-15,Node_30ed85c2,Node_30ed85c2,TG,Odysee,TG__482,Odysee__1000416,PA
2021-04-11,Node_30ed85c2,Node_5e66cdb3,TG,Odysee,TG__482,Odysee__1000237,PA
2022-03-30,Node_30ed85c2,Node_5e66cdb3,TG,Odysee,TG__482,Odysee__1000237,PA
2021-05-16,Node_30ed85c2,Node_5e66cdb3,TG,Odysee,TG__482,Odysee__1000237,PA
2023-03-20,Node_30ed85c2,Node_30ed85c2,TG,Odysee,TG__482,Odysee__1000416,PA
2021-12-13,Node_30ed85c2,Node_30ed85c2,TG,Odysee,TG__482,Odysee__1000416,PA
2021-09-08,Node_1bb45284,Node_5e66cdb3,Gab,Odysee,Gab__113,Odysee__1000237,
2019-12-09,Node_30ed85c2,Node_30ed85c2,TG,Bitchute,TG__482,Bitchute__1000138,PA
2020-05-16,Node_134de7da,Node_5e66cdb3,TG,Bitchute,TG__140,Bitchute__29,
2019-11-03,Node_f47a648a,Node_30ed85c2,TG,Bitchute,TG__74,Bitchute__1000138,
2019-11-22,Node_f47a648a,Node_30ed85c2,TG,Bitchute,TG__74,Bitchute__1000138,
2019-10-31,Node_f47a648a,Node_5e66cdb3,TG,Bitchute,TG__74,Bitchute__29,
2019-10-31,Node_f47a648a,Node_5e66cdb3,TG,Bitchute,TG__74,Bitchute__29,
2019-11-03,Node_f47a648a,Node_5e66cdb3,TG,Bitchute,TG__74,Bitchute__29,
2019-11-08,Node_f47a648a,Node_5e66cdb3,TG,Bitchute,TG__74,Bitchute__29,
2019-11-08,Node_f47a648a,Node_5e66cdb3,TG,Bitchute,TG__74,Bitchute__29,
2019-11-21,Node_f47a648a,Node_5e66cdb3,TG,Bitchute,TG__74,Bitchute__29,
2019-11-23,Node_f47a648a,Node_5e66cdb3,TG,Bitchute,TG__74,Bitchute__29,
2019-11-30,Node_f47a648a,Node_30ed85c2,TG,Bitchute,TG__74,Bitchute__1000138,
2019-12-09,Node_f47a648a,Node_30ed85c2,TG,Bitchute,TG__74,Bitchute__1000138,
2019-12-11,Node_f47a648a,Node_30ed85c2,TG,Bitchute,TG__74,Bitchute__1000138,
2019-12-11,Node_f47a648a,Node_30ed85c2,TG,Bitchute,TG__74,Bitchute__1000138,
2021-03-28,Node_4e2156a9,Node_5e66cdb3,Bitchute,Bitchute,Bitchute__152,Bitchute__29,
2021-09-27,Node_ce6b0977,Node_5e66cdb3,Bitchute,Bitchute,Bitchute__50,Bitchute__29,
2021-03-10,Node_134de7da,Node_e3f8b349,TG,TG,TG__140,TG__1001782,
2024-12-13,Node_30ed85c2,Node_5e66cdb3,TG,Odysee,TG__482,Odysee__1000237,PA
2024-02-03,Node_30ed85c2,Node_e3e7ab35,TG,TG,TG__482,TG__313,PA
2020-01-18,Node_f47a648a,Node_5e66cdb3,TG,Bitchute,TG__74,Bitchute__29,
2020-01-27,Node_f47a648a,Node_5e66cdb3,TG,Bitchute,TG__74,Bitchute__29,
2020-01-27,Node_f47a648a,Node_5e66cdb3,TG,Bitchute,TG__74,Bitchute__29,
2020-01-29,Node_f47a648a,Node_5e66cdb3,TG,Bitchute,TG__74,Bitchute__29,
2020-02-01,Node_f47a648a,Node_5e66cdb3,TG,Bitchute,TG__74,Bitchute__29,
2020-02-06,Node_f47a648a,Node_5e66cdb3,TG,Bitchute,TG__74,Bitchute__29,
2020-02-20,Node_f47a648a,Node_5e66cdb3,TG,Bitchute,TG__74,Bitchute__29,
2020-02-28,Node_f47a648a,Node_5e66cdb3,TG,Bitchute,TG__74,Bitchute__29,
2020-03-05,Node_f47a648a,Node_5e66cdb3,TG,Bitchute,TG__74,Bitchute__29,
2020-04-03,Node_f47a648a,Node_5e66cdb3,TG,Bitchute,TG__74,Bitchute__29,
2020-04-10,Node_f47a648a,Node_5e66cdb3,TG,Bitchute,TG__74,Bitchute__29,
2020-04-23,Node_f47a648a,Node_5e66cdb3,TG,Bitchute,TG__74,Bitchute__29,
2020-05-01,Node_f47a648a,Node_5e66cdb3,TG,Bitchute,TG__74,Bitchute__29,
2020-05-02,Node_f47a648a,Node_5e66cdb3,TG,Bitchute,TG__74,Bitchute__29,
2020-05-31,Node_f47a648a,Node_5e66cdb3,TG,Bitchute,TG__74,Bitchute__29,
2020-06-12,Node_f47a648a,Node_5e66cdb3,TG,Bitchute,TG__74,Bitchute__29,
2021-07-05,Node_30ed85c2,Node_30ed85c2,TG,Odysee,TG__482,Odysee__1000416,PA
2021-06-15,Node_d873e540,Node_5e66cdb3,TG,Odysee,TG__157,Odysee__1000237,
2021-08-07,Node_fbdb92a8,Node_5e66cdb3,Twitter,Odysee,Twitter__3,Odysee__1000237,
2024-02-08,Node_30ed85c2,Node_5e66cdb3,TG,TG,TG__482,TG__500,PA
2024-02-22,Node_30ed85c2,Node_5e66cdb3,TG,TG,TG__482,TG__500,PA
2024-04-12,Node_30ed85c2,Node_5e66cdb3,TG,TG,TG__482,TG__500,PA
2024-02-05,Node_30ed85c2,Node_5e66cdb3,TG,TG,TG__482,TG__500,PA
2024-03-03,Node_30ed85c2,Node_e3e7ab35,TG,TG,TG__482,TG__313,PA
2024-06-09,Node_30ed85c2,Node_e3e7ab35,TG,TG,TG__482,TG__313,PA
2024-05-31,Node_5e66cdb3,Node_30ed85c2,Bitchute,TG,Bitchute__29,TG__482,PA
2024-02-25,Node_30ed85c2,Node_5e66cdb3,TG,TG,TG__482,TG__500,PA
2024-02-16,Node_30ed85c2,Node_5e66cdb3,TG,TG,TG__482,TG__500,PA
2024-04-14,Node_30ed85c2,Node_e3e7ab35,TG,TG,TG__482,TG__313,PA
2024-09-27,Node_5e66cdb3,Node_30ed85c2,Bitchute,Odysee,Bitchute__29,Odysee__1000416,PA
2024-09-27,Node_30ed85c2,Node_5e66cdb3,TG,Odysee,TG__482,Odysee__1000237,PA
2024-08-23,Node_5e66cdb3,Node_5e66cdb3,Bitchute,Odysee,Bitchute__29,Odysee__1000237,PA
2024-09-27,Node_5e66cdb3,Node_30ed85c2,Bitchute,TG,Bitchute__29,TG__482,PA
2024-09-27,Node_5e66cdb3,Node_30ed85c2,Bitchute,Bitchute,Bitchute__29,Bitchute__1000138,PA
2022-10-16,Node_30ed85c2,Node_5e66cdb3,TG,TG,TG__482,TG__500,PA
2022-03-10,Node_30ed85c2,Node_5e66cdb3,TG,TG,TG__482,TG__500,PA
2022-03-18,Node_30ed85c2,Node_e3e7ab35,TG,TG,TG__482,TG__313,PA
2022-04-03,Node_30ed85c2,Node_e3e7ab35,TG,TG,TG__482,TG__313,PA
2022-04-12,Node_30ed85c2,Node_5e66cdb3,TG,TG,TG__482,TG__500,PA
2022-04-13,Node_30ed85c2,Node_5e66cdb3,TG,TG,TG__482,TG__500,PA
2022-05-01,Node_30ed85c2,Node_c3f68a2c,TG,TG,TG__482,TG__1001709,PA
2022-05-01,Node_30ed85c2,Node_5e66cdb3,TG,TG,TG__482,TG__500,PA
2022-05-02,Node_30ed85c2,Node_88904165,TG,TG,TG__482,TG__1001790,PA
2022-05-07,Node_30ed85c2,Node_c3f68a2c,TG,TG,TG__482,TG__1001709,PA
2022-05-08,Node_30ed85c2,Node_30ed85c2,TG,TG,TG__482,TG__482,PA
2022-05-10,Node_30ed85c2,Node_30ed85c2,TG,TG,TG__482,TG__482,PA
2022-05-11,Node_30ed85c2,Node_5e66cdb3,TG,TG,TG__482,TG__500,PA
2022-05-20,Node_30ed85c2,Node_e3e7ab35,TG,TG,TG__482,TG__313,PA
2022-05-23,Node_30ed85c2,Node_5e66cdb3,TG,TG,TG__482,TG__500,PA
2022-05-27,Node_30ed85c2,Node_5e66cdb3,TG,TG,TG__482,TG__500,PA
2022-06-22,Node_30ed85c2,Node_c3f68a2c,TG,TG,TG__482,TG__1001709,PA
2022-10-02,Node_30ed85c2,Node_e3f8b349,TG,TG,TG__482,TG__1001782,PA
2022-10-03,Node_30ed85c2,Node_e3f8b349,TG,TG,TG__482,TG__1001782,PA
2022-10-05,Node_30ed85c2,Node_e3f8b349,TG,TG,TG__482,TG__1001782,PA
2022-10-10,Node_30ed85c2,Node_e3f8b349,TG,TG,TG__482,TG__1001782,PA
2022-10-11,Node_30ed85c2,Node_e3f8b349,TG,TG,TG__482,TG__1001782,PA
2022-11-24,Node_f4b2b357,Node_5e66cdb3,TG,TG,TG__502,TG__500,
2022-12-17,Node_30ed85c2,Node_30ed85c2,TG,TG,TG__482,TG__482,PA
2022-12-20,Node_30ed85c2,Node_5f6045ac,TG,TG,TG__482,TG__1001787,PA
2022-12-23,Node_30ed85c2,Node_5e66cdb3,TG,TG,TG__482,TG__500,PA
2022-11-02,Node_ce6b0977,Node_5e66cdb3,Bitchute,Bitchute,Bitchute__50,Bitchute__29,
2022-11-03,Node_ce6b0977,Node_5e66cdb3,Bitchute,Bitchute,Bitchute__50,Bitchute__29,
2022-08-19,Node_5e66cdb3,Node_5e66cdb3,Bitchute,Bitchute,Bitchute__29,Bitchute__29,PA
2022-08-19,Node_5e66cdb3,Node_5e66cdb3,Bitchute,Bitchute,Bitchute__29,Bitchute__29,PA
2021-01-24,Node_30ed85c2,Node_30ed85c2,TG,Bitchute,TG__482,Bitchute__1000138,PA
2020-03-22,Node_30ed85c2,Node_30ed85c2,TG,Bitchute,TG__482,Bitchute__1000138,PA
2020-05-04,Node_30ed85c2,Node_30ed85c2,TG,Bitchute,TG__482,Bitchute__1000138,PA
2020-06-23,Node_30ed85c2,Node_30ed85c2,TG,Bitchute,TG__482,Bitchute__1000138,PA
2020-07-05,Node_30ed85c2,Node_30ed85c2,TG,Bitchute,TG__482,Bitchute__1000138,PA
2020-08-11,Node_30ed85c2,Node_30ed85c2,TG,Bitchute,TG__482,Bitchute__1000138,PA
2020-09-06,Node_30ed85c2,Node_30ed85c2,TG,Bitchute,TG__482,Bitchute__1000138,PA
2020-09-13,Node_30ed85c2,Node_30ed85c2,TG,Bitchute,TG__482,Bitchute__1000138,PA
2020-05-14,Node_30ed85c2,Node_5e66cdb3,TG,Bitchute,TG__482,Bitchute__29,PA
2021-12-31,Node_30ed85c2,Node_5e66cdb3,TG,TG,TG__482,TG__500,PA
2021-05-29,Node_30ed85c2,Node_5e66cdb3,TG,TG,TG__482,TG__500,PA
2021-06-23,Node_30ed85c2,Node_5e66cdb3,TG,TG,TG__482,TG__500,PA
2021-07-05,Node_30ed85c2,Node_e3e7ab35,TG,TG,TG__482,TG__313,PA
2021-07-12,Node_30ed85c2,Node_5e66cdb3,TG,TG,TG__482,TG__500,PA
2021-07-14,Node_30ed85c2,Node_e3e7ab35,TG,TG,TG__482,TG__313,PA
2021-07-25,Node_30ed85c2,Node_5e66cdb3,TG,TG,TG__482,TG__500,PA
2021-08-03,Node_30ed85c2,Node_5e66cdb3,TG,TG,TG__482,TG__500,PA
2021-08-09,Node_30ed85c2,Node_e3e7ab35,TG,TG,TG__482,TG__313,PA
2021-08-15,Node_30ed85c2,Node_5e66cdb3,TG,TG,TG__482,TG__500,PA
2021-09-22,Node_30ed85c2,Node_5e66cdb3,TG,TG,TG__482,TG__500,PA
2020-08-28,Node_30ed85c2,Node_30ed85c2,TG,TG,TG__482,TG__482,PA
2021-04-26,Node_30ed85c2,Node_30ed85c2,TG,TG,TG__482,TG__482,PA
2021-05-28,Node_30ed85c2,Node_5e66cdb3,TG,TG,TG__482,TG__500,PA
2021-06-13,Node_30ed85c2,Node_5e66cdb3,TG,TG,TG__482,TG__500,PA
2021-07-04,Node_30ed85c2,Node_5e66cdb3,TG,TG,TG__482,TG__500,PA
2021-07-05,Node_30ed85c2,Node_5e66cdb3,TG,TG,TG__482,TG__500,PA
2021-08-09,Node_30ed85c2,Node_e3e7ab35,TG,TG,TG__482,TG__313,PA
2021-08-18,Node_30ed85c2,Node_5e66cdb3,TG,TG,TG__482,TG__500,PA
2021-08-20,Node_30ed85c2,Node_5e66cdb3,TG,TG,TG__482,TG__500,PA
2021-09-15,Node_30ed85c2,Node_5e66cdb3,TG,TG,TG__482,TG__500,PA
2021-10-22,Node_30ed85c2,Node_5e66cdb3,TG,TG,TG__482,TG__500,PA
2021-11-19,Node_30ed85c2,Node_30ed85c2,TG,TG,TG__482,TG__482,PA
2022-01-16,Node_30ed85c2,Node_5e66cdb3,TG,TG,TG__482,TG__500,PA
2022-01-16,Node_30ed85c2,Node_5e66cdb3,TG,TG,TG__482,TG__500,PA
2020-03-18,Node_e13fa598,Node_5e66cdb3,TG,TG,TG__154,TG__500,
2023-02-01,Node_30ed85c2,Node_e3f8b349,TG,TG,TG__482,TG__1001782,PA
2023-08-09,Node_30ed85c2,Node_e3e7ab35,TG,TG,TG__482,TG__313,PA
2023-08-08,Node_30ed85c2,Node_5e66cdb3,TG,TG,TG__482,TG__500,PA
2023-05-29,Node_30ed85c2,Node_30ed85c2,TG,TG,TG__482,TG__482,PA
2023-01-20,Node_30ed85c2,Node_e3f8b349,TG,TG,TG__482,TG__1001782,PA
2021-06-05,Node_30ed85c2,Node_c3f68a2c,TG,TG,TG__482,TG__1001709,PA
2021-02-16,Node_30ed85c2,Node_5e66cdb3,TG,TG,TG__482,TG__500,PA
2023-04-09,Node_30ed85c2,Node_79604ecf,TG,TG,TG__482,TG__1006402,PA
2023-07-25,Node_30ed85c2,Node_73980c34,TG,TG,TG__482,TG__1006403,PA
2022-04-03,Node_30ed85c2,Node_73980c34,TG,TG,TG__482,TG__1006403,PA
2023-02-04,Node_30ed85c2,Node_30ed85c2,TG,TG,TG__482,TG__482,PA
2023-08-27,Node_30ed85c2,Node_e3e7ab35,TG,TG,TG__482,TG__313,PA
2023-03-31,Node_30ed85c2,Node_e3e7ab35,TG,TG,TG__482,TG__313,PA
2023-05-27,Node_30ed85c2,Node_5e66cdb3,TG,TG,TG__482,TG__500,PA
2021-09-30,Node_30ed85c2,Node_88904165,TG,TG,TG__482,TG__1001790,PA
2022-01-23,Node_30ed85c2,Node_30ed85c2,TG,TG,TG__482,TG__482,PA
2023-11-07,Node_30ed85c2,Node_5e66cdb3,TG,TG,TG__482,TG__500,PA
2021-01-11,Node_30ed85c2,Node_5e66cdb3,TG,TG,TG__482,TG__500,PA
2022-10-06,Node_30ed85c2,Node_e3f8b349,TG,TG,TG__482,TG__1001782,PA
2021-08-03,Node_f47a648a,Node_d79a0f32,TG,TG,TG__74,TG__1008789,
2023-04-29,Node_5e66cdb3,Node_5e66cdb3,Bitchute,Bitchute,Bitchute__29,Bitchute__29,PA
2021-07-16,Node_30ed85c2,Node_30ed85c2,TG,Bitchute,TG__482,Bitchute__1000138,PA
2020-09-04,Node_1d7d58c1,Node_5e66cdb3,TG,Bitchute,TG__277,Bitchute__29,
2023-08-25,Node_71e7b6e0,Node_5e66cdb3,Bitchute,Bitchute,Bitchute__31,Bitchute__29,
2021-04-01,Node_30ed85c2,Node_5e66cdb3,TG,Bitchute,TG__482,Bitchute__29,PA
2020-09-20,Node_30ed85c2,Node_30ed85c2,TG,Bitchute,TG__482,Bitchute__1000138,PA
2023-12-02,Node_5e66cdb3,Node_5e66cdb3,Bitchute,Bitchute,Bitchute__29,Bitchute__29,PA
2021-11-12,Node_30ed85c2,Node_5e66cdb3,TG,Bitchute,TG__482,Bitchute__29,PA
2020-06-08,Node_30ed85c2,Node_30ed85c2,TG,Bitchute,TG__482,Bitchute__1000138,PA
2023-10-15,Node_30ed85c2,Node_5e66cdb3,TG,Bitchute,TG__482,Bitchute__29,PA
2019-12-20,Node_30ed85c2,Node_30ed85c2,TG,Bitchute,TG__482,Bitchute__1000138,PA
2023-07-30,Node_5e66cdb3,Node_5e66cdb3,Bitchute,Bitchute,Bitchute__29,Bitchute__29,PA
2020-09-04,Node_f4b2b357,Node_5e66cdb3,TG,Bitchute,TG__502,Bitchute__29,
2021-03-18,Node_30ed85c2,Node_5e66cdb3,TG,Odysee,TG__482,Odysee__1000237,PA
2023-04-26,Node_30ed85c2,Node_854b86cc,TG,Odysee,TG__482,Odysee__1000424,PA
2021-12-01,Node_30ed85c2,Node_5e66cdb3,TG,Odysee,TG__482,Odysee__1000237,PA
2023-02-27,Node_30ed85c2,Node_30ed85c2,TG,Odysee,TG__482,Odysee__1000416,PA
2022-06-12,Node_30ed85c2,Node_5e66cdb3,TG,Odysee,TG__482,Odysee__1000237,PA
2022-03-16,Node_30ed85c2,Node_5e66cdb3,TG,Odysee,TG__482,Odysee__1000237,PA
2023-12-10,Node_30ed85c2,Node_5e66cdb3,TG,Odysee,TG__482,Odysee__1000237,PA
2021-11-22,Node_30ed85c2,Node_30ed85c2,TG,Odysee,TG__482,Odysee__1000416,PA
2021-05-05,Node_30ed85c2,Node_5e66cdb3,TG,Odysee,TG__482,Odysee__1000237,PA
2021-10-13,Node_30ed85c2,Node_5e66cdb3,TG,Odysee,TG__482,Odysee__1000237,PA
2022-12-19,Node_30ed85c2,Node_30ed85c2,TG,Odysee,TG__482,Odysee__1000416,PA
2021-04-30,Node_30ed85c2,Node_5e66cdb3,TG,Odysee,TG__482,Odysee__1000237,PA
2021-09-12,Node_30ed85c2,Node_5e66cdb3,TG,Odysee,TG__482,Odysee__1000237,PA
2023-02-13,Node_30ed85c2,Node_30ed85c2,TG,Odysee,TG__482,Odysee__1000416,PA
2023-09-18,Node_30ed85c2,Node_30ed85c2,TG,Odysee,TG__482,Odysee__1000416,PA
2021-12-03,Node_30ed85c2,Node_5e66cdb3,TG,Odysee,TG__482,Odysee__1000237,PA
2023-09-04,Node_30ed85c2,Node_30ed85c2,TG,Odysee,TG__482,Odysee__1000416,PA
2021-06-16,Node_30ed85c2,Node_5e66cdb3,TG,Odysee,TG__482,Odysee__1000237,PA
2022-04-06,Node_30ed85c2,Node_5e66cdb3,TG,Odysee,TG__482,Odysee__1000237,PA
2023-10-04,Node_30ed85c2,Node_5e66cdb3,TG,Odysee,TG__482,Odysee__1000237,PA
2022-05-19,Node_30ed85c2,Node_30ed85c2,TG,Odysee,TG__482,Odysee__1000416,PA
2023-02-20,Node_30ed85c2,Node_30ed85c2,TG,Odysee,TG__482,Odysee__1000416,PA
2022-05-30,Node_30ed85c2,Node_30ed85c2,TG,Odysee,TG__482,Odysee__1000416,PA
2023-04-27,Node_30ed85c2,Node_30ed85c2,TG,Odysee,TG__482,Odysee__1000416,PA
2022-03-14,Node_30ed85c2,Node_30ed85c2,TG,Odysee,TG__482,Odysee__1000416,PA
2021-11-12,Node_30ed85c2,Node_5e66cdb3,TG,Odysee,TG__482,Odysee__1000237,PA
2023-01-17,Node_30ed85c2,Node_30ed85c2,TG,Odysee,TG__482,Odysee__1000416,PA
2023-11-03,Node_30ed85c2,Node_5e66cdb3,TG,Odysee,TG__482,Odysee__1000237,PA
2023-10-02,Node_30ed85c2,Node_30ed85c2,TG,Odysee,TG__482,Odysee__1000416,PA
2023-08-09,Node_30ed85c2,Node_5e66cdb3,TG,Odysee,TG__482,Odysee__1000237,PA
2023-04-03,Node_30ed85c2,Node_30ed85c2,TG,Odysee,TG__482,Odysee__1000416,PA
2022-02-25,Node_30ed85c2,Node_5e66cdb3,TG,Odysee,TG__482,Odysee__1000237,PA
2023-07-05,Node_30ed85c2,Node_5e66cdb3,TG,Odysee,TG__482,Odysee__1000237,PA
2023-10-15,Node_30ed85c2,Node_5e66cdb3,TG,Odysee,TG__482,Odysee__1000237,PA
2021-12-06,Node_30ed85c2,Node_30ed85c2,TG,Odysee,TG__482,Odysee__1000416,PA
2022-12-10,Node_30ed85c2,Node_854b86cc,TG,Odysee,TG__482,Odysee__1000424,PA
2021-12-14,Node_30ed85c2,Node_30ed85c2,TG,Odysee,TG__482,Odysee__1000416,PA
2021-06-25,Node_30ed85c2,Node_5e66cdb3,TG,Odysee,TG__482,Odysee__1000237,PA
2023-06-10,Node_30ed85c2,Node_30ed85c2,TG,Odysee,TG__482,Odysee__1000416,PA
2021-12-29,Node_30ed85c2,Node_5e66cdb3,TG,Odysee,TG__482,Odysee__1000237,PA
2022-01-31,Node_30ed85c2,Node_30ed85c2,TG,Odysee,TG__482,Odysee__1000416,PA
2021-09-21,Node_30ed85c2,Node_30ed85c2,TG,Odysee,TG__482,Odysee__1000416,PA
2021-09-20,Node_30ed85c2,Node_30ed85c2,TG,Odysee,TG__482,Odysee__1000416,PA
2022-07-05,Node_30ed85c2,Node_c3f68a2c,TG,Odysee,TG__482,Odysee__1000798,PA
2023-07-07,Node_30ed85c2,Node_5e66cdb3,TG,Odysee,TG__482,Odysee__1000237,PA
2023-06-14,Node_30ed85c2,Node_5e66cdb3,TG,Odysee,TG__482,Odysee__1000237,PA
2022-04-04,Node_30ed85c2,Node_30ed85c2,TG,Odysee,TG__482,Odysee__1000416,PA
2021-10-15,Node_30ed85c2,Node_5e66cdb3,TG,Odysee,TG__482,Odysee__1000237,PA
2021-12-12,Node_30ed85c2,Node_5e66cdb3,TG,Odysee,TG__482,Odysee__1000237,PA
2022-06-27,Node_30ed85c2,Node_30ed85c2,TG,Odysee,TG__482,Odysee__1000416,PA
2023-08-14,Node_30ed85c2,Node_30ed85c2,TG,Odysee,TG__482,Odysee__1000416,PA
2023-04-21,Node_30ed85c2,Node_5e66cdb3,TG,Odysee,TG__482,Odysee__1000237,PA
2021-08-02,Node_30ed85c2,Node_30ed85c2,TG,Odysee,TG__482,Odysee__1000416,PA
2023-04-16,Node_30ed85c2,Node_5e66cdb3,TG,Odysee,TG__482,Odysee__1000237,PA
2023-08-11,Node_30ed85c2,Node_5e66cdb3,TG,Odysee,TG__482,Odysee__1000237,PA
2021-12-24,Node_30ed85c2,Node_854b86cc,TG,Odysee,TG__482,Odysee__1000424,PA
2023-10-09,Node_30ed85c2,Node_30ed85c2,TG,Odysee,TG__482,Odysee__1000416,PA
2022-03-12,Node_30ed85c2,Node_854b86cc,TG,Odysee,TG__482,Odysee__1000424,PA
2021-08-25,Node_30ed85c2,Node_5e66cdb3,TG,Odysee,TG__482,Odysee__1000237,PA
2023-10-11,Node_30ed85c2,Node_5e66cdb3,TG,Odysee,TG__482,Odysee__1000237,PA
2022-03-09,Node_30ed85c2,Node_854b86cc,TG,Odysee,TG__482,Odysee__1000424,PA
2021-07-12,Node_30ed85c2,Node_5e66cdb3,TG,Odysee,TG__482,Odysee__1000237,PA
2021-05-30,Node_30ed85c2,Node_5e66cdb3,TG,Odysee,TG__482,Odysee__1000237,PA
2021-07-21,Node_30ed85c2,Node_5e66cdb3,TG,Odysee,TG__482,Odysee__1000237,PA
2021-08-04,Node_30ed85c2,Node_5e66cdb3,TG,Odysee,TG__482,Odysee__1000237,PA
2021-05-19,Node_30ed85c2,Node_5e66cdb3,TG,Odysee,TG__482,Odysee__1000237,PA
2021-11-02,Node_30ed85c2,Node_30ed85c2,TG,Odysee,TG__482,Odysee__1000416,PA
2023-10-09,Node_30ed85c2,Node_30ed85c2,TG,Odysee,TG__482,Odysee__1000416,PA
2023-06-03,Node_30ed85c2,Node_5e66cdb3,TG,Odysee,TG__482,Odysee__1000237,PA
2022-05-10,Node_30ed85c2,Node_5e66cdb3,TG,Odysee,TG__482,Odysee__1000237,PA
2023-11-15,Node_30ed85c2,Node_5e66cdb3,TG,Odysee,TG__482,Odysee__1000237,PA
2023-11-03,Node_30ed85c2,Node_5e66cdb3,TG,Odysee,TG__482,Odysee__1000237,PA
2022-03-10,Node_30ed85c2,Node_854b86cc,TG,Odysee,TG__482,Odysee__1000424,PA
2021-10-10,Node_30ed85c2,Node_5e66cdb3,TG,Odysee,TG__482,Odysee__1000237,PA
2023-08-07,Node_30ed85c2,Node_30ed85c2,TG,Odysee,TG__482,Odysee__1000416,PA
2021-06-01,Node_d873e540,Node_5e66cdb3,TG,Odysee,TG__157,Odysee__1000237,
2020-02-21,Node_30ed85c2,Node_30ed85c2,TG,Bitchute,TG__482,Bitchute__1000138,PA
2020-03-16,Node_30ed85c2,Node_30ed85c2,TG,Bitchute,TG__482,Bitchute__1000138,PA
2020-05-17,Node_30ed85c2,Node_30ed85c2,TG,Bitchute,TG__482,Bitchute__1000138,PA
2020-07-12,Node_30ed85c2,Node_30ed85c2,TG,Bitchute,TG__482,Bitchute__1000138,PA
2020-07-26,Node_30ed85c2,Node_30ed85c2,TG,Bitchute,TG__482,Bitchute__1000138,PA
2020-08-16,Node_30ed85c2,Node_30ed85c2,TG,Bitchute,TG__482,Bitchute__1000138,PA
2020-08-24,Node_30ed85c2,Node_30ed85c2,TG,Bitchute,TG__482,Bitchute__1000138,PA
2021-08-09,Node_e13fa598,Node_5e66cdb3,TG,Bitchute,TG__154,Bitchute__29,
2021-11-06,Node_30ed85c2,Node_e3f8b349,TG,TG,TG__482,TG__1001782,PA
2022-01-14,Node_30ed85c2,Node_ea45b86f,TG,TG,TG__482,TG__1004281,PA
2022-01-16,Node_30ed85c2,Node_21345e53,TG,TG,TG__482,TG__1001447,PA
2021-05-16,Node_30ed85c2,Node_4330ae55,TG,TG,TG__482,TG__1004167,PA
2021-06-20,Node_30ed85c2,Node_4330ae55,TG,TG,TG__482,TG__1004167,PA
2021-06-25,Node_30ed85c2,Node_21345e53,TG,TG,TG__482,TG__1001447,PA
2021-07-02,Node_30ed85c2,Node_e3f8b349,TG,TG,TG__482,TG__1001782,PA
2021-07-24,Node_30ed85c2,Node_c3f68a2c,TG,TG,TG__482,TG__1001709,PA
2021-08-05,Node_30ed85c2,Node_e3f8b349,TG,TG,TG__482,TG__1001782,PA
2021-08-07,Node_30ed85c2,Node_21345e53,TG,TG,TG__482,TG__1001447,PA
2021-08-22,Node_30ed85c2,Node_c3f68a2c,TG,TG,TG__482,TG__1001709,PA
2021-08-24,Node_30ed85c2,Node_21345e53,TG,TG,TG__482,TG__1001447,PA
2021-09-01,Node_30ed85c2,Node_e3f8b349,TG,TG,TG__482,TG__1001782,PA
2021-09-10,Node_30ed85c2,Node_e3f8b349,TG,TG,TG__482,TG__1001782,PA
2021-09-30,Node_30ed85c2,Node_5f6045ac,TG,TG,TG__482,TG__1001787,PA
2021-10-04,Node_30ed85c2,Node_88904165,TG,TG,TG__482,TG__1001790,PA
2021-10-13,Node_30ed85c2,Node_21345e53,TG,TG,TG__482,TG__1001447,PA
2021-08-04,Node_30ed85c2,Node_e3f8b349,TG,TG,TG__482,TG__1001782,PA
2021-08-18,Node_30ed85c2,Node_e3f8b349,TG,TG,TG__482,TG__1001782,PA
2021-08-19,Node_134de7da,Node_c3f68a2c,TG,TG,TG__140,TG__1001709,
2021-08-19,Node_f47a648a,Node_c3f68a2c,TG,TG,TG__74,TG__1001709,
2021-09-19,Node_30ed85c2,Node_21345e53,TG,TG,TG__482,TG__1001447,PA
2024-11-14,Node_30ed85c2,Node_e3e7ab35,TG,TG,TG__482,TG__313,PA
2024-07-12,Node_5e66cdb3,Node_30ed85c2,Bitchute,Odysee,Bitchute__29,Odysee__1000416,PA
2024-07-19,Node_5e66cdb3,Node_5e66cdb3,Bitchute,Odysee,Bitchute__29,Odysee__1000237,PA
2024-07-12,Node_30ed85c2,Node_5e66cdb3,TG,Odysee,TG__482,Odysee__1000237,PA
2024-07-14,Node_30ed85c2,Node_5e66cdb3,TG,TG,TG__482,TG__500,PA
2023-05-28,Node_30ed85c2,Node_4330ae55,TG,TG,TG__482,TG__1004167,PA
2023-08-13,Node_30ed85c2,Node_e3e7ab35,TG,TG,TG__482,TG__313,PA
2023-01-18,Node_30ed85c2,Node_88904165,TG,TG,TG__482,TG__1001790,PA
2021-08-03,Node_f47a648a,Node_d79a0f32,TG,TG,TG__74,TG__1008789,
2023-07-24,Node_30ed85c2,Node_73980c34,TG,TG,TG__482,TG__1006403,PA
2023-03-19,Node_30ed85c2,Node_79604ecf,TG,TG,TG__482,TG__1006402,PA
2020-04-18,Node_e13fa598,Node_5e66cdb3,TG,TG,TG__154,TG__500,
2023-01-09,Node_30ed85c2,Node_5e66cdb3,TG,TG,TG__482,TG__500,PA
2023-06-28,Node_30ed85c2,Node_5e66cdb3,TG,TG,TG__482,TG__500,PA
2023-11-11,Node_30ed85c2,Node_5e66cdb3,TG,TG,TG__482,TG__500,PA
2023-02-14,Node_30ed85c2,Node_e3f8b349,TG,TG,TG__482,TG__1001782,PA
2023-11-07,Node_30ed85c2,Node_e3e7ab35,TG,TG,TG__482,TG__313,PA
2023-05-01,Node_30ed85c2,Node_4330ae55,TG,TG,TG__482,TG__1004167,PA
2021-06-06,Node_e13fa598,Node_c3f68a2c,TG,TG,TG__154,TG__1001709,
2022-02-15,Node_30ed85c2,Node_e3e7ab35,TG,TG,TG__482,TG__313,PA
2023-03-28,Node_30ed85c2,Node_5e66cdb3,TG,TG,TG__482,TG__500,PA
2021-09-18,Node_30ed85c2,Node_e3e7ab35,TG,TG,TG__482,TG__313,PA
2020-04-27,Node_f47a648a,Node_e3e7ab35,TG,TG,TG__74,TG__313,
2023-05-02,Node_30ed85c2,Node_79604ecf,TG,TG,TG__482,TG__1006402,PA
2022-04-17,Node_30ed85c2,Node_30ed85c2,TG,TG,TG__482,TG__482,PA
2020-05-10,Node_30ed85c2,Node_30ed85c2,TG,Bitchute,TG__482,Bitchute__1000138,PA
2021-10-29,Node_30ed85c2,Node_5e66cdb3,TG,Bitchute,TG__482,Bitchute__29,PA
2021-04-02,Node_30ed85c2,Node_5e66cdb3,TG,Bitchute,TG__482,Bitchute__29,PA
2021-06-25,Node_30ed85c2,Node_5e66cdb3,TG,Bitchute,TG__482,Bitchute__29,PA
2023-08-25,Node_71e7b6e0,Node_5e66cdb3,Bitchute,Bitchute,Bitchute__31,Bitchute__29,
2020-05-31,Node_30ed85c2,Node_30ed85c2,TG,Bitchute,TG__482,Bitchute__1000138,PA
2023-07-13,Node_5e66cdb3,Node_5e66cdb3,Bitchute,Bitchute,Bitchute__29,Bitchute__29,PA
2023-08-18,Node_4e2156a9,Node_5e66cdb3,Bitchute,Bitchute,Bitchute__152,Bitchute__29,
2020-07-31,Node_30ed85c2,Node_5e66cdb3,TG,Bitchute,TG__482,Bitchute__29,PA
2023-09-30,Node_5e66cdb3,Node_5e66cdb3,Bitchute,Bitchute,Bitchute__29,Bitchute__29,PA
2023-10-27,Node_5e66cdb3,Node_5e66cdb3,Bitchute,Bitchute,Bitchute__29,Bitchute__29,PA
2023-12-08,Node_5e66cdb3,Node_5e66cdb3,Bitchute,Bitchute,Bitchute__29,Bitchute__29,PA
2020-03-01,Node_30ed85c2,Node_30ed85c2,TG,Bitchute,TG__482,Bitchute__1000138,PA
2021-10-15,Node_30ed85c2,Node_5e66cdb3,TG,Bitchute,TG__482,Bitchute__29,PA
2023-04-21,Node_30ed85c2,Node_5e66cdb3,TG,Bitchute,TG__482,Bitchute__29,PA
2020-10-16,Node_16536946,Node_5e66cdb3,TG,Bitchute,TG__190,Bitchute__29,
2023-08-11,Node_30ed85c2,Node_5e66cdb3,TG,Bitchute,TG__482,Bitchute__29,PA
2023-08-25,Node_71e7b6e0,Node_5e66cdb3,Bitchute,Bitchute,Bitchute__31,Bitchute__29,
2021-06-11,Node_30ed85c2,Node_5e66cdb3,TG,Bitchute,TG__482,Bitchute__29,PA
2021-03-05,Node_30ed85c2,Node_5e66cdb3,TG,Bitchute,TG__482,Bitchute__29,PA
2021-06-21,Node_d873e540,Node_5e66cdb3,TG,Bitchute,TG__157,Bitchute__29,
2021-06-15,Node_d873e540,Node_5e66cdb3,TG,Odysee,TG__157,Odysee__1000237,
2021-03-26,Node_d873e540,Node_5e66cdb3,TG,Odysee,TG__157,Odysee__1000237,
2022-03-09,Node_30ed85c2,Node_30ed85c2,TG,Odysee,TG__482,Odysee__1000416,PA
2023-04-24,Node_30ed85c2,Node_30ed85c2,TG,Odysee,TG__482,Odysee__1000416,PA
2022-12-12,Node_30ed85c2,Node_30ed85c2,TG,Odysee,TG__482,Odysee__1000416,PA
2022-10-03,Node_30ed85c2,Node_30ed85c2,TG,Odysee,TG__482,Odysee__1000416,PA
2023-03-03,Node_30ed85c2,Node_5e66cdb3,TG,Odysee,TG__482,Odysee__1000237,PA
2022-03-28,Node_30ed85c2,Node_30ed85c2,TG,Odysee,TG__482,Odysee__1000416,PA
2023-07-24,Node_30ed85c2,Node_30ed85c2,TG,Odysee,TG__482,Odysee__1000416,PA
2021-07-18,Node_30ed85c2,Node_30ed85c2,TG,Odysee,TG__482,Odysee__1000416,PA
2023-10-16,Node_30ed85c2,Node_30ed85c2,TG,Odysee,TG__482,Odysee__1000416,PA
2023-02-20,Node_30ed85c2,Node_5e66cdb3,TG,Odysee,TG__482,Odysee__1000237,PA
2022-02-18,Node_30ed85c2,Node_5e66cdb3,TG,Odysee,TG__482,Odysee__1000237,PA
2023-01-03,Node_30ed85c2,Node_30ed85c2,TG,Odysee,TG__482,Odysee__1000416,PA
2023-08-28,Node_30ed85c2,Node_30ed85c2,TG,Odysee,TG__482,Odysee__1000416,PA
2022-07-04,Node_30ed85c2,Node_30ed85c2,TG,Odysee,TG__482,Odysee__1000416,PA
2021-05-25,Node_d873e540,Node_5e66cdb3,TG,Odysee,TG__157,Odysee__1000237,
2021-11-29,Node_30ed85c2,Node_30ed85c2,TG,Odysee,TG__482,Odysee__1000416,PA
2021-10-29,Node_30ed85c2,Node_5e66cdb3,TG,Odysee,TG__482,Odysee__1000237,PA
2020-10-16,Node_16536946,Node_854b86cc,TG,Wikipedia,TG__190,Wikipedia__1013365,
2020-10-16,Node_30ed85c2,Node_854b86cc,TG,Wikipedia,TG__482,Wikipedia__1013365,PA
2024-03-07,Node_5e66cdb3,Node_5e66cdb3,Bitchute,Odysee,Bitchute__29,Odysee__1000237,PA
2024-02-09,Node_30ed85c2,Node_5e66cdb3,TG,Odysee,TG__482,Odysee__1000237,PA
2024-03-07,Node_30ed85c2,Node_5e66cdb3,TG,Odysee,TG__482,Odysee__1000237,PA
2024-03-07,Node_5e66cdb3,Node_5e66cdb3,Bitchute,Odysee,Bitchute__29,Odysee__1000237,PA
2024-06-12,Node_30ed85c2,Node_5e66cdb3,TG,Odysee,TG__482,Odysee__1000237,PA
2024-06-21,Node_30ed85c2,Node_5e66cdb3,TG,Odysee,TG__482,Odysee__1000237,PA
2024-05-31,Node_5e66cdb3,Node_30ed85c2,Bitchute,Odysee,Bitchute__29,Odysee__1000416,PA
2024-03-01,Node_30ed85c2,Node_5e66cdb3,TG,Odysee,TG__482,Odysee__1000237,PA
2024-04-05,Node_30ed85c2,Node_5e66cdb3,TG,Odysee,TG__482,Odysee__1000237,PA
2024-02-15,Node_30ed85c2,Node_30ed85c2,TG,Odysee,TG__482,Odysee__1000416,PA
2024-03-02,Node_73605f45,Node_30ed85c2,Gab,Odysee,Gab__33,Odysee__1000416,
2022-03-27,Node_30ed85c2,Node_5e66cdb3,TG,Odysee,TG__482,Odysee__1000237,PA
2022-05-02,Node_30ed85c2,Node_30ed85c2,TG,Odysee,TG__482,Odysee__1000416,PA
2022-05-04,Node_30ed85c2,Node_5e66cdb3,TG,Odysee,TG__482,Odysee__1000237,PA
2022-05-09,Node_30ed85c2,Node_30ed85c2,TG,Odysee,TG__482,Odysee__1000416,PA
2022-05-13,Node_30ed85c2,Node_5e66cdb3,TG,Odysee,TG__482,Odysee__1000237,PA
2022-05-18,Node_30ed85c2,Node_5e66cdb3,TG,Odysee,TG__482,Odysee__1000237,PA
2022-06-15,Node_30ed85c2,Node_5e66cdb3,TG,Odysee,TG__482,Odysee__1000237,PA
2022-06-29,Node_30ed85c2,Node_5e66cdb3,TG,Odysee,TG__482,Odysee__1000237,PA
2019-09-24,Node_43732c9d,Node_5e66cdb3,TG,Bitchute,TG__280,Bitchute__29,
2020-11-10,Node_d873e540,Node_5e66cdb3,TG,Bitchute,TG__157,Bitchute__29,
2021-01-01,Node_fdfb68ac,Node_5e66cdb3,TG,Bitchute,TG__199,Bitchute__29,
2020-12-04,Node_f47a648a,Node_5e66cdb3,TG,Bitchute,TG__74,Bitchute__29,
2021-01-01,Node_f47a648a,Node_5e66cdb3,TG,Bitchute,TG__74,Bitchute__29,
2021-01-01,Node_16ac7c31,Node_5e66cdb3,TG,Bitchute,TG__123,Bitchute__29,
2020-03-29,Node_7899ba5d,Node_5e66cdb3,YouTube,Bitchute,YouTube__60,Bitchute__29,
2020-12-20,Node_16d25abf,Node_5e66cdb3,TG,TG,TG__98,TG__500,
2021-01-28,Node_d3e1a926,Node_5e66cdb3,TG,TG,TG__27,TG__500,
2020-11-22,Node_f384aa40,Node_5e66cdb3,TG,TG,TG__222,TG__500,
2019-10-24,Node_d496eec0,Node_30ed85c2,Gab,Bitchute,Gab__18,Bitchute__1000138,
2022-12-23,Node_0c4ae790,Node_5e66cdb3,Gab,Odysee,Gab__95,Odysee__1000237,
2020-05-28,Node_6d8ae659,Node_5e66cdb3,Bitchute,Bitchute,Bitchute__110,Bitchute__29,
2024-06-28,Node_8d54b147,Node_5e66cdb3,TG,Bitchute,TG__21,Bitchute__29,
2020-08-12,Node_477db670,Node_5e66cdb3,TG,TG,TG__64,TG__500,
2021-08-03,Node_665af973,Node_d79a0f32,TG,TG,TG__122,TG__1008789,
2020-07-17,Node_776147a1,Node_5e66cdb3,TG,Bitchute,TG__278,Bitchute__29,
2021-01-27,Node_8d54b147,Node_5e66cdb3,TG,Bitchute,TG__21,Bitchute__29,
2021-05-22,Node_edf90de8,Node_5e66cdb3,TG,Bitchute,TG__343,Bitchute__29,
2023-05-20,Node_d496eec0,Node_5e66cdb3,Gab,Bitchute,Gab__18,Bitchute__29,
2021-06-02,Node_d3e1a926,Node_5e66cdb3,TG,Odysee,TG__27,Odysee__1000237,
2022-01-15,Node_665af973,Node_ea45b86f,TG,Odysee,TG__122,Odysee__1000503,
2021-05-04,Node_8d54b147,Node_5e66cdb3,TG,Odysee,TG__21,Odysee__1000237,
2021-04-07,Node_8d54b147,Node_5e66cdb3,TG,Odysee,TG__21,Odysee__1000237,
2021-05-09,Node_d3e1a926,Node_5e66cdb3,TG,Odysee,TG__27,Odysee__1000237,
2020-02-20,Node_0110b7c0,Node_5e66cdb3,Gab,Bitchute,Gab__61,Bitchute__29,
2019-08-30,Node_85f0cbc3,Node_5e66cdb3,Gab,Bitchute,Gab__15,Bitchute__29,
2019-11-14,Node_d496eec0,Node_5e66cdb3,Gab,Bitchute,Gab__18,Bitchute__29,
2020-01-07,Node_d496eec0,Node_30ed85c2,Gab,Bitchute,Gab__18,Bitchute__1000138,
2019-09-28,Node_d496eec0,Node_5e66cdb3,Gab,Bitchute,Gab__18,Bitchute__29,
2020-01-02,Node_0110b7c0,Node_5e66cdb3,Gab,Bitchute,Gab__61,Bitchute__29,
2019-11-04,Node_d496eec0,Node_30ed85c2,Gab,Bitchute,Gab__18,Bitchute__1000138,
2019-10-19,Node_d496eec0,Node_5e66cdb3,Gab,Bitchute,Gab__18,Bitchute__29,
2019-12-11,Node_d496eec0,Node_30ed85c2,Gab,Bitchute,Gab__18,Bitchute__1000138,
2019-08-01,Node_85f0cbc3,Node_5e66cdb3,Gab,Bitchute,Gab__15,Bitchute__29,
2020-01-02,Node_d496eec0,Node_5e66cdb3,Gab,Bitchute,Gab__18,Bitchute__29,
2019-10-24,Node_85f0cbc3,Node_30ed85c2,Gab,Bitchute,Gab__15,Bitchute__1000138,
2019-12-21,Node_d496eec0,Node_30ed85c2,Gab,Bitchute,Gab__18,Bitchute__1000138,
2019-12-28,Node_0110b7c0,Node_5e66cdb3,Gab,Bitchute,Gab__61,Bitchute__29,
2019-11-02,Node_85f0cbc3,Node_5e66cdb3,Gab,Bitchute,Gab__15,Bitchute__29,
2019-11-03,Node_d496eec0,Node_30ed85c2,Gab,Bitchute,Gab__18,Bitchute__1000138,
2019-10-31,Node_d496eec0,Node_5e66cdb3,Gab,Bitchute,Gab__18,Bitchute__29,
2020-02-29,Node_85f0cbc3,Node_5e66cdb3,Gab,Bitchute,Gab__15,Bitchute__29,
2020-03-05,Node_85f0cbc3,Node_5e66cdb3,Gab,Bitchute,Gab__15,Bitchute__29,
2020-03-05,Node_0110b7c0,Node_5e66cdb3,Gab,Bitchute,Gab__61,Bitchute__29,
2019-09-08,Node_85f0cbc3,Node_5e66cdb3,Gab,Bitchute,Gab__15,Bitchute__29,
2021-01-23,Node_ab21f2a3,Node_5e66cdb3,Bitchute,Bitchute,Bitchute__26,Bitchute__29,
2021-09-10,Node_d3e1a926,Node_e3f8b349,TG,TG,TG__27,TG__1001782,
2020-11-22,Node_665af973,Node_5e66cdb3,TG,TG,TG__122,TG__500,
2020-11-10,Node_ca0c4f4b,Node_5e66cdb3,Twitter,TG,Twitter__34,TG__500,
2024-07-11,Node_8d54b147,Node_5e66cdb3,TG,TG,TG__21,TG__500,
2019-12-09,Node_16d25abf,Node_5e66cdb3,TG,TG,TG__98,TG__500,
2020-01-25,Node_1204d73d,Node_5e66cdb3,TG,TG,TG__147,TG__500,
2019-11-15,Node_776147a1,Node_5e66cdb3,TG,Bitchute,TG__278,Bitchute__29,
2023-05-19,Node_ab21f2a3,Node_5e66cdb3,Bitchute,Bitchute,Bitchute__26,Bitchute__29,
2023-07-14,Node_ab21f2a3,Node_5e66cdb3,Bitchute,Bitchute,Bitchute__26,Bitchute__29,
2023-07-23,Node_ab21f2a3,Node_5e66cdb3,Bitchute,Bitchute,Bitchute__26,Bitchute__29,
2023-08-22,Node_ab21f2a3,Node_5e66cdb3,Bitchute,Bitchute,Bitchute__26,Bitchute__29,
2023-07-14,Node_8d54b147,Node_5e66cdb3,TG,Bitchute,TG__21,Bitchute__29,
2021-05-14,Node_6fa3afd5,Node_5e66cdb3,Twitter,Bitchute,Twitter__35,Bitchute__29,
2021-04-07,Node_8d54b147,Node_5e66cdb3,TG,Odysee,TG__21,Odysee__1000237,
2021-06-02,Node_d3e1a926,Node_5e66cdb3,TG,Odysee,TG__27,Odysee__1000237,
2022-08-16,Node_ca0c4f4b,Node_854b86cc,Twitter,Odysee,Twitter__34,Odysee__1000424,
2022-08-17,Node_37fadf05,Node_5e66cdb3,TG,Odysee,TG__240,Odysee__1000237,
2021-10-08,Node_87207955,Node_5e66cdb3,Gab,Bitchute,Gab__55,Bitchute__29,
2020-10-29,Node_ab21f2a3,Node_5e66cdb3,Bitchute,Bitchute,Bitchute__26,Bitchute__29,
2019-12-14,Node_7899ba5d,Node_5e66cdb3,YouTube,Bitchute,YouTube__60,Bitchute__29,
2019-11-08,Node_7899ba5d,Node_5e66cdb3,YouTube,Bitchute,YouTube__60,Bitchute__29,
2020-08-03,Node_d496eec0,Node_5f04d110,Gab,Gab,Gab__18,Gab__284,
2020-08-17,Node_0c4ae790,Node_5f04d110,Gab,Gab,Gab__95,Gab__284,
2021-01-26,Node_16d25abf,Node_854b86cc,TG,Gab,TG__98,Gab__1004568,
2023-02-24,Node_d053572b,Node_5e66cdb3,Bitchute,Bitchute,Bitchute__2,Bitchute__29,
2023-07-02,Node_d496eec0,Node_5e66cdb3,Gab,Bitchute,Gab__18,Bitchute__29,
2023-09-02,Node_ab21f2a3,Node_5e66cdb3,Bitchute,Bitchute,Bitchute__26,Bitchute__29,
2020-05-29,Node_ca0c4f4b,Node_5e66cdb3,Twitter,Bitchute,Twitter__34,Bitchute__29,
2021-06-03,Node_d3e1a926,Node_5e66cdb3,TG,Odysee,TG__27,Odysee__1000237,
2020-07-06,Node_85f0cbc3,Node_30ed85c2,Gab,Bitchute,Gab__15,Bitchute__1000138,
2021-06-18,Node_d496eec0,Node_5e66cdb3,Gab,Bitchute,Gab__18,Bitchute__29,
2019-11-27,Node_5a46d36d,Node_30ed85c2,TG,Bitchute,TG__436,Bitchute__1000138,
2021-03-28,Node_d053572b,Node_5e66cdb3,Bitchute,Bitchute,Bitchute__2,Bitchute__29,
2021-06-23,Node_d053572b,Node_5e66cdb3,Bitchute,Bitchute,Bitchute__2,Bitchute__29,
2021-01-23,Node_ab21f2a3,Node_5e66cdb3,Bitchute,Bitchute,Bitchute__26,Bitchute__29,
2021-04-03,Node_ab21f2a3,Node_5e66cdb3,Bitchute,Bitchute,Bitchute__26,Bitchute__29,
2021-01-23,Node_ab21f2a3,Node_5e66cdb3,Bitchute,Bitchute,Bitchute__26,Bitchute__29,
2025-01-09,Node_8d54b147,Node_5e66cdb3,TG,Odysee,TG__21,Odysee__1000237,
2020-05-28,Node_6d8ae659,Node_30ed85c2,Bitchute,TG,Bitchute__110,TG__482,
2020-05-28,Node_6d8ae659,Node_5e66cdb3,Bitchute,TG,Bitchute__110,TG__500,
2020-02-27,Node_0110b7c0,Node_5e66cdb3,Gab,Bitchute,Gab__61,Bitchute__29,
2020-02-27,Node_85f0cbc3,Node_5e66cdb3,Gab,Bitchute,Gab__15,Bitchute__29,
2020-03-05,Node_d496eec0,Node_5e66cdb3,Gab,Bitchute,Gab__18,Bitchute__29,
2020-03-12,Node_85f0cbc3,Node_5e66cdb3,Gab,Bitchute,Gab__15,Bitchute__29,
2020-03-12,Node_d496eec0,Node_5e66cdb3,Gab,Bitchute,Gab__18,Bitchute__29,
2020-03-20,Node_0110b7c0,Node_5e66cdb3,Gab,Bitchute,Gab__61,Bitchute__29,
2019-11-22,Node_85f0cbc3,Node_5e66cdb3,Gab,Bitchute,Gab__15,Bitchute__29,
2021-03-22,Node_edf90de8,Node_5e66cdb3,TG,Bitchute,TG__343,Bitchute__29,
2020-01-27,Node_776147a1,Node_5e66cdb3,TG,Bitchute,TG__278,Bitchute__29,
2021-01-01,Node_f384aa40,Node_5e66cdb3,TG,Bitchute,TG__222,Bitchute__29,
2021-07-09,Node_6d8ae659,Node_5e66cdb3,Bitchute,Bitchute,Bitchute__110,Bitchute__29,
2021-06-23,Node_d053572b,Node_5e66cdb3,Bitchute,Bitchute,Bitchute__2,Bitchute__29,
2019-12-16,Node_7899ba5d,Node_5e66cdb3,YouTube,Bitchute,YouTube__60,Bitchute__29,
2024-06-27,Node_8d54b147,Node_5e66cdb3,TG,TG,TG__21,TG__500,
2024-05-31,Node_8d54b147,Node_5e66cdb3,TG,TG,TG__21,TG__500,
2024-10-13,Node_8d54b147,Node_5e66cdb3,TG,Odysee,TG__21,Odysee__1000237,
2024-09-11,Node_8d54b147,Node_5e66cdb3,TG,Odysee,TG__21,Odysee__1000237,
2024-09-13,Node_8d54b147,Node_5e66cdb3,TG,Odysee,TG__21,Odysee__1000237,
2022-08-26,Node_d496eec0,Node_64a1bf65,Gab,Gab,Gab__18,Gab__1003714,
2022-08-30,Node_d496eec0,Node_64a1bf65,Gab,Gab,Gab__18,Gab__1003714,
2022-08-06,Node_37fadf05,Node_30ed85c2,TG,TG,TG__240,TG__482,
2022-06-22,Node_37fadf05,Node_c3f68a2c,TG,TG,TG__240,TG__1001709,
2019-10-19,Node_85f0cbc3,Node_5e66cdb3,Gab,Bitchute,Gab__15,Bitchute__29,
2020-02-09,Node_0110b7c0,Node_30ed85c2,Gab,Bitchute,Gab__61,Bitchute__1000138,
2019-11-14,Node_85f0cbc3,Node_5e66cdb3,Gab,Bitchute,Gab__15,Bitchute__29,
2020-01-02,Node_85f0cbc3,Node_5e66cdb3,Gab,Bitchute,Gab__15,Bitchute__29,
2019-12-28,Node_85f0cbc3,Node_5e66cdb3,Gab,Bitchute,Gab__15,Bitchute__29,
2020-02-21,Node_85f0cbc3,Node_5e66cdb3,Gab,Bitchute,Gab__15,Bitchute__29,
2019-09-21,Node_85f0cbc3,Node_5e66cdb3,Gab,Bitchute,Gab__15,Bitchute__29,
2019-09-27,Node_85f0cbc3,Node_5e66cdb3,Gab,Bitchute,Gab__15,Bitchute__29,
2020-01-07,Node_0110b7c0,Node_30ed85c2,Gab,Bitchute,Gab__61,Bitchute__1000138,
2020-02-06,Node_0110b7c0,Node_5e66cdb3,Gab,Bitchute,Gab__61,Bitchute__29,
2020-01-07,Node_85f0cbc3,Node_30ed85c2,Gab,Bitchute,Gab__15,Bitchute__1000138,
2019-11-22,Node_85f0cbc3,Node_30ed85c2,Gab,Bitchute,Gab__15,Bitchute__1000138,
2019-12-11,Node_85f0cbc3,Node_30ed85c2,Gab,Bitchute,Gab__15,Bitchute__1000138,
2019-11-03,Node_85f0cbc3,Node_30ed85c2,Gab,Bitchute,Gab__15,Bitchute__1000138,
2020-02-27,Node_d496eec0,Node_5e66cdb3,Gab,Bitchute,Gab__18,Bitchute__29,
2020-05-05,Node_16d25abf,Node_5f04d110,TG,Gab,TG__98,Gab__284,
2021-06-14,Node_d496eec0,Node_5f04d110,Gab,Gab,Gab__18,Gab__284,
2021-02-19,Node_ca0c4f4b,Node_30ed85c2,Twitter,TG,Twitter__34,TG__482,
2021-04-26,Node_477db670,Node_30ed85c2,TG,TG,TG__64,TG__482,
2023-03-23,Node_fecf1c9b,Node_5e66cdb3,Rumble,TG,Rumble__8,TG__500,
2021-08-03,Node_665af973,Node_d79a0f32,TG,TG,TG__122,TG__1008789,
2021-08-05,Node_665af973,Node_d79a0f32,TG,TG,TG__122,TG__1008789,
2020-08-07,Node_776147a1,Node_5e66cdb3,TG,Bitchute,TG__278,Bitchute__29,
2020-07-03,Node_776147a1,Node_5e66cdb3,TG,Bitchute,TG__278,Bitchute__29,
2020-11-20,Node_776147a1,Node_5e66cdb3,TG,Bitchute,TG__278,Bitchute__29,
2020-10-23,Node_776147a1,Node_5e66cdb3,TG,Bitchute,TG__278,Bitchute__29,
2021-01-15,Node_16d25abf,Node_5e66cdb3,TG,Bitchute,TG__98,Bitchute__29,
2023-12-13,Node_8d54b147,Node_5e66cdb3,TG,Odysee,TG__21,Odysee__1000237,
2021-08-13,Node_d3e1a926,Node_5e66cdb3,TG,Odysee,TG__27,Odysee__1000237,
2023-07-14,Node_8d54b147,Node_5e66cdb3,TG,Odysee,TG__21,Odysee__1000237,
2020-06-10,Node_d496eec0,Node_5e66cdb3,Gab,Bitchute,Gab__18,Bitchute__29,
2020-06-12,Node_d496eec0,Node_5e66cdb3,Gab,Bitchute,Gab__18,Bitchute__29,
2020-03-08,Node_85f0cbc3,Node_30ed85c2,Gab,Bitchute,Gab__15,Bitchute__1000138,
2020-03-08,Node_d496eec0,Node_30ed85c2,Gab,Bitchute,Gab__18,Bitchute__1000138,
2020-03-15,Node_85f0cbc3,Node_30ed85c2,Gab,Bitchute,Gab__15,Bitchute__1000138,
2024-07-03,Node_edf90de8,Node_5e66cdb3,TG,TG,TG__343,TG__500,
2024-07-12,Node_8d54b147,Node_5e66cdb3,TG,TG,TG__21,TG__500,
2021-02-05,Node_16d25abf,Node_5e66cdb3,TG,Bitchute,TG__98,Bitchute__29,
2020-05-29,Node_ca0c4f4b,Node_5e66cdb3,Twitter,Bitchute,Twitter__34,Bitchute__29,
2021-01-27,Node_1204d73d,Node_5e66cdb3,TG,Bitchute,TG__147,Bitchute__29,
2021-04-30,Node_1204d73d,Node_5e66cdb3,TG,Odysee,TG__147,Odysee__1000237,
2021-07-25,Node_7588353b,Node_5e66cdb3,Bitchute,Odysee,Bitchute__89,Odysee__1000237,
2021-07-25,Node_7588353b,Node_5e66cdb3,Bitchute,Odysee,Bitchute__89,Odysee__1000237,
2021-07-25,Node_7588353b,Node_5e66cdb3,Bitchute,Odysee,Bitchute__89,Odysee__1000237,
2021-07-25,Node_7588353b,Node_5e66cdb3,Bitchute,Odysee,Bitchute__89,Odysee__1000237,
2024-06-28,Node_8d54b147,Node_5e66cdb3,TG,Odysee,TG__21,Odysee__1000237,
2024-06-21,Node_8d54b147,Node_5e66cdb3,TG,Odysee,TG__21,Odysee__1000237,
2024-06-25,Node_8d54b147,Node_5e66cdb3,TG,Odysee,TG__21,Odysee__1000237,
2022-03-28,Node_0fdd4673,Node_5e66cdb3,TG,Bitchute,TG__444,Bitchute__29,
2022-01-24,Node_a1c30670,Node_5e66cdb3,Gab,Bitchute,Gab__129,Bitchute__29,
2019-11-22,Node_d496eec0,Node_30ed85c2,Gab,Bitchute,Gab__18,Bitchute__1000138,
2019-11-30,Node_85f0cbc3,Node_30ed85c2,Gab,Bitchute,Gab__15,Bitchute__1000138,
2020-02-13,Node_85f0cbc3,Node_5e66cdb3,Gab,Bitchute,Gab__15,Bitchute__29,
2019-12-12,Node_d496eec0,Node_5e66cdb3,Gab,Bitchute,Gab__18,Bitchute__29,
2019-11-02,Node_d496eec0,Node_5e66cdb3,Gab,Bitchute,Gab__18,Bitchute__29,
2019-12-21,Node_0110b7c0,Node_30ed85c2,Gab,Bitchute,Gab__61,Bitchute__1000138,
2019-12-12,Node_85f0cbc3,Node_5e66cdb3,Gab,Bitchute,Gab__15,Bitchute__29,
2020-02-20,Node_85f0cbc3,Node_5e66cdb3,Gab,Bitchute,Gab__15,Bitchute__29,
2019-11-26,Node_d496eec0,Node_30ed85c2,Gab,Bitchute,Gab__18,Bitchute__1000138,
2019-12-21,Node_85f0cbc3,Node_30ed85c2,Gab,Bitchute,Gab__15,Bitchute__1000138,
2019-10-24,Node_d496eec0,Node_5e66cdb3,Gab,Bitchute,Gab__18,Bitchute__29,
2019-10-24,Node_85f0cbc3,Node_5e66cdb3,Gab,Bitchute,Gab__15,Bitchute__29,
2019-09-20,Node_85f0cbc3,Node_5e66cdb3,Gab,Bitchute,Gab__15,Bitchute__29,
2019-12-27,Node_d496eec0,Node_5e66cdb3,Gab,Bitchute,Gab__18,Bitchute__29,
2019-11-30,Node_d496eec0,Node_30ed85c2,Gab,Bitchute,Gab__18,Bitchute__1000138,
2019-10-31,Node_85f0cbc3,Node_5e66cdb3,Gab,Bitchute,Gab__15,Bitchute__29,
2019-08-22,Node_85f0cbc3,Node_5e66cdb3,Gab,Bitchute,Gab__15,Bitchute__29,
2019-11-04,Node_d496eec0,Node_30ed85c2,Gab,Bitchute,Gab__18,Bitchute__1000138,
2022-08-19,Node_37fadf05,Node_5e66cdb3,TG,Odysee,TG__240,Odysee__1000237,
2022-12-23,Node_0c4ae790,Node_5e66cdb3,Gab,Odysee,Gab__95,Odysee__1000237,
2022-09-23,Node_aa4f2902,Node_5e66cdb3,Gab,Odysee,Gab__435,Odysee__1000237,
2022-10-03,Node_aa4f2902,Node_5e66cdb3,Gab,Odysee,Gab__435,Odysee__1000237,
2019-08-31,Node_16d25abf,Node_5e66cdb3,TG,Bitchute,TG__98,Bitchute__29,
2020-01-28,Node_1204d73d,Node_5e66cdb3,TG,Bitchute,TG__147,Bitchute__29,
2020-05-17,Node_776147a1,Node_30ed85c2,TG,Bitchute,TG__278,Bitchute__1000138,
2020-02-10,Node_776147a1,Node_30ed85c2,TG,Bitchute,TG__278,Bitchute__1000138,
2020-02-16,Node_776147a1,Node_30ed85c2,TG,Bitchute,TG__278,Bitchute__1000138,
2020-06-12,Node_776147a1,Node_5e66cdb3,TG,Bitchute,TG__278,Bitchute__29,
2020-03-16,Node_776147a1,Node_30ed85c2,TG,Bitchute,TG__278,Bitchute__1000138,
2020-01-27,Node_f384aa40,Node_5e66cdb3,TG,Bitchute,TG__222,Bitchute__29,
2020-11-21,Node_10e977b0,Node_5e66cdb3,TG,Bitchute,TG__70,Bitchute__29,
2020-11-03,Node_16d25abf,Node_5e66cdb3,TG,Bitchute,TG__98,Bitchute__29,
2020-11-10,Node_16d25abf,Node_5e66cdb3,TG,Bitchute,TG__98,Bitchute__29,
2021-01-01,Node_f384aa40,Node_5e66cdb3,TG,Bitchute,TG__222,Bitchute__29,
2021-01-01,Node_665af973,Node_5e66cdb3,TG,Bitchute,TG__122,Bitchute__29,
2021-07-08,Node_97a99a10,Node_5e66cdb3,Bitchute,Bitchute,Bitchute__101,Bitchute__29,
2021-06-23,Node_f4925d78,Node_5e66cdb3,Bitchute,Bitchute,Bitchute__44,Bitchute__29,
2021-06-19,Node_97a99a10,Node_5e66cdb3,Bitchute,Bitchute,Bitchute__101,Bitchute__29,
2021-06-20,Node_97a99a10,Node_5e66cdb3,Bitchute,Bitchute,Bitchute__101,Bitchute__29,
2021-06-19,Node_97a99a10,Node_5e66cdb3,Bitchute,Bitchute,Bitchute__101,Bitchute__29,
2021-06-19,Node_97a99a10,Node_5e66cdb3,Bitchute,Bitchute,Bitchute__101,Bitchute__29,
2021-03-14,Node_8d6e9892,Node_16eb640b,TG,Gab,TG__404,Gab__1001832,
2021-02-15,Node_9f50e6d3,Node_50ed6c37,Gab,Gab,Gab__10,Gab__1002648,
2021-02-15,Node_9f50e6d3,Node_50ed6c37,Gab,Gab,Gab__10,Gab__1002648,
2021-05-19,Node_9f50e6d3,Node_50ed6c37,Gab,Gab,Gab__10,Gab__1002648,
2021-05-18,Node_9f50e6d3,Node_50ed6c37,Gab,Gab,Gab__10,Gab__1002648,
2021-05-18,Node_9f50e6d3,Node_50ed6c37,Gab,Gab,Gab__10,Gab__1002648,
2021-05-18,Node_9f50e6d3,Node_50ed6c37,Gab,Gab,Gab__10,Gab__1002648,
2021-05-18,Node_9f50e6d3,Node_50ed6c37,Gab,Gab,Gab__10,Gab__1002648,
2021-05-18,Node_9f50e6d3,Node_50ed6c37,Gab,Gab,Gab__10,Gab__1002648,
2021-05-18,Node_9f50e6d3,Node_50ed6c37,Gab,Gab,Gab__10,Gab__1002648,
2021-05-17,Node_9f50e6d3,Node_50ed6c37,Gab,Gab,Gab__10,Gab__1002648,
2021-05-17,Node_9f50e6d3,Node_50ed6c37,Gab,Gab,Gab__10,Gab__1002648,
2021-01-15,Node_47e05a03,Node_0c44367b,TG,TG,TG__300,TG__321,
2020-08-28,Node_e3e7ab35,Node_30ed85c2,TG,TG,TG__313,TG__482,PA
2021-01-25,Node_40e4357e,Node_5e66cdb3,TG,TG,TG__322,TG__500,
2021-07-17,Node_e3e7ab35,Node_854b86cc,TG,YouTube,TG__313,YouTube__1258245,PA
2024-11-17,Node_e3e7ab35,Node_5e66cdb3,TG,Odysee,TG__313,Odysee__1000237,PA
2024-12-20,Node_5e66cdb3,Node_5e66cdb3,TG,Odysee,TG__500,Odysee__1000237,PA
2024-12-13,Node_5e66cdb3,Node_5e66cdb3,TG,Odysee,TG__500,Odysee__1000237,PA
2024-12-06,Node_5e66cdb3,Node_5e66cdb3,TG,Odysee,TG__500,Odysee__1000237,PA
2024-12-18,Node_5e66cdb3,Node_5e66cdb3,TG,Odysee,TG__500,Odysee__1000237,PA
2024-07-26,Node_5e66cdb3,Node_5e66cdb3,TG,Bitchute,TG__500,Bitchute__29,PA
2024-08-09,Node_e3e7ab35,Node_5e66cdb3,TG,Bitchute,TG__313,Bitchute__29,PA
2024-07-05,Node_5e66cdb3,Node_5e66cdb3,TG,Bitchute,TG__500,Bitchute__29,PA
2024-07-19,Node_5e66cdb3,Node_5e66cdb3,TG,Bitchute,TG__500,Bitchute__29,PA
2024-08-02,Node_e3e7ab35,Node_5e66cdb3,TG,Bitchute,TG__313,Bitchute__29,PA
2024-07-26,Node_5e66cdb3,Node_5e66cdb3,TG,Bitchute,TG__500,Bitchute__29,PA
2024-08-02,Node_5e66cdb3,Node_5e66cdb3,TG,Bitchute,TG__500,Bitchute__29,PA
2020-02-13,Node_9f50e6d3,Node_5e66cdb3,Gab,Bitchute,Gab__10,Bitchute__29,
2019-10-24,Node_427d5b30,Node_30ed85c2,Gab,Bitchute,Gab__5,Bitchute__1000138,
2019-08-29,Node_9f50e6d3,Node_5e66cdb3,Gab,Bitchute,Gab__10,Bitchute__29,
2020-02-09,Node_9f50e6d3,Node_30ed85c2,Gab,Bitchute,Gab__10,Bitchute__1000138,
2019-12-11,Node_398faf13,Node_30ed85c2,Gab,Bitchute,Gab__56,Bitchute__1000138,
2019-12-21,Node_427d5b30,Node_30ed85c2,Gab,Bitchute,Gab__5,Bitchute__1000138,
2019-06-06,Node_9f50e6d3,Node_5e66cdb3,Gab,Bitchute,Gab__10,Bitchute__29,
2019-10-31,Node_24915fb5,Node_5e66cdb3,Gab,Bitchute,Gab__20,Bitchute__29,
2022-12-30,Node_5e66cdb3,Node_5e66cdb3,TG,Odysee,TG__500,Odysee__1000237,PA
2022-12-01,Node_e3e7ab35,Node_5e66cdb3,TG,Odysee,TG__313,Odysee__1000237,PA
2024-03-15,Node_5e66cdb3,Node_5e66cdb3,TG,Bitchute,TG__500,Bitchute__29,PA
2022-02-12,Node_e3e7ab35,Node_16eb640b,TG,Gab,TG__313,Gab__1001832,PA
2021-01-26,Node_e3e7ab35,Node_854b86cc,TG,Gab,TG__313,Gab__1004568,PA
2022-02-07,Node_e3e7ab35,Node_73980c34,TG,TG,TG__313,TG__1006403,PA
2023-02-14,Node_6d8ae659,Node_30ed85c2,TG,TG,TG__497,TG__482,
2021-02-12,Node_6d8ae659,Node_e3e7ab35,TG,TG,TG__497,TG__313,
2022-02-14,Node_5e66cdb3,Node_79604ecf,TG,TG,TG__500,TG__1006402,PA
2022-04-17,Node_6d8ae659,Node_30ed85c2,TG,TG,TG__497,TG__482,
2022-04-20,Node_6d8ae659,Node_e3f8b349,TG,TG,TG__497,TG__1001782,
2022-06-13,Node_6d8ae659,Node_c3f68a2c,TG,TG,TG__497,TG__1001709,
2021-11-23,Node_e3e7ab35,Node_ea45b86f,TG,TG,TG__313,TG__1004281,PA
2024-01-07,Node_e3e7ab35,Node_5e66cdb3,TG,TG,TG__313,TG__500,PA
2021-07-17,Node_5e66cdb3,Node_350f41b0,TG,TG,TG__500,TG__1008125,PA
2022-06-12,Node_e3e7ab35,Node_30ed85c2,TG,TG,TG__313,TG__482,PA
2021-01-13,Node_e3e7ab35,Node_5e66cdb3,TG,TG,TG__313,TG__500,PA
2023-08-20,Node_5e66cdb3,Node_5e66cdb3,TG,TG,TG__500,TG__500,PA
2020-12-29,Node_6d8ae659,Node_5e66cdb3,TG,TG,TG__497,TG__500,
2023-07-20,Node_5e66cdb3,Node_30ed85c2,TG,TG,TG__500,TG__482,PA
2023-06-10,Node_9f50e6d3,Node_5e66cdb3,Gab,Bitchute,Gab__10,Bitchute__29,
2020-06-26,Node_5e66cdb3,Node_5e66cdb3,TG,Bitchute,TG__500,Bitchute__29,PA
2022-01-22,Node_e3e7ab35,Node_5e66cdb3,TG,Bitchute,TG__313,Bitchute__29,PA
2023-04-28,Node_e3e7ab35,Node_5e66cdb3,TG,Bitchute,TG__313,Bitchute__29,PA
2020-10-11,Node_5e66cdb3,Node_30ed85c2,TG,Bitchute,TG__500,Bitchute__1000138,PA
2021-12-24,Node_e3e7ab35,Node_5e66cdb3,TG,Bitchute,TG__313,Bitchute__29,PA
2023-08-25,Node_5e66cdb3,Node_5e66cdb3,TG,Bitchute,TG__500,Bitchute__29,PA
2021-03-12,Node_e3e7ab35,Node_5e66cdb3,TG,Bitchute,TG__313,Bitchute__29,PA
2022-03-11,Node_5e66cdb3,Node_5e66cdb3,TG,Bitchute,TG__500,Bitchute__29,PA
2020-11-20,Node_5e66cdb3,Node_5e66cdb3,TG,Bitchute,TG__500,Bitchute__29,PA
2021-07-02,Node_5e66cdb3,Node_5e66cdb3,TG,Bitchute,TG__500,Bitchute__29,PA
2023-06-23,Node_5e66cdb3,Node_5e66cdb3,TG,Bitchute,TG__500,Bitchute__29,PA
2020-09-25,Node_5e66cdb3,Node_5e66cdb3,TG,Bitchute,TG__500,Bitchute__29,PA
2023-10-06,Node_5e66cdb3,Node_5e66cdb3,TG,Bitchute,TG__500,Bitchute__29,PA
2021-03-05,Node_5e66cdb3,Node_5e66cdb3,TG,Bitchute,TG__500,Bitchute__29,PA
2021-08-20,Node_e3e7ab35,Node_5e66cdb3,TG,Bitchute,TG__313,Bitchute__29,PA
2020-09-25,Node_e3e7ab35,Node_5e66cdb3,TG,Bitchute,TG__313,Bitchute__29,PA
2023-03-25,Node_5e66cdb3,Node_5e66cdb3,TG,Bitchute,TG__500,Bitchute__29,PA
2023-06-09,Node_9f50e6d3,Node_5e66cdb3,Gab,Bitchute,Gab__10,Bitchute__29,
2023-04-21,Node_5e66cdb3,Node_5e66cdb3,TG,Bitchute,TG__500,Bitchute__29,PA
2023-03-31,Node_5e66cdb3,Node_5e66cdb3,TG,Bitchute,TG__500,Bitchute__29,PA
2023-10-27,Node_5e66cdb3,Node_5e66cdb3,TG,Bitchute,TG__500,Bitchute__29,PA
2023-12-08,Node_5e66cdb3,Node_5e66cdb3,TG,Bitchute,TG__500,Bitchute__29,PA
2021-08-12,Node_e3e7ab35,Node_5e66cdb3,TG,Bitchute,TG__313,Bitchute__29,PA
2022-05-20,Node_5e66cdb3,Node_5e66cdb3,TG,Bitchute,TG__500,Bitchute__29,PA
2023-08-11,Node_5e66cdb3,Node_5e66cdb3,TG,Bitchute,TG__500,Bitchute__29,PA
2023-09-29,Node_5e66cdb3,Node_5e66cdb3,TG,Bitchute,TG__500,Bitchute__29,PA
2023-12-29,Node_5e66cdb3,Node_5e66cdb3,TG,Bitchute,TG__500,Bitchute__29,PA
2023-11-17,Node_5e66cdb3,Node_5e66cdb3,TG,Bitchute,TG__500,Bitchute__29,PA
2023-03-24,Node_69d2eea8,Node_5e66cdb3,Gab,Bitchute,Gab__97,Bitchute__29,
2021-09-17,Node_e3e7ab35,Node_5e66cdb3,TG,Bitchute,TG__313,Bitchute__29,PA
2022-12-16,Node_e3e7ab35,Node_5e66cdb3,TG,Bitchute,TG__313,Bitchute__29,PA
2023-04-21,Node_5e66cdb3,Node_5e66cdb3,TG,Bitchute,TG__500,Bitchute__29,PA
2023-10-20,Node_5e66cdb3,Node_5e66cdb3,TG,Bitchute,TG__500,Bitchute__29,PA
2021-10-15,Node_5e66cdb3,Node_5e66cdb3,TG,Bitchute,TG__500,Bitchute__29,PA
2022-01-07,Node_5e66cdb3,Node_5e66cdb3,TG,Bitchute,TG__500,Bitchute__29,PA
2023-06-02,Node_5e66cdb3,Node_5e66cdb3,TG,Bitchute,TG__500,Bitchute__29,PA
2023-11-03,Node_5e66cdb3,Node_5e66cdb3,TG,Bitchute,TG__500,Bitchute__29,PA
2023-01-06,Node_5e66cdb3,Node_5e66cdb3,TG,Bitchute,TG__500,Bitchute__29,PA
2023-12-22,Node_5e66cdb3,Node_5e66cdb3,TG,Bitchute,TG__500,Bitchute__29,PA
2023-07-13,Node_5e66cdb3,Node_5e66cdb3,TG,Bitchute,TG__500,Bitchute__29,PA
2021-07-09,Node_5e66cdb3,Node_5e66cdb3,TG,Bitchute,TG__500,Bitchute__29,PA
2022-11-18,Node_5e66cdb3,Node_5e66cdb3,TG,Bitchute,TG__500,Bitchute__29,PA
2022-05-13,Node_6d8ae659,Node_5e66cdb3,TG,Bitchute,TG__497,Bitchute__29,
2023-05-19,Node_5e66cdb3,Node_5e66cdb3,TG,Bitchute,TG__500,Bitchute__29,PA
2020-07-17,Node_e3e7ab35,Node_5e66cdb3,TG,Bitchute,TG__313,Bitchute__29,PA
2023-06-16,Node_5e66cdb3,Node_5e66cdb3,TG,Bitchute,TG__500,Bitchute__29,PA
2021-06-17,Node_5e66cdb3,Node_5e66cdb3,TG,Bitchute,TG__500,Bitchute__29,PA
2023-06-23,Node_5e66cdb3,Node_5e66cdb3,TG,Bitchute,TG__500,Bitchute__29,PA
2022-05-13,Node_e3e7ab35,Node_5e66cdb3,TG,Bitchute,TG__313,Bitchute__29,PA
2022-06-03,Node_5e66cdb3,Node_5e66cdb3,TG,Bitchute,TG__500,Bitchute__29,PA
2023-12-15,Node_e3e7ab35,Node_5e66cdb3,TG,Bitchute,TG__313,Bitchute__29,PA
2023-11-11,Node_5e66cdb3,Node_5e66cdb3,TG,Bitchute,TG__500,Bitchute__29,PA
2023-07-14,Node_5e66cdb3,Node_5e66cdb3,TG,Bitchute,TG__500,Bitchute__29,PA
2021-02-12,Node_5e66cdb3,Node_5e66cdb3,TG,Bitchute,TG__500,Bitchute__29,PA
2023-02-06,Node_5e66cdb3,Node_5e66cdb3,TG,Bitchute,TG__500,Bitchute__29,PA
2020-10-25,Node_5e66cdb3,Node_30ed85c2,TG,Bitchute,TG__500,Bitchute__1000138,PA
2023-12-08,Node_5e66cdb3,Node_5e66cdb3,TG,Bitchute,TG__500,Bitchute__29,PA
2023-03-24,Node_5e66cdb3,Node_5e66cdb3,TG,Bitchute,TG__500,Bitchute__29,PA
2021-11-05,Node_5e66cdb3,Node_5e66cdb3,TG,Bitchute,TG__500,Bitchute__29,PA
2023-01-20,Node_5e66cdb3,Node_5e66cdb3,TG,Bitchute,TG__500,Bitchute__29,PA
2023-02-24,Node_5e66cdb3,Node_5e66cdb3,TG,Bitchute,TG__500,Bitchute__29,PA
2020-10-25,Node_2e755024,Node_30ed85c2,TG,Bitchute,TG__499,Bitchute__1000138,
2020-08-21,Node_5e66cdb3,Node_5e66cdb3,TG,Bitchute,TG__500,Bitchute__29,PA
2023-04-08,Node_9f50e6d3,Node_5e66cdb3,Gab,Bitchute,Gab__10,Bitchute__29,
2021-10-22,Node_5e66cdb3,Node_5e66cdb3,TG,Bitchute,TG__500,Bitchute__29,PA
2021-08-06,Node_5e66cdb3,Node_5e66cdb3,TG,Odysee,TG__500,Odysee__1000237,PA
2021-10-29,Node_e3e7ab35,Node_5e66cdb3,TG,Odysee,TG__313,Odysee__1000237,PA
2021-11-26,Node_5e66cdb3,Node_5e66cdb3,TG,Odysee,TG__500,Odysee__1000237,PA
2021-11-27,Node_5e66cdb3,Node_5e66cdb3,TG,Odysee,TG__500,Odysee__1000237,PA
2021-04-12,Node_6d8ae659,Node_ea45b86f,TG,Odysee,TG__497,Odysee__1000503,
2021-11-29,Node_5e66cdb3,Node_5e66cdb3,TG,Odysee,TG__500,Odysee__1000237,PA
2021-07-12,Node_5e66cdb3,Node_5e66cdb3,TG,Odysee,TG__500,Odysee__1000237,PA
2021-12-02,Node_5e66cdb3,Node_5e66cdb3,TG,Odysee,TG__500,Odysee__1000237,PA
2021-12-03,Node_5e66cdb3,Node_5e66cdb3,TG,Odysee,TG__500,Odysee__1000237,PA
2021-11-12,Node_e3e7ab35,Node_5e66cdb3,TG,Odysee,TG__313,Odysee__1000237,PA
2021-08-01,Node_5e66cdb3,Node_5e66cdb3,TG,Odysee,TG__500,Odysee__1000237,PA
2021-12-04,Node_5e66cdb3,Node_5e66cdb3,TG,Odysee,TG__500,Odysee__1000237,PA
2021-12-09,Node_5e66cdb3,Node_5e66cdb3,TG,Odysee,TG__500,Odysee__1000237,PA
2021-06-02,Node_0db5e598,Node_5e66cdb3,TG,Odysee,TG__84,Odysee__1000237,
2021-04-01,Node_5e66cdb3,Node_5e66cdb3,TG,Odysee,TG__500,Odysee__1000237,PA
2021-09-23,Node_5e66cdb3,Node_5e66cdb3,TG,Odysee,TG__500,Odysee__1000237,PA
2021-07-06,Node_5e66cdb3,Node_5e66cdb3,TG,Odysee,TG__500,Odysee__1000237,PA
2021-07-04,Node_5e66cdb3,Node_5e66cdb3,TG,Odysee,TG__500,Odysee__1000237,PA
2021-03-26,Node_5e66cdb3,Node_5e66cdb3,TG,Odysee,TG__500,Odysee__1000237,PA
2022-01-20,Node_5e66cdb3,Node_5e66cdb3,TG,Odysee,TG__500,Odysee__1000237,PA
2022-01-21,Node_5e66cdb3,Node_5e66cdb3,TG,Odysee,TG__500,Odysee__1000237,PA
2022-01-24,Node_5e66cdb3,Node_5e66cdb3,TG,Odysee,TG__500,Odysee__1000237,PA
2021-10-06,Node_5e66cdb3,Node_5e66cdb3,TG,Odysee,TG__500,Odysee__1000237,PA
2022-03-20,Node_5e66cdb3,Node_5e66cdb3,TG,Odysee,TG__500,Odysee__1000237,PA
2022-03-23,Node_5e66cdb3,Node_5e66cdb3,TG,Odysee,TG__500,Odysee__1000237,PA
2022-03-24,Node_5e66cdb3,Node_5e66cdb3,TG,Odysee,TG__500,Odysee__1000237,PA
2022-03-25,Node_5e66cdb3,Node_5e66cdb3,TG,Odysee,TG__500,Odysee__1000237,PA
2021-08-02,Node_e3e7ab35,Node_5e66cdb3,TG,Odysee,TG__313,Odysee__1000237,PA
2022-03-27,Node_5e66cdb3,Node_5e66cdb3,TG,Odysee,TG__500,Odysee__1000237,PA
2021-08-19,Node_5e66cdb3,Node_5e66cdb3,TG,Odysee,TG__500,Odysee__1000237,PA
2022-03-30,Node_5e66cdb3,Node_5e66cdb3,TG,Odysee,TG__500,Odysee__1000237,PA
2023-09-30,Node_9f50e6d3,Node_854b86cc,Gab,Odysee,Gab__10,Odysee__1000424,
2023-01-27,Node_5e66cdb3,Node_5e66cdb3,TG,Odysee,TG__500,Odysee__1000237,PA
2023-06-25,Node_5e66cdb3,Node_5e66cdb3,TG,Odysee,TG__500,Odysee__1000237,PA
2022-06-08,Node_e3e7ab35,Node_5e66cdb3,TG,Odysee,TG__313,Odysee__1000237,PA
2022-08-10,Node_e3e7ab35,Node_79604ecf,TG,Odysee,TG__313,Odysee__1000617,PA
2021-05-19,Node_e3e7ab35,Node_5e66cdb3,TG,Odysee,TG__313,Odysee__1000237,PA
2022-08-26,Node_5e66cdb3,Node_5e66cdb3,TG,Odysee,TG__500,Odysee__1000237,PA
2022-10-17,Node_5e66cdb3,Node_30ed85c2,TG,Odysee,TG__500,Odysee__1000416,PA
2021-10-08,Node_e3e7ab35,Node_5e66cdb3,TG,Odysee,TG__313,Odysee__1000237,PA
2021-11-10,Node_e3e7ab35,Node_854b86cc,TG,Odysee,TG__313,Odysee__1000424,PA
2023-09-20,Node_5e66cdb3,Node_5e66cdb3,TG,Odysee,TG__500,Odysee__1000237,PA
2022-12-12,Node_e3e7ab35,Node_30ed85c2,TG,Odysee,TG__313,Odysee__1000416,PA
2021-11-06,Node_e3e7ab35,Node_854b86cc,TG,Odysee,TG__313,Odysee__1000424,PA
2022-04-18,Node_e3e7ab35,Node_30ed85c2,TG,Odysee,TG__313,Odysee__1000416,PA
2021-11-06,Node_5e66cdb3,Node_854b86cc,TG,Odysee,TG__500,Odysee__1000424,PA
2023-04-05,Node_5e66cdb3,Node_854b86cc,TG,Odysee,TG__500,Odysee__1000424,PA
2021-12-29,Node_e3e7ab35,Node_5e66cdb3,TG,Odysee,TG__313,Odysee__1000237,PA
2021-08-01,Node_e3e7ab35,Node_5e66cdb3,TG,Odysee,TG__313,Odysee__1000237,PA
2023-05-07,Node_5e66cdb3,Node_5e66cdb3,TG,Odysee,TG__500,Odysee__1000237,PA
2022-08-24,Node_5e66cdb3,Node_5e66cdb3,TG,Odysee,TG__500,Odysee__1000237,PA
2021-10-01,Node_5e66cdb3,Node_5e66cdb3,TG,Odysee,TG__500,Odysee__1000237,PA
2023-10-31,Node_e3e7ab35,Node_30ed85c2,TG,Odysee,TG__313,Odysee__1000416,PA
2021-06-24,Node_5e66cdb3,Node_5e66cdb3,TG,Odysee,TG__500,Odysee__1000237,PA
2023-03-03,Node_e3e7ab35,Node_854b86cc,TG,Odysee,TG__313,Odysee__1000424,PA
2023-11-22,Node_5e66cdb3,Node_5e66cdb3,TG,Odysee,TG__500,Odysee__1000237,PA
2021-10-04,Node_e3e7ab35,Node_30ed85c2,TG,Odysee,TG__313,Odysee__1000416,PA
2023-03-15,Node_5e66cdb3,Node_5e66cdb3,TG,Odysee,TG__500,Odysee__1000237,PA
2022-04-10,Node_5e66cdb3,Node_5e66cdb3,TG,Odysee,TG__500,Odysee__1000237,PA
2021-10-10,Node_e3e7ab35,Node_5e66cdb3,TG,Odysee,TG__313,Odysee__1000237,PA
2021-06-17,Node_5e66cdb3,Node_5e66cdb3,TG,Odysee,TG__500,Odysee__1000237,PA
2023-06-23,Node_5e66cdb3,Node_5e66cdb3,TG,Odysee,TG__500,Odysee__1000237,PA
2022-02-09,Node_5e66cdb3,Node_5e66cdb3,TG,Odysee,TG__500,Odysee__1000237,PA
2022-05-13,Node_e3e7ab35,Node_5e66cdb3,TG,Odysee,TG__313,Odysee__1000237,PA
2023-07-16,Node_5e66cdb3,Node_5e66cdb3,TG,Odysee,TG__500,Odysee__1000237,PA
2022-05-04,Node_e3e7ab35,Node_5e66cdb3,TG,Odysee,TG__313,Odysee__1000237,PA
2022-06-06,Node_5e66cdb3,Node_30ed85c2,TG,Odysee,TG__500,Odysee__1000416,PA
2023-09-18,Node_e3e7ab35,Node_30ed85c2,TG,Odysee,TG__313,Odysee__1000416,PA
2022-10-07,Node_5e66cdb3,Node_5e66cdb3,TG,Odysee,TG__500,Odysee__1000237,PA
2022-03-25,Node_e3e7ab35,Node_5e66cdb3,TG,Odysee,TG__313,Odysee__1000237,PA
2021-07-21,Node_5e66cdb3,Node_5e66cdb3,TG,Odysee,TG__500,Odysee__1000237,PA
2022-08-16,Node_e3e7ab35,Node_854b86cc,TG,Odysee,TG__313,Odysee__1000424,PA
2022-03-13,Node_e3e7ab35,Node_c3f68a2c,TG,Odysee,TG__313,Odysee__1000798,PA
2021-09-29,Node_5e66cdb3,Node_5e66cdb3,TG,Odysee,TG__500,Odysee__1000237,PA
2021-09-15,Node_5e66cdb3,Node_5e66cdb3,TG,Odysee,TG__500,Odysee__1000237,PA
2022-06-03,Node_5e66cdb3,Node_5e66cdb3,TG,Odysee,TG__500,Odysee__1000237,PA
2022-05-10,Node_5e66cdb3,Node_5e66cdb3,TG,Odysee,TG__500,Odysee__1000237,PA
2023-04-26,Node_5e66cdb3,Node_854b86cc,TG,Odysee,TG__500,Odysee__1000424,PA
2022-07-22,Node_5e66cdb3,Node_5e66cdb3,TG,Odysee,TG__500,Odysee__1000237,PA
2021-10-31,Node_5e66cdb3,Node_5e66cdb3,TG,Odysee,TG__500,Odysee__1000237,PA
2023-12-06,Node_e3e7ab35,Node_5e66cdb3,TG,Odysee,TG__313,Odysee__1000237,PA
2023-02-20,Node_e3e7ab35,Node_30ed85c2,TG,Odysee,TG__313,Odysee__1000416,PA
2023-12-15,Node_e3e7ab35,Node_5e66cdb3,TG,Odysee,TG__313,Odysee__1000237,PA
2023-09-10,Node_e3e7ab35,Node_5e66cdb3,TG,Odysee,TG__313,Odysee__1000237,PA
2023-11-11,Node_5e66cdb3,Node_5e66cdb3,TG,Odysee,TG__500,Odysee__1000237,PA
2022-02-15,Node_5e66cdb3,Node_5e66cdb3,TG,Odysee,TG__500,Odysee__1000237,PA
2022-02-07,Node_e3e7ab35,Node_5e66cdb3,TG,Odysee,TG__313,Odysee__1000237,PA
2022-07-04,Node_5e66cdb3,Node_30ed85c2,TG,Odysee,TG__500,Odysee__1000416,PA
2022-03-13,Node_e3e7ab35,Node_5e66cdb3,TG,Odysee,TG__313,Odysee__1000237,PA
2021-07-26,Node_5e66cdb3,Node_30ed85c2,TG,Odysee,TG__500,Odysee__1000416,PA
2023-08-12,Node_5e66cdb3,Node_854b86cc,TG,Odysee,TG__500,Odysee__1000424,PA
2021-08-23,Node_e3e7ab35,Node_854b86cc,TG,Odysee,TG__313,Odysee__1000424,PA
2022-04-13,Node_e3e7ab35,Node_5e66cdb3,TG,Odysee,TG__313,Odysee__1000237,PA
2023-07-14,Node_5e66cdb3,Node_5e66cdb3,TG,Odysee,TG__500,Odysee__1000237,PA
2022-01-26,Node_5e66cdb3,Node_5e66cdb3,TG,Odysee,TG__500,Odysee__1000237,PA
2022-07-20,Node_5e66cdb3,Node_854b86cc,TG,Odysee,TG__500,Odysee__1000424,PA
2023-02-06,Node_5e66cdb3,Node_5e66cdb3,TG,Odysee,TG__500,Odysee__1000237,PA
2021-12-12,Node_5e66cdb3,Node_5e66cdb3,TG,Odysee,TG__500,Odysee__1000237,PA
2021-11-10,Node_5e66cdb3,Node_5e66cdb3,TG,Odysee,TG__500,Odysee__1000237,PA
2023-11-13,Node_5e66cdb3,Node_5e66cdb3,TG,Odysee,TG__500,Odysee__1000237,PA
2023-12-08,Node_5e66cdb3,Node_5e66cdb3,TG,Odysee,TG__500,Odysee__1000237,PA
2023-03-24,Node_5e66cdb3,Node_5e66cdb3,TG,Odysee,TG__500,Odysee__1000237,PA
2022-11-07,Node_e3e7ab35,Node_854b86cc,TG,Odysee,TG__313,Odysee__1000424,PA
2021-08-01,Node_5e66cdb3,Node_5e66cdb3,TG,Odysee,TG__500,Odysee__1000237,PA
2022-06-22,Node_5e66cdb3,Node_5e66cdb3,TG,Odysee,TG__500,Odysee__1000237,PA
2022-02-28,Node_5e66cdb3,Node_30ed85c2,TG,Odysee,TG__500,Odysee__1000416,PA
2023-05-07,Node_5e66cdb3,Node_5e66cdb3,TG,Odysee,TG__500,Odysee__1000237,PA
2023-11-13,Node_5e66cdb3,Node_854b86cc,TG,Odysee,TG__500,Odysee__1000424,PA
2021-11-05,Node_5e66cdb3,Node_5e66cdb3,TG,Odysee,TG__500,Odysee__1000237,PA
2021-06-23,Node_e3e7ab35,Node_5e66cdb3,TG,Odysee,TG__313,Odysee__1000237,PA
2023-01-20,Node_5e66cdb3,Node_5e66cdb3,TG,Odysee,TG__500,Odysee__1000237,PA
2022-02-25,Node_e3e7ab35,Node_5e66cdb3,TG,Odysee,TG__313,Odysee__1000237,PA
2023-11-15,Node_5e66cdb3,Node_5e66cdb3,TG,Odysee,TG__500,Odysee__1000237,PA
2023-02-24,Node_5e66cdb3,Node_5e66cdb3,TG,Odysee,TG__500,Odysee__1000237,PA
2021-07-29,Node_5e66cdb3,Node_5e66cdb3,TG,Odysee,TG__500,Odysee__1000237,PA
2021-04-12,Node_5e66cdb3,Node_5e66cdb3,TG,Odysee,TG__500,Odysee__1000237,PA
2023-06-28,Node_0db5e598,Node_5e66cdb3,TG,Odysee,TG__84,Odysee__1000237,
2022-08-21,Node_5e66cdb3,Node_5e66cdb3,TG,Odysee,TG__500,Odysee__1000237,PA
2021-07-30,Node_5e66cdb3,Node_5e66cdb3,TG,Odysee,TG__500,Odysee__1000237,PA
2023-06-19,Node_e3e7ab35,Node_30ed85c2,TG,Odysee,TG__313,Odysee__1000416,PA
2021-11-16,Node_e3e7ab35,Node_30ed85c2,TG,Odysee,TG__313,Odysee__1000416,PA
2021-11-24,Node_5e66cdb3,Node_5e66cdb3,TG,Odysee,TG__500,Odysee__1000237,PA
2022-02-27,Node_e3e7ab35,Node_5e66cdb3,TG,Odysee,TG__313,Odysee__1000237,PA
2023-01-16,Node_e3e7ab35,Node_5e66cdb3,TG,Odysee,TG__313,Odysee__1000237,PA
2022-06-12,Node_5e66cdb3,Node_5e66cdb3,TG,Odysee,TG__500,Odysee__1000237,PA
2021-07-27,Node_5e66cdb3,Node_5e66cdb3,TG,Odysee,TG__500,Odysee__1000237,PA
2021-09-12,Node_e3e7ab35,Node_5e66cdb3,TG,Odysee,TG__313,Odysee__1000237,PA
2023-04-08,Node_9f50e6d3,Node_5e66cdb3,Gab,Odysee,Gab__10,Odysee__1000237,
2022-11-05,Node_e3e7ab35,Node_854b86cc,TG,Odysee,TG__313,Odysee__1000424,PA
2021-11-24,Node_e3e7ab35,Node_5e66cdb3,TG,Odysee,TG__313,Odysee__1000237,PA
2023-09-20,Node_e3e7ab35,Node_30ed85c2,TG,Odysee,TG__313,Odysee__1000416,PA
2022-03-30,Node_e3e7ab35,Node_5e66cdb3,TG,Odysee,TG__313,Odysee__1000237,PA
2022-11-07,Node_e3e7ab35,Node_30ed85c2,TG,Odysee,TG__313,Odysee__1000416,PA
2021-10-22,Node_5e66cdb3,Node_5e66cdb3,TG,Odysee,TG__500,Odysee__1000237,PA
2021-06-13,Node_6d8ae659,Node_5e66cdb3,TG,Odysee,TG__497,Odysee__1000237,
2021-03-25,Node_43f48a59,Node_5e66cdb3,TG,Odysee,TG__259,Odysee__1000237,
2021-09-27,Node_5e66cdb3,Node_5e66cdb3,TG,Odysee,TG__500,Odysee__1000237,PA
2021-10-14,Node_5e66cdb3,Node_5e66cdb3,TG,Odysee,TG__500,Odysee__1000237,PA
2021-12-17,Node_5e66cdb3,Node_5e66cdb3,TG,Odysee,TG__500,Odysee__1000237,PA
2023-08-28,Node_5e66cdb3,Node_30ed85c2,TG,Odysee,TG__500,Odysee__1000416,PA
2022-09-11,Node_e3e7ab35,Node_5e66cdb3,TG,Odysee,TG__313,Odysee__1000237,PA
2023-02-17,Node_5e66cdb3,Node_5e66cdb3,TG,Odysee,TG__500,Odysee__1000237,PA
2022-03-23,Node_e3e7ab35,Node_5e66cdb3,TG,Odysee,TG__313,Odysee__1000237,PA
2021-04-21,Node_5e66cdb3,Node_5e66cdb3,TG,Odysee,TG__500,Odysee__1000237,PA
2022-10-19,Node_e3e7ab35,Node_5e66cdb3,TG,Odysee,TG__313,Odysee__1000237,PA
2022-08-23,Node_5e66cdb3,Node_5e66cdb3,TG,Odysee,TG__500,Odysee__1000237,PA
2023-10-16,Node_5e66cdb3,Node_854b86cc,TG,Odysee,TG__500,Odysee__1000424,PA
2023-04-24,Node_5e66cdb3,Node_30ed85c2,TG,Odysee,TG__500,Odysee__1000416,PA
2021-07-12,Node_e3e7ab35,Node_5e66cdb3,TG,Odysee,TG__313,Odysee__1000237,PA
2021-04-30,Node_5e66cdb3,Node_5e66cdb3,TG,Odysee,TG__500,Odysee__1000237,PA
2022-11-18,Node_5e66cdb3,Node_854b86cc,TG,Odysee,TG__500,Odysee__1000424,PA
2023-10-04,Node_5e66cdb3,Node_5e66cdb3,TG,Odysee,TG__500,Odysee__1000237,PA
2022-07-27,Node_5e66cdb3,Node_5e66cdb3,TG,Odysee,TG__500,Odysee__1000237,PA
2023-12-29,Node_e3e7ab35,Node_5e66cdb3,TG,Odysee,TG__313,Odysee__1000237,PA
2023-08-23,Node_5e66cdb3,Node_5e66cdb3,TG,Odysee,TG__500,Odysee__1000237,PA
2023-08-11,Node_5e66cdb3,Node_5e66cdb3,TG,Odysee,TG__500,Odysee__1000237,PA
2022-12-23,Node_5e66cdb3,Node_5e66cdb3,TG,Odysee,TG__500,Odysee__1000237,PA
2022-02-23,Node_5e66cdb3,Node_5e66cdb3,TG,Odysee,TG__500,Odysee__1000237,PA
2021-12-08,Node_e3e7ab35,Node_5e66cdb3,TG,Odysee,TG__313,Odysee__1000237,PA
2023-03-05,Node_5e66cdb3,Node_5e66cdb3,TG,Odysee,TG__500,Odysee__1000237,PA
2021-11-19,Node_5e66cdb3,Node_854b86cc,TG,Odysee,TG__500,Odysee__1000424,PA
2021-12-03,Node_e3e7ab35,Node_5e66cdb3,TG,Odysee,TG__313,Odysee__1000237,PA
2023-06-14,Node_e3e7ab35,Node_5e66cdb3,TG,Odysee,TG__313,Odysee__1000237,PA
2023-09-22,Node_5e66cdb3,Node_5e66cdb3,TG,Odysee,TG__500,Odysee__1000237,PA
2021-12-05,Node_5e66cdb3,Node_5e66cdb3,TG,Odysee,TG__500,Odysee__1000237,PA
2023-11-29,Node_e3e7ab35,Node_5e66cdb3,TG,Odysee,TG__313,Odysee__1000237,PA
2022-10-09,Node_5e66cdb3,Node_5e66cdb3,TG,Odysee,TG__500,Odysee__1000237,PA
2021-09-18,Node_e3e7ab35,Node_854b86cc,TG,Odysee,TG__313,Odysee__1000424,PA
2023-09-17,Node_5e66cdb3,Node_5e66cdb3,TG,Odysee,TG__500,Odysee__1000237,PA
2023-06-11,Node_5e66cdb3,Node_5e66cdb3,TG,Odysee,TG__500,Odysee__1000237,PA
2022-10-06,Node_5e66cdb3,Node_5e66cdb3,TG,Odysee,TG__500,Odysee__1000237,PA
2022-02-13,Node_e3e7ab35,Node_5e66cdb3,TG,Odysee,TG__313,Odysee__1000237,PA
2022-12-21,Node_e3e7ab35,Node_5e66cdb3,TG,Odysee,TG__313,Odysee__1000237,PA
2023-10-16,Node_e3e7ab35,Node_854b86cc,TG,Odysee,TG__313,Odysee__1000424,PA
2023-09-10,Node_5e66cdb3,Node_5e66cdb3,TG,Odysee,TG__500,Odysee__1000237,PA
2021-05-02,Node_5e66cdb3,Node_5e66cdb3,TG,Odysee,TG__500,Odysee__1000237,PA
2021-10-13,Node_e3e7ab35,Node_5e66cdb3,TG,Odysee,TG__313,Odysee__1000237,PA
2021-09-27,Node_e3e7ab35,Node_30ed85c2,TG,Odysee,TG__313,Odysee__1000416,PA
2023-10-11,Node_e3e7ab35,Node_5e66cdb3,TG,Odysee,TG__313,Odysee__1000237,PA
2023-12-11,Node_5e66cdb3,Node_5e66cdb3,TG,Odysee,TG__500,Odysee__1000237,PA
2022-08-07,Node_5e66cdb3,Node_5e66cdb3,TG,Odysee,TG__500,Odysee__1000237,PA
2021-09-22,Node_e3e7ab35,Node_5e66cdb3,TG,Odysee,TG__313,Odysee__1000237,PA
2022-06-29,Node_5e66cdb3,Node_5e66cdb3,TG,Odysee,TG__500,Odysee__1000237,PA
2022-08-26,Node_e3e7ab35,Node_5e66cdb3,TG,Odysee,TG__313,Odysee__1000237,PA
2022-10-22,Node_e3e7ab35,Node_5e66cdb3,TG,Odysee,TG__313,Odysee__1000237,PA
2021-07-30,Node_e3e7ab35,Node_5e66cdb3,TG,Odysee,TG__313,Odysee__1000237,PA
2023-11-26,Node_e3e7ab35,Node_5e66cdb3,TG,Odysee,TG__313,Odysee__1000237,PA
2023-11-03,Node_e3e7ab35,Node_5e66cdb3,TG,Odysee,TG__313,Odysee__1000237,PA
2022-01-09,Node_e3e7ab35,Node_5e66cdb3,TG,Odysee,TG__313,Odysee__1000237,PA
2021-11-12,Node_e3e7ab35,Node_5e66cdb3,TG,Odysee,TG__313,Odysee__1000237,PA
2021-07-07,Node_e3e7ab35,Node_5e66cdb3,TG,Odysee,TG__313,Odysee__1000237,PA
2021-09-07,Node_5e66cdb3,Node_5e66cdb3,TG,Odysee,TG__500,Odysee__1000237,PA
2021-11-26,Node_e3e7ab35,Node_5e66cdb3,TG,Odysee,TG__313,Odysee__1000237,PA
2021-03-31,Node_5e66cdb3,Node_5e66cdb3,TG,Odysee,TG__500,Odysee__1000237,PA
2022-05-06,Node_e3e7ab35,Node_5e66cdb3,TG,Odysee,TG__313,Odysee__1000237,PA
2022-03-09,Node_e3e7ab35,Node_30ed85c2,TG,Odysee,TG__313,Odysee__1000416,PA
2021-12-22,Node_5e66cdb3,Node_5e66cdb3,TG,Odysee,TG__500,Odysee__1000237,PA
2021-08-12,Node_e3e7ab35,Node_30ed85c2,TG,Odysee,TG__313,Odysee__1000416,PA
2023-10-04,Node_5e66cdb3,Node_5e66cdb3,TG,Odysee,TG__500,Odysee__1000237,PA
2021-12-03,Node_5e66cdb3,Node_5e66cdb3,TG,Odysee,TG__500,Odysee__1000237,PA
2023-09-18,Node_5e66cdb3,Node_30ed85c2,TG,Odysee,TG__500,Odysee__1000416,PA
2023-04-02,Node_5e66cdb3,Node_5e66cdb3,TG,Odysee,TG__500,Odysee__1000237,PA
2023-05-03,Node_e3e7ab35,Node_5e66cdb3,TG,Odysee,TG__313,Odysee__1000237,PA
2021-05-16,Node_e3e7ab35,Node_5e66cdb3,TG,Odysee,TG__313,Odysee__1000237,PA
2023-03-10,Node_9f50e6d3,Node_5e66cdb3,Gab,Odysee,Gab__10,Odysee__1000237,
2023-02-18,Node_e3e7ab35,Node_30ed85c2,TG,Odysee,TG__313,Odysee__1000416,PA
2021-08-16,Node_5e66cdb3,Node_30ed85c2,TG,Odysee,TG__500,Odysee__1000416,PA
2023-09-01,Node_e3e7ab35,Node_5e66cdb3,TG,Odysee,TG__313,Odysee__1000237,PA
2023-09-20,Node_e3e7ab35,Node_30ed85c2,TG,Odysee,TG__313,Odysee__1000416,PA
2022-09-19,Node_5e66cdb3,Node_30ed85c2,TG,Odysee,TG__500,Odysee__1000416,PA
2023-03-02,Node_5e66cdb3,Node_854b86cc,TG,Odysee,TG__500,Odysee__1000424,PA
2023-06-30,Node_e3e7ab35,Node_5e66cdb3,TG,Odysee,TG__313,Odysee__1000237,PA
2023-09-17,Node_e3e7ab35,Node_5e66cdb3,TG,Odysee,TG__313,Odysee__1000237,PA
2023-11-15,Node_9f50e6d3,Node_5e66cdb3,Gab,Odysee,Gab__10,Odysee__1000237,
2023-03-12,Node_e3e7ab35,Node_5e66cdb3,TG,Odysee,TG__313,Odysee__1000237,PA
2021-03-29,Node_5e66cdb3,Node_5e66cdb3,TG,Odysee,TG__500,Odysee__1000237,PA
2023-09-01,Node_0db5e598,Node_5e66cdb3,TG,Odysee,TG__84,Odysee__1000237,
2022-08-19,Node_5e66cdb3,Node_5e66cdb3,TG,Odysee,TG__500,Odysee__1000237,PA
2021-06-23,Node_5e66cdb3,Node_5e66cdb3,TG,Odysee,TG__500,Odysee__1000237,PA
2022-10-28,Node_5e66cdb3,Node_5e66cdb3,TG,Odysee,TG__500,Odysee__1000237,PA
2022-04-27,Node_e3e7ab35,Node_854b86cc,TG,Odysee,TG__313,Odysee__1000424,PA
2022-01-10,Node_5e66cdb3,Node_30ed85c2,TG,Odysee,TG__500,Odysee__1000416,PA
2023-11-30,Node_e3e7ab35,Node_5e66cdb3,TG,Odysee,TG__313,Odysee__1000237,PA
2022-01-09,Node_5e66cdb3,Node_5e66cdb3,TG,Odysee,TG__500,Odysee__1000237,PA
2021-06-01,Node_5e66cdb3,Node_5e66cdb3,TG,Odysee,TG__500,Odysee__1000237,PA
2022-03-23,Node_5e66cdb3,Node_5e66cdb3,TG,Odysee,TG__500,Odysee__1000237,PA
2022-12-05,Node_e3e7ab35,Node_30ed85c2,TG,Odysee,TG__313,Odysee__1000416,PA
2021-09-06,Node_5e66cdb3,Node_30ed85c2,TG,Odysee,TG__500,Odysee__1000416,PA
2023-10-18,Node_5e66cdb3,Node_5e66cdb3,TG,Odysee,TG__500,Odysee__1000237,PA
2021-05-26,Node_e3e7ab35,Node_5e66cdb3,TG,Odysee,TG__313,Odysee__1000237,PA
2023-10-20,Node_e3e7ab35,Node_854b86cc,TG,Odysee,TG__313,Odysee__1000424,PA
2021-06-30,Node_e3e7ab35,Node_5e66cdb3,TG,Odysee,TG__313,Odysee__1000237,PA
2021-07-25,Node_5e66cdb3,Node_5e66cdb3,TG,Odysee,TG__500,Odysee__1000237,PA
2023-01-22,Node_5e66cdb3,Node_5e66cdb3,TG,Odysee,TG__500,Odysee__1000237,PA
2022-12-05,Node_5e66cdb3,Node_30ed85c2,TG,Odysee,TG__500,Odysee__1000416,PA
2022-11-07,Node_e3e7ab35,Node_854b86cc,TG,Odysee,TG__313,Odysee__1000424,PA
2022-07-04,Node_e3e7ab35,Node_30ed85c2,TG,Odysee,TG__313,Odysee__1000416,PA
2021-09-24,Node_e3e7ab35,Node_5e66cdb3,TG,Odysee,TG__313,Odysee__1000237,PA
2023-11-08,Node_e3e7ab35,Node_5e66cdb3,TG,Odysee,TG__313,Odysee__1000237,PA
2023-06-09,Node_5e66cdb3,Node_5e66cdb3,TG,Odysee,TG__500,Odysee__1000237,PA
2023-07-21,Node_5e66cdb3,Node_854b86cc,TG,Odysee,TG__500,Odysee__1000424,PA
2023-10-09,Node_5e66cdb3,Node_30ed85c2,TG,Odysee,TG__500,Odysee__1000416,PA
2022-06-24,Node_5e66cdb3,Node_5e66cdb3,TG,Odysee,TG__500,Odysee__1000237,PA
2021-04-11,Node_e3e7ab35,Node_5e66cdb3,TG,Odysee,TG__313,Odysee__1000237,PA
2023-04-11,Node_9f50e6d3,Node_5e66cdb3,Gab,Odysee,Gab__10,Odysee__1000237,
2022-05-30,Node_5e66cdb3,Node_30ed85c2,TG,Odysee,TG__500,Odysee__1000416,PA
2022-05-09,Node_5e66cdb3,Node_30ed85c2,TG,Odysee,TG__500,Odysee__1000416,PA
2022-08-06,Node_9f50e6d3,Node_5e66cdb3,Gab,Odysee,Gab__10,Odysee__1000237,
2022-10-05,Node_e3e7ab35,Node_5e66cdb3,TG,Odysee,TG__313,Odysee__1000237,PA
2023-07-02,Node_e3e7ab35,Node_5e66cdb3,TG,Odysee,TG__313,Odysee__1000237,PA
2023-09-17,Node_5e66cdb3,Node_5e66cdb3,TG,Odysee,TG__500,Odysee__1000237,PA
2023-07-05,Node_5e66cdb3,Node_5e66cdb3,TG,Odysee,TG__500,Odysee__1000237,PA
2023-10-25,Node_5e66cdb3,Node_5e66cdb3,TG,Odysee,TG__500,Odysee__1000237,PA
2023-02-10,Node_5e66cdb3,Node_5e66cdb3,TG,Odysee,TG__500,Odysee__1000237,PA
2023-11-17,Node_5e66cdb3,Node_5e66cdb3,TG,Odysee,TG__500,Odysee__1000237,PA
2021-04-11,Node_6d8ae659,Node_5e66cdb3,TG,Odysee,TG__497,Odysee__1000237,
2023-10-09,Node_e3e7ab35,Node_30ed85c2,TG,Odysee,TG__313,Odysee__1000416,PA
2021-11-26,Node_5e66cdb3,Node_5e66cdb3,TG,Odysee,TG__500,Odysee__1000237,PA
2022-10-30,Node_e3e7ab35,Node_5e66cdb3,TG,Odysee,TG__313,Odysee__1000237,PA
2022-10-14,Node_5e66cdb3,Node_5e66cdb3,TG,Odysee,TG__500,Odysee__1000237,PA
2023-10-01,Node_5e66cdb3,Node_5e66cdb3,TG,Odysee,TG__500,Odysee__1000237,PA
2021-06-27,Node_6d8ae659,Node_5e66cdb3,TG,Odysee,TG__497,Odysee__1000237,
2023-05-12,Node_e3e7ab35,Node_5e66cdb3,TG,Odysee,TG__313,Odysee__1000237,PA
2023-10-06,Node_5e66cdb3,Node_5e66cdb3,TG,Odysee,TG__500,Odysee__1000237,PA
2022-05-26,Node_5e66cdb3,Node_5e66cdb3,TG,Odysee,TG__500,Odysee__1000237,PA
2021-04-23,Node_5e66cdb3,Node_5e66cdb3,TG,Odysee,TG__500,Odysee__1000237,PA
2021-09-05,Node_e3e7ab35,Node_5e66cdb3,TG,Odysee,TG__313,Odysee__1000237,PA
2021-10-10,Node_5e66cdb3,Node_5e66cdb3,TG,Odysee,TG__500,Odysee__1000237,PA
2019-11-30,Node_9f50e6d3,Node_5e66cdb3,Gab,Bitchute,Gab__10,Bitchute__29,
2019-08-18,Node_9f50e6d3,Node_30ed85c2,Gab,Bitchute,Gab__10,Bitchute__1000138,
2019-11-14,Node_24915fb5,Node_5e66cdb3,Gab,Bitchute,Gab__20,Bitchute__29,
2019-06-07,Node_9f50e6d3,Node_5e66cdb3,Gab,Bitchute,Gab__10,Bitchute__29,
2019-12-11,Node_24915fb5,Node_30ed85c2,Gab,Bitchute,Gab__20,Bitchute__1000138,
2019-09-08,Node_427d5b30,Node_5e66cdb3,Gab,Bitchute,Gab__5,Bitchute__29,
2019-09-20,Node_0d2904b3,Node_5e66cdb3,Gab,Bitchute,Gab__87,Bitchute__29,
2019-12-06,Node_9f50e6d3,Node_5e66cdb3,Gab,Bitchute,Gab__10,Bitchute__29,
2020-01-15,Node_9f50e6d3,Node_5e66cdb3,Gab,Bitchute,Gab__10,Bitchute__29,
2019-10-31,Node_0d2904b3,Node_5e66cdb3,Gab,Bitchute,Gab__87,Bitchute__29,
2019-12-12,Node_9f50e6d3,Node_5e66cdb3,Gab,Bitchute,Gab__10,Bitchute__29,
2019-10-06,Node_427d5b30,Node_30ed85c2,Gab,Bitchute,Gab__5,Bitchute__1000138,
2019-11-22,Node_1e5270d3,Node_30ed85c2,Gab,Bitchute,Gab__101,Bitchute__1000138,
2019-12-22,Node_1b8d2a7a,Node_30ed85c2,Gab,Bitchute,Gab__29,Bitchute__1000138,
2019-12-11,Node_427d5b30,Node_30ed85c2,Gab,Bitchute,Gab__5,Bitchute__1000138,
2019-11-14,Node_427d5b30,Node_5e66cdb3,Gab,Bitchute,Gab__5,Bitchute__29,
2019-10-24,Node_9f50e6d3,Node_30ed85c2,Gab,Bitchute,Gab__10,Bitchute__1000138,
2019-11-30,Node_398faf13,Node_30ed85c2,Gab,Bitchute,Gab__56,Bitchute__1000138,
2020-02-06,Node_9f50e6d3,Node_5e66cdb3,Gab,Bitchute,Gab__10,Bitchute__29,
2019-12-28,Node_0d2904b3,Node_5e66cdb3,Gab,Bitchute,Gab__87,Bitchute__29,
2019-12-11,Node_9f50e6d3,Node_30ed85c2,Gab,Bitchute,Gab__10,Bitchute__1000138,
2019-12-28,Node_24915fb5,Node_5e66cdb3,Gab,Bitchute,Gab__20,Bitchute__29,
2019-10-04,Node_9f50e6d3,Node_5e66cdb3,Gab,Bitchute,Gab__10,Bitchute__29,
2019-12-11,Node_9f50e6d3,Node_30ed85c2,Gab,Bitchute,Gab__10,Bitchute__1000138,
2019-07-29,Node_9f50e6d3,Node_30ed85c2,Gab,Bitchute,Gab__10,Bitchute__1000138,
2019-12-13,Node_9f50e6d3,Node_5e66cdb3,Gab,Bitchute,Gab__10,Bitchute__29,
2019-11-03,Node_9f50e6d3,Node_30ed85c2,Gab,Bitchute,Gab__10,Bitchute__1000138,
2019-07-27,Node_9f50e6d3,Node_5e66cdb3,Gab,Bitchute,Gab__10,Bitchute__29,
2020-01-07,Node_9f50e6d3,Node_30ed85c2,Gab,Bitchute,Gab__10,Bitchute__1000138,
2019-12-12,Node_9f50e6d3,Node_5e66cdb3,Gab,Bitchute,Gab__10,Bitchute__29,
2019-12-21,Node_690ae63b,Node_30ed85c2,Gab,Bitchute,Gab__84,Bitchute__1000138,
2019-12-11,Node_9f50e6d3,Node_5e66cdb3,Gab,Bitchute,Gab__10,Bitchute__29,
2019-11-14,Node_1e5270d3,Node_5e66cdb3,Gab,Bitchute,Gab__101,Bitchute__29,
2019-11-22,Node_9f50e6d3,Node_30ed85c2,Gab,Bitchute,Gab__10,Bitchute__1000138,
2019-11-30,Node_f5184a56,Node_30ed85c2,Gab,Bitchute,Gab__7,Bitchute__1000138,
2019-09-27,Node_1e5270d3,Node_5e66cdb3,Gab,Bitchute,Gab__101,Bitchute__29,
2019-12-21,Node_24915fb5,Node_30ed85c2,Gab,Bitchute,Gab__20,Bitchute__1000138,
2019-12-11,Node_9f50e6d3,Node_30ed85c2,Gab,Bitchute,Gab__10,Bitchute__1000138,
2020-01-02,Node_398faf13,Node_5e66cdb3,Gab,Bitchute,Gab__56,Bitchute__29,
2019-11-30,Node_427d5b30,Node_30ed85c2,Gab,Bitchute,Gab__5,Bitchute__1000138,
2019-11-30,Node_1e5270d3,Node_30ed85c2,Gab,Bitchute,Gab__101,Bitchute__1000138,
2019-11-03,Node_0d2904b3,Node_30ed85c2,Gab,Bitchute,Gab__87,Bitchute__1000138,
2020-01-28,Node_9f50e6d3,Node_30ed85c2,Gab,Bitchute,Gab__10,Bitchute__1000138,
2019-12-13,Node_690ae63b,Node_5e66cdb3,Gab,Bitchute,Gab__84,Bitchute__29,
2019-12-28,Node_1e5270d3,Node_5e66cdb3,Gab,Bitchute,Gab__101,Bitchute__29,
2020-01-07,Node_1e5270d3,Node_30ed85c2,Gab,Bitchute,Gab__101,Bitchute__1000138,
2019-11-02,Node_24915fb5,Node_5e66cdb3,Gab,Bitchute,Gab__20,Bitchute__29,
2019-11-03,Node_24915fb5,Node_30ed85c2,Gab,Bitchute,Gab__20,Bitchute__1000138,
2019-08-22,Node_24915fb5,Node_5e66cdb3,Gab,Bitchute,Gab__20,Bitchute__29,
2019-12-21,Node_9f50e6d3,Node_30ed85c2,Gab,Bitchute,Gab__10,Bitchute__1000138,
2019-09-20,Node_9f50e6d3,Node_5e66cdb3,Gab,Bitchute,Gab__10,Bitchute__29,
2020-02-13,Node_9f50e6d3,Node_5e66cdb3,Gab,Bitchute,Gab__10,Bitchute__29,
2020-02-21,Node_427d5b30,Node_5e66cdb3,Gab,Bitchute,Gab__5,Bitchute__29,
2020-01-02,Node_427d5b30,Node_5e66cdb3,Gab,Bitchute,Gab__5,Bitchute__29,
2019-10-24,Node_427d5b30,Node_30ed85c2,Gab,Bitchute,Gab__5,Bitchute__1000138,
2019-08-29,Node_9f50e6d3,Node_5e66cdb3,Gab,Bitchute,Gab__10,Bitchute__29,
2019-11-26,Node_392854bc,Node_30ed85c2,Gab,Bitchute,Gab__112,Bitchute__1000138,
2020-02-21,Node_9f50e6d3,Node_5e66cdb3,Gab,Bitchute,Gab__10,Bitchute__29,
2020-02-02,Node_9f50e6d3,Node_30ed85c2,Gab,Bitchute,Gab__10,Bitchute__1000138,
2019-10-24,Node_f5184a56,Node_30ed85c2,Gab,Bitchute,Gab__7,Bitchute__1000138,
2019-10-24,Node_1e5270d3,Node_30ed85c2,Gab,Bitchute,Gab__101,Bitchute__1000138,
2019-11-22,Node_0d2904b3,Node_30ed85c2,Gab,Bitchute,Gab__87,Bitchute__1000138,
2019-09-21,Node_9f50e6d3,Node_5e66cdb3,Gab,Bitchute,Gab__10,Bitchute__29,
2019-12-12,Node_1e5270d3,Node_5e66cdb3,Gab,Bitchute,Gab__101,Bitchute__29,
2019-11-23,Node_9f50e6d3,Node_30ed85c2,Gab,Bitchute,Gab__10,Bitchute__1000138,
2020-02-20,Node_427d5b30,Node_5e66cdb3,Gab,Bitchute,Gab__5,Bitchute__29,
2019-08-22,Node_427d5b30,Node_5e66cdb3,Gab,Bitchute,Gab__5,Bitchute__29,
2019-10-10,Node_9f50e6d3,Node_5e66cdb3,Gab,Bitchute,Gab__10,Bitchute__29,
2019-10-19,Node_0d2904b3,Node_5e66cdb3,Gab,Bitchute,Gab__87,Bitchute__29,
2019-11-02,Node_427d5b30,Node_5e66cdb3,Gab,Bitchute,Gab__5,Bitchute__29,
2021-05-12,Node_9f50e6d3,Node_5e66cdb3,Gab,Odysee,Gab__10,Odysee__1000237,
2021-04-04,Node_9f50e6d3,Node_5e66cdb3,Gab,Odysee,Gab__10,Odysee__1000237,
2021-05-16,Node_9f50e6d3,Node_5e66cdb3,Gab,Odysee,Gab__10,Odysee__1000237,
2021-11-08,Node_9f50e6d3,Node_30ed85c2,Gab,Odysee,Gab__10,Odysee__1000416,
2022-08-09,Node_9f50e6d3,Node_c3f68a2c,Gab,Odysee,Gab__10,Odysee__1000798,
2021-11-11,Node_9f50e6d3,Node_ea45b86f,Gab,Odysee,Gab__10,Odysee__1000503,
2021-03-26,Node_9f50e6d3,Node_30ed85c2,Gab,Odysee,Gab__10,Odysee__1000416,
2020-05-24,Node_9f50e6d3,Node_5e66cdb3,Gab,Bitchute,Gab__10,Bitchute__29,
2020-05-28,Node_9f50e6d3,Node_5e66cdb3,Gab,Bitchute,Gab__10,Bitchute__29,
2020-09-14,Node_9f50e6d3,Node_5e66cdb3,Gab,Bitchute,Gab__10,Bitchute__29,
2020-09-29,Node_1b8d2a7a,Node_5e66cdb3,Gab,Bitchute,Gab__29,Bitchute__29,
2020-10-01,Node_9f50e6d3,Node_5e66cdb3,Gab,Bitchute,Gab__10,Bitchute__29,
2020-06-02,Node_427d5b30,Node_30ed85c2,Gab,Bitchute,Gab__5,Bitchute__1000138,
2020-06-02,Node_0d2904b3,Node_30ed85c2,Gab,Bitchute,Gab__87,Bitchute__1000138,
2020-10-25,Node_9f50e6d3,Node_5e66cdb3,Gab,Bitchute,Gab__10,Bitchute__29,
2020-10-25,Node_9f50e6d3,Node_5e66cdb3,Gab,Bitchute,Gab__10,Bitchute__29,
2020-06-20,Node_9f50e6d3,Node_5e66cdb3,Gab,Bitchute,Gab__10,Bitchute__29,
2020-06-20,Node_427d5b30,Node_5e66cdb3,Gab,Bitchute,Gab__5,Bitchute__29,
2020-06-20,Node_0d2904b3,Node_5e66cdb3,Gab,Bitchute,Gab__87,Bitchute__29,
2020-07-17,Node_427d5b30,Node_5e66cdb3,Gab,Bitchute,Gab__5,Bitchute__29,
2020-07-17,Node_0d2904b3,Node_5e66cdb3,Gab,Bitchute,Gab__87,Bitchute__29,
2020-03-05,Node_0d2904b3,Node_5e66cdb3,Gab,Bitchute,Gab__87,Bitchute__29,
2020-04-02,Node_0d2904b3,Node_5e66cdb3,Gab,Bitchute,Gab__87,Bitchute__29,
2020-04-03,Node_0d2904b3,Node_5e66cdb3,Gab,Bitchute,Gab__87,Bitchute__29,
2021-03-20,Node_9f50e6d3,Node_5e66cdb3,Gab,Bitchute,Gab__10,Bitchute__29,
2019-11-22,Node_9f50e6d3,Node_5e66cdb3,Gab,Bitchute,Gab__10,Bitchute__29,
2019-11-22,Node_427d5b30,Node_5e66cdb3,Gab,Bitchute,Gab__5,Bitchute__29,
2021-11-19,Node_97a99a10,Node_5e66cdb3,Bitchute,Bitchute,Bitchute__101,Bitchute__29,
2021-06-19,Node_97a99a10,Node_5e66cdb3,Bitchute,Bitchute,Bitchute__101,Bitchute__29,
2021-06-19,Node_f4925d78,Node_5e66cdb3,Bitchute,Bitchute,Bitchute__44,Bitchute__29,
2021-06-19,Node_97a99a10,Node_5e66cdb3,Bitchute,Bitchute,Bitchute__101,Bitchute__29,
2021-07-24,Node_e3e7ab35,Node_21345e53,TG,TG,TG__313,TG__1001447,PA
2021-08-29,Node_e3e7ab35,Node_21345e53,TG,TG,TG__313,TG__1001447,PA
2021-09-03,Node_e3e7ab35,Node_5f6045ac,TG,TG,TG__313,TG__1001787,PA
2021-09-05,Node_e3e7ab35,Node_5f6045ac,TG,TG,TG__313,TG__1001787,PA
2021-10-13,Node_e3e7ab35,Node_21345e53,TG,TG,TG__313,TG__1001447,PA
2021-11-24,Node_e3e7ab35,Node_88904165,TG,TG,TG__313,TG__1001790,PA
2021-12-04,Node_e3e7ab35,Node_e3f8b349,TG,TG,TG__313,TG__1001782,PA
2021-12-24,Node_e3e7ab35,Node_21345e53,TG,TG,TG__313,TG__1001447,PA
2020-02-15,Node_9f50e6d3,Node_5e66cdb3,Gab,TG,Gab__10,TG__500,
2021-10-18,Node_9f50e6d3,Node_5e66cdb3,Gab,TG,Gab__10,TG__500,
2021-10-18,Node_9f50e6d3,Node_5e66cdb3,Gab,TG,Gab__10,TG__500,
2021-10-18,Node_9f50e6d3,Node_5e66cdb3,Gab,TG,Gab__10,TG__500,
2021-10-18,Node_9f50e6d3,Node_5e66cdb3,Gab,TG,Gab__10,TG__500,
2021-11-06,Node_f6a7eb3c,Node_5e66cdb3,Gab,TG,Gab__93,TG__500,
2021-10-25,Node_9f50e6d3,Node_30ed85c2,Gab,TG,Gab__10,TG__482,
2021-11-06,Node_9f50e6d3,Node_5e66cdb3,Gab,TG,Gab__10,TG__500,
2024-01-15,Node_9f50e6d3,Node_854b86cc,Gab,Odysee,Gab__10,Odysee__1000424,
2023-11-13,Node_e3e7ab35,Node_854b86cc,TG,Odysee,TG__313,Odysee__1000424,PA
2022-08-08,Node_9f50e6d3,Node_30ed85c2,Gab,Odysee,Gab__10,Odysee__1000416,
2024-01-11,Node_e3e7ab35,Node_5e66cdb3,TG,Odysee,TG__313,Odysee__1000237,PA
2024-02-02,Node_5e66cdb3,Node_5e66cdb3,TG,Odysee,TG__500,Odysee__1000237,PA
2024-02-02,Node_5e66cdb3,Node_5e66cdb3,TG,Odysee,TG__500,Odysee__1000237,PA
2024-01-10,Node_5e66cdb3,Node_5e66cdb3,TG,Odysee,TG__500,Odysee__1000237,PA
2024-01-14,Node_e3e7ab35,Node_30ed85c2,TG,Odysee,TG__313,Odysee__1000416,PA
2024-01-13,Node_e3e7ab35,Node_5e66cdb3,TG,Odysee,TG__313,Odysee__1000237,PA
2024-01-11,Node_5e66cdb3,Node_5e66cdb3,TG,Odysee,TG__500,Odysee__1000237,PA
2024-01-12,Node_5e66cdb3,Node_5e66cdb3,TG,Odysee,TG__500,Odysee__1000237,PA
2023-07-12,Node_9f50e6d3,Node_30ed85c2,Gab,Odysee,Gab__10,Odysee__1000416,
2021-04-03,Node_5e66cdb3,Node_5e66cdb3,TG,Odysee,TG__500,Odysee__1000237,PA
2022-08-14,Node_9f50e6d3,Node_30ed85c2,Gab,Odysee,Gab__10,Odysee__1000416,
2024-01-15,Node_e3e7ab35,Node_5e66cdb3,TG,Odysee,TG__313,Odysee__1000237,PA
2022-08-14,Node_9f50e6d3,Node_30ed85c2,Gab,Odysee,Gab__10,Odysee__1000416,
2021-02-25,Node_5e66cdb3,Node_5e66cdb3,TG,Odysee,TG__500,Odysee__1000237,PA
2024-01-14,Node_5e66cdb3,Node_30ed85c2,TG,Odysee,TG__500,Odysee__1000416,PA
2024-01-14,Node_e3e7ab35,Node_5e66cdb3,TG,Odysee,TG__313,Odysee__1000237,PA
2023-01-03,Node_9f50e6d3,Node_30ed85c2,Gab,Odysee,Gab__10,Odysee__1000416,
2021-12-09,Node_9f50e6d3,Node_854b86cc,Gab,Odysee,Gab__10,Odysee__1000424,
2024-01-12,Node_5e66cdb3,Node_5e66cdb3,TG,Odysee,TG__500,Odysee__1000237,PA
2021-03-31,Node_9f50e6d3,Node_854b86cc,Gab,Odysee,Gab__10,Odysee__1000424,
2024-01-14,Node_9f50e6d3,Node_30ed85c2,Gab,Odysee,Gab__10,Odysee__1000416,
2024-01-15,Node_5e66cdb3,Node_5e66cdb3,TG,Odysee,TG__500,Odysee__1000237,PA
2024-01-14,Node_5e66cdb3,Node_5e66cdb3,TG,Odysee,TG__500,Odysee__1000237,PA
2021-03-31,Node_e3e7ab35,Node_854b86cc,TG,Odysee,TG__313,Odysee__1000424,PA
2022-08-07,Node_5e66cdb3,Node_4330ae55,TG,TG,TG__500,TG__1004167,PA
2022-08-14,Node_9f50e6d3,Node_30ed85c2,Gab,Odysee,Gab__10,Odysee__1000416,
2023-04-15,Node_9f50e6d3,Node_5e66cdb3,Gab,Odysee,Gab__10,Odysee__1000237,
2021-02-21,Node_6d8ae659,Node_30ed85c2,TG,Odysee,TG__497,Odysee__1000416,
2023-02-04,Node_e3e7ab35,Node_30ed85c2,TG,TG,TG__313,TG__482,PA
2021-01-13,Node_6d8ae659,Node_5e66cdb3,TG,TG,TG__497,TG__500,
2021-10-17,Node_e3e7ab35,Node_73980c34,TG,TG,TG__313,TG__1006403,PA
2021-10-17,Node_e3e7ab35,Node_88904165,TG,TG,TG__313,TG__1001790,PA
2021-10-17,Node_e3e7ab35,Node_2486fe12,TG,TG,TG__313,TG__1001446,PA
2021-10-17,Node_e3e7ab35,Node_5f6045ac,TG,TG,TG__313,TG__1001787,PA
2021-10-17,Node_e3e7ab35,Node_79604ecf,TG,TG,TG__313,TG__1006402,PA
2021-10-17,Node_e3e7ab35,Node_e3f8b349,TG,TG,TG__313,TG__1001782,PA
2021-10-17,Node_e3e7ab35,Node_4330ae55,TG,TG,TG__313,TG__1004167,PA
2021-10-17,Node_e3e7ab35,Node_21345e53,TG,TG,TG__313,TG__1001447,PA
2021-10-17,Node_e3e7ab35,Node_ea45b86f,TG,TG,TG__313,TG__1004281,PA
2021-10-17,Node_e3e7ab35,Node_c3f68a2c,TG,TG,TG__313,TG__1001709,PA
2021-01-11,Node_e3e7ab35,Node_5e66cdb3,TG,TG,TG__313,TG__500,PA
2021-06-05,Node_6d8ae659,Node_c3f68a2c,TG,TG,TG__497,TG__1001709,
2023-10-15,Node_9f50e6d3,Node_5e66cdb3,Gab,TG,Gab__10,TG__500,
2023-01-07,Node_5e66cdb3,Node_88904165,TG,TG,TG__500,TG__1001790,PA
2023-12-15,Node_5e66cdb3,Node_5e66cdb3,TG,Bitchute,TG__500,Bitchute__29,PA
2024-01-05,Node_5e66cdb3,Node_5e66cdb3,TG,Bitchute,TG__500,Bitchute__29,PA
2020-09-17,Node_5e66cdb3,Node_5e66cdb3,TG,Bitchute,TG__500,Bitchute__29,PA
2023-09-22,Node_5e66cdb3,Node_5e66cdb3,TG,Bitchute,TG__500,Bitchute__29,PA
2022-04-15,Node_e3e7ab35,Node_5e66cdb3,TG,Bitchute,TG__313,Bitchute__29,PA
2021-10-29,Node_5e66cdb3,Node_5e66cdb3,TG,Bitchute,TG__500,Bitchute__29,PA
2021-05-21,Node_e3e7ab35,Node_5e66cdb3,TG,Bitchute,TG__313,Bitchute__29,PA
2023-01-13,Node_5e66cdb3,Node_5e66cdb3,TG,Bitchute,TG__500,Bitchute__29,PA
2019-08-22,Node_5e66cdb3,Node_5e66cdb3,TG,Bitchute,TG__500,Bitchute__29,PA
2022-09-23,Node_5e66cdb3,Node_5e66cdb3,TG,Bitchute,TG__500,Bitchute__29,PA
2022-07-15,Node_5e66cdb3,Node_5e66cdb3,TG,Bitchute,TG__500,Bitchute__29,PA
2023-04-21,Node_e3e7ab35,Node_5e66cdb3,TG,Bitchute,TG__313,Bitchute__29,PA
2023-08-25,Node_5e66cdb3,Node_5e66cdb3,TG,Bitchute,TG__500,Bitchute__29,PA
2020-08-14,Node_e3e7ab35,Node_5e66cdb3,TG,Bitchute,TG__313,Bitchute__29,PA
2023-05-26,Node_e3e7ab35,Node_5e66cdb3,TG,Bitchute,TG__313,Bitchute__29,PA
2021-06-10,Node_5e66cdb3,Node_5e66cdb3,TG,Bitchute,TG__500,Bitchute__29,PA
2020-05-26,Node_6d8ae659,Node_30ed85c2,TG,Bitchute,TG__497,Bitchute__1000138,
2022-10-21,Node_5e66cdb3,Node_5e66cdb3,TG,Bitchute,TG__500,Bitchute__29,PA
2023-05-26,Node_5e66cdb3,Node_5e66cdb3,TG,Bitchute,TG__500,Bitchute__29,PA
2023-04-07,Node_5e66cdb3,Node_5e66cdb3,TG,Bitchute,TG__500,Bitchute__29,PA
2022-03-04,Node_5e66cdb3,Node_5e66cdb3,TG,Bitchute,TG__500,Bitchute__29,PA
2020-08-14,Node_5e66cdb3,Node_5e66cdb3,TG,Bitchute,TG__500,Bitchute__29,PA
2019-10-03,Node_a083b70c,Node_5e66cdb3,TG,Bitchute,TG__459,Bitchute__29,
2022-04-15,Node_5e66cdb3,Node_5e66cdb3,TG,Bitchute,TG__500,Bitchute__29,PA
2023-09-15,Node_e3e7ab35,Node_5e66cdb3,TG,Bitchute,TG__313,Bitchute__29,PA
2023-04-14,Node_9f50e6d3,Node_5e66cdb3,Gab,Bitchute,Gab__10,Bitchute__29,
2023-02-17,Node_5e66cdb3,Node_5e66cdb3,TG,Bitchute,TG__500,Bitchute__29,PA
2023-02-17,Node_e3e7ab35,Node_5e66cdb3,TG,Bitchute,TG__313,Bitchute__29,PA
2021-12-10,Node_e3e7ab35,Node_5e66cdb3,TG,Bitchute,TG__313,Bitchute__29,PA
2022-12-09,Node_5e66cdb3,Node_5e66cdb3,TG,Bitchute,TG__500,Bitchute__29,PA
2022-06-17,Node_e3e7ab35,Node_5e66cdb3,TG,Bitchute,TG__313,Bitchute__29,PA
2021-04-09,Node_5e66cdb3,Node_5e66cdb3,TG,Bitchute,TG__500,Bitchute__29,PA
2023-12-15,Node_5e66cdb3,Node_5e66cdb3,TG,Bitchute,TG__500,Bitchute__29,PA
2021-06-18,Node_5e66cdb3,Node_5e66cdb3,TG,Bitchute,TG__500,Bitchute__29,PA
2023-01-27,Node_5e66cdb3,Node_5e66cdb3,TG,Bitchute,TG__500,Bitchute__29,PA
2023-08-18,Node_5e66cdb3,Node_5e66cdb3,TG,Bitchute,TG__500,Bitchute__29,PA
2021-01-27,Node_5e66cdb3,Node_5e66cdb3,TG,Bitchute,TG__500,Bitchute__29,PA
2023-01-20,Node_5e66cdb3,Node_5e66cdb3,TG,Bitchute,TG__500,Bitchute__29,PA
2023-11-24,Node_5e66cdb3,Node_5e66cdb3,TG,Bitchute,TG__500,Bitchute__29,PA
2023-09-08,Node_5e66cdb3,Node_5e66cdb3,TG,Bitchute,TG__500,Bitchute__29,PA
2022-06-17,Node_5e66cdb3,Node_5e66cdb3,TG,Bitchute,TG__500,Bitchute__29,PA
2021-06-04,Node_e3e7ab35,Node_5e66cdb3,TG,Bitchute,TG__313,Bitchute__29,PA
2021-01-22,Node_e3e7ab35,Node_5e66cdb3,TG,Bitchute,TG__313,Bitchute__29,PA
2021-11-19,Node_e3e7ab35,Node_5e66cdb3,TG,Bitchute,TG__313,Bitchute__29,PA
2021-11-19,Node_5e66cdb3,Node_5e66cdb3,TG,Bitchute,TG__500,Bitchute__29,PA
2021-11-13,Node_5e66cdb3,Node_5e66cdb3,TG,Bitchute,TG__500,Bitchute__29,PA
2020-06-19,Node_5e66cdb3,Node_5e66cdb3,TG,Bitchute,TG__500,Bitchute__29,PA
2022-10-22,Node_e3e7ab35,Node_5e66cdb3,TG,Bitchute,TG__313,Bitchute__29,PA
2021-11-12,Node_e3e7ab35,Node_5e66cdb3,TG,Bitchute,TG__313,Bitchute__29,PA
2022-05-06,Node_e3e7ab35,Node_5e66cdb3,TG,Bitchute,TG__313,Bitchute__29,PA
2023-03-10,Node_9f50e6d3,Node_5e66cdb3,Gab,Bitchute,Gab__10,Bitchute__29,
2019-09-17,Node_5e66cdb3,Node_5e66cdb3,TG,Bitchute,TG__500,Bitchute__29,PA
2022-08-19,Node_5e66cdb3,Node_5e66cdb3,TG,Bitchute,TG__500,Bitchute__29,PA
2022-10-28,Node_5e66cdb3,Node_5e66cdb3,TG,Bitchute,TG__500,Bitchute__29,PA
2020-10-16,Node_5e66cdb3,Node_5e66cdb3,TG,Bitchute,TG__500,Bitchute__29,PA
2023-03-06,Node_9f50e6d3,Node_5e66cdb3,Gab,Bitchute,Gab__10,Bitchute__29,
2021-01-27,Node_6d8ae659,Node_5e66cdb3,TG,Bitchute,TG__497,Bitchute__29,
2021-11-09,Node_e3e7ab35,Node_30ed85c2,TG,Odysee,TG__313,Odysee__1000416,PA
2021-12-07,Node_e3e7ab35,Node_30ed85c2,TG,Odysee,TG__313,Odysee__1000416,PA
2021-05-16,Node_5e66cdb3,Node_5e66cdb3,TG,Odysee,TG__500,Odysee__1000237,PA
2021-08-25,Node_5e66cdb3,Node_5e66cdb3,TG,Odysee,TG__500,Odysee__1000237,PA
2021-08-10,Node_e3e7ab35,Node_854b86cc,TG,Odysee,TG__313,Odysee__1000424,PA
2021-07-01,Node_5e66cdb3,Node_5e66cdb3,TG,Odysee,TG__500,Odysee__1000237,PA
2021-11-12,Node_5e66cdb3,Node_5e66cdb3,TG,Odysee,TG__500,Odysee__1000237,PA
2021-08-10,Node_e3e7ab35,Node_854b86cc,TG,Odysee,TG__313,Odysee__1000424,PA
2021-09-09,Node_5e66cdb3,Node_5e66cdb3,TG,Odysee,TG__500,Odysee__1000237,PA
2021-08-04,Node_5e66cdb3,Node_5e66cdb3,TG,Odysee,TG__500,Odysee__1000237,PA
2021-07-14,Node_5e66cdb3,Node_5e66cdb3,TG,Odysee,TG__500,Odysee__1000237,PA
2022-01-24,Node_5e66cdb3,Node_30ed85c2,TG,Odysee,TG__500,Odysee__1000416,PA
2022-01-27,Node_5e66cdb3,Node_5e66cdb3,TG,Odysee,TG__500,Odysee__1000237,PA
2022-01-28,Node_5e66cdb3,Node_5e66cdb3,TG,Odysee,TG__500,Odysee__1000237,PA
2022-02-25,Node_5e66cdb3,Node_5e66cdb3,TG,Odysee,TG__500,Odysee__1000237,PA
2022-02-26,Node_5e66cdb3,Node_5e66cdb3,TG,Odysee,TG__500,Odysee__1000237,PA
2022-02-28,Node_5e66cdb3,Node_5e66cdb3,TG,Odysee,TG__500,Odysee__1000237,PA
2021-11-14,Node_e3e7ab35,Node_79604ecf,TG,Odysee,TG__313,Odysee__1000617,PA
2022-03-03,Node_5e66cdb3,Node_5e66cdb3,TG,Odysee,TG__500,Odysee__1000237,PA
2022-03-04,Node_5e66cdb3,Node_5e66cdb3,TG,Odysee,TG__500,Odysee__1000237,PA
2022-03-09,Node_e3e7ab35,Node_854b86cc,TG,Odysee,TG__313,Odysee__1000424,PA
2023-08-14,Node_5e66cdb3,Node_30ed85c2,TG,Odysee,TG__500,Odysee__1000416,PA
2023-02-03,Node_9f50e6d3,Node_5e66cdb3,Gab,Odysee,Gab__10,Odysee__1000237,
2021-04-06,Node_e3e7ab35,Node_ea45b86f,TG,Odysee,TG__313,Odysee__1000503,PA
2023-09-06,Node_5e66cdb3,Node_5e66cdb3,TG,Odysee,TG__500,Odysee__1000237,PA
2021-06-25,Node_e3e7ab35,Node_5e66cdb3,TG,Odysee,TG__313,Odysee__1000237,PA
2023-12-04,Node_5e66cdb3,Node_5e66cdb3,TG,Odysee,TG__500,Odysee__1000237,PA
2021-08-09,Node_5e66cdb3,Node_5e66cdb3,TG,Odysee,TG__500,Odysee__1000237,PA
2023-01-25,Node_5e66cdb3,Node_5e66cdb3,TG,Odysee,TG__500,Odysee__1000237,PA
2022-04-15,Node_5e66cdb3,Node_5e66cdb3,TG,Odysee,TG__500,Odysee__1000237,PA
2023-09-15,Node_e3e7ab35,Node_5e66cdb3,TG,Odysee,TG__313,Odysee__1000237,PA
2023-04-14,Node_9f50e6d3,Node_5e66cdb3,Gab,Odysee,Gab__10,Odysee__1000237,
2023-08-04,Node_e3e7ab35,Node_5e66cdb3,TG,Odysee,TG__313,Odysee__1000237,PA
2021-08-15,Node_5e66cdb3,Node_5e66cdb3,TG,Odysee,TG__500,Odysee__1000237,PA
2023-06-02,Node_2c19d413,Node_5e66cdb3,Gab,Odysee,Gab__104,Odysee__1000237,
2023-02-17,Node_5e66cdb3,Node_5e66cdb3,TG,Odysee,TG__500,Odysee__1000237,PA
2023-02-17,Node_e3e7ab35,Node_5e66cdb3,TG,Odysee,TG__313,Odysee__1000237,PA
2021-09-01,Node_e3e7ab35,Node_5e66cdb3,TG,Odysee,TG__313,Odysee__1000237,PA
2021-06-14,Node_5e66cdb3,Node_5e66cdb3,TG,Odysee,TG__500,Odysee__1000237,PA
2021-04-13,Node_5e66cdb3,Node_5e66cdb3,TG,Odysee,TG__500,Odysee__1000237,PA
2021-12-10,Node_e3e7ab35,Node_5e66cdb3,TG,Odysee,TG__313,Odysee__1000237,PA
2022-10-07,Node_e3e7ab35,Node_5e66cdb3,TG,Odysee,TG__313,Odysee__1000237,PA
2021-11-14,Node_5e66cdb3,Node_5e66cdb3,TG,Odysee,TG__500,Odysee__1000237,PA
2021-09-26,Node_e3e7ab35,Node_5e66cdb3,TG,Odysee,TG__313,Odysee__1000237,PA
2022-04-10,Node_6d8ae659,Node_5e66cdb3,TG,Odysee,TG__497,Odysee__1000237,
2023-10-16,Node_5e66cdb3,Node_30ed85c2,TG,Odysee,TG__500,Odysee__1000416,PA
2023-12-01,Node_5e66cdb3,Node_5e66cdb3,TG,Odysee,TG__500,Odysee__1000237,PA
2023-02-20,Node_5e66cdb3,Node_30ed85c2,TG,Odysee,TG__500,Odysee__1000416,PA
2023-02-16,Node_5e66cdb3,Node_5e66cdb3,TG,Odysee,TG__500,Odysee__1000237,PA
2023-09-04,Node_e3e7ab35,Node_854b86cc,TG,Odysee,TG__313,Odysee__1000424,PA
2021-06-15,Node_5e66cdb3,Node_5e66cdb3,TG,Odysee,TG__500,Odysee__1000237,PA
2022-08-09,Node_e3e7ab35,Node_c3f68a2c,TG,Odysee,TG__313,Odysee__1000798,PA
2022-12-26,Node_e3e7ab35,Node_30ed85c2,TG,Odysee,TG__313,Odysee__1000416,PA
2022-11-04,Node_5e66cdb3,Node_5e66cdb3,TG,Odysee,TG__500,Odysee__1000237,PA
2022-08-16,Node_5e66cdb3,Node_5e66cdb3,TG,Odysee,TG__500,Odysee__1000237,PA
2021-06-23,Node_e3e7ab35,Node_5e66cdb3,TG,Odysee,TG__313,Odysee__1000237,PA
2022-06-26,Node_e3e7ab35,Node_5e66cdb3,TG,Odysee,TG__313,Odysee__1000237,PA
2023-07-03,Node_e3e7ab35,Node_30ed85c2,TG,Odysee,TG__313,Odysee__1000416,PA
2021-04-30,Node_5e66cdb3,Node_5e66cdb3,TG,Odysee,TG__500,Odysee__1000237,PA
2021-04-19,Node_5e66cdb3,Node_5e66cdb3,TG,Odysee,TG__500,Odysee__1000237,PA
2022-05-10,Node_6d8ae659,Node_5e66cdb3,TG,Odysee,TG__497,Odysee__1000237,
2021-11-06,Node_5e66cdb3,Node_854b86cc,TG,Odysee,TG__500,Odysee__1000424,PA
2021-07-25,Node_e3e7ab35,Node_5e66cdb3,TG,Odysee,TG__313,Odysee__1000237,PA
2022-10-24,Node_5e66cdb3,Node_30ed85c2,TG,Odysee,TG__500,Odysee__1000416,PA
2023-04-19,Node_5e66cdb3,Node_5e66cdb3,TG,Odysee,TG__500,Odysee__1000237,PA
2022-05-25,Node_6d8ae659,Node_5e66cdb3,TG,Odysee,TG__497,Odysee__1000237,
2022-01-07,Node_5e66cdb3,Node_5e66cdb3,TG,Odysee,TG__500,Odysee__1000237,PA
2023-01-30,Node_5e66cdb3,Node_5e66cdb3,TG,Odysee,TG__500,Odysee__1000237,PA
2021-10-24,Node_5e66cdb3,Node_5e66cdb3,TG,Odysee,TG__500,Odysee__1000237,PA
2022-11-18,Node_e3e7ab35,Node_854b86cc,TG,Odysee,TG__313,Odysee__1000424,PA
2023-03-31,Node_5e66cdb3,Node_5e66cdb3,TG,Odysee,TG__500,Odysee__1000237,PA
2022-06-08,Node_5e66cdb3,Node_5e66cdb3,TG,Odysee,TG__500,Odysee__1000237,PA
2023-01-19,Node_e3e7ab35,Node_5e66cdb3,TG,Odysee,TG__313,Odysee__1000237,PA
2023-09-17,Node_e3e7ab35,Node_5e66cdb3,TG,Odysee,TG__313,Odysee__1000237,PA
2023-04-30,Node_5e66cdb3,Node_5e66cdb3,TG,Odysee,TG__500,Odysee__1000237,PA
2023-01-11,Node_5e66cdb3,Node_5e66cdb3,TG,Odysee,TG__500,Odysee__1000237,PA
2023-07-12,Node_e3e7ab35,Node_5e66cdb3,TG,Odysee,TG__313,Odysee__1000237,PA
2023-03-31,Node_e3e7ab35,Node_5e66cdb3,TG,Odysee,TG__313,Odysee__1000237,PA
2023-06-10,Node_e3e7ab35,Node_30ed85c2,TG,Odysee,TG__313,Odysee__1000416,PA
2021-10-15,Node_5e66cdb3,Node_5e66cdb3,TG,Odysee,TG__500,Odysee__1000237,PA
2022-01-10,Node_5e66cdb3,Node_5e66cdb3,TG,Odysee,TG__500,Odysee__1000237,PA
2021-06-13,Node_e3e7ab35,Node_5e66cdb3,TG,Odysee,TG__313,Odysee__1000237,PA
2023-09-15,Node_5e66cdb3,Node_5e66cdb3,TG,Odysee,TG__500,Odysee__1000237,PA
2023-10-22,Node_e3e7ab35,Node_5e66cdb3,TG,Odysee,TG__313,Odysee__1000237,PA
2023-09-20,Node_e3e7ab35,Node_5e66cdb3,TG,Odysee,TG__313,Odysee__1000237,PA
2022-01-10,Node_e3e7ab35,Node_30ed85c2,TG,Odysee,TG__313,Odysee__1000416,PA
2022-08-23,Node_6d8ae659,Node_5e66cdb3,TG,Odysee,TG__497,Odysee__1000237,
2023-07-26,Node_e3e7ab35,Node_5e66cdb3,TG,Odysee,TG__313,Odysee__1000237,PA
2022-01-13,Node_5e66cdb3,Node_5e66cdb3,TG,Odysee,TG__500,Odysee__1000237,PA
2022-01-14,Node_5e66cdb3,Node_5e66cdb3,TG,Odysee,TG__500,Odysee__1000237,PA
2021-08-04,Node_e3e7ab35,Node_30ed85c2,TG,Odysee,TG__313,Odysee__1000416,PA
2022-02-02,Node_5e66cdb3,Node_5e66cdb3,TG,Odysee,TG__500,Odysee__1000237,PA
2023-04-16,Node_e3e7ab35,Node_5e66cdb3,TG,Odysee,TG__313,Odysee__1000237,PA
2023-02-13,Node_5e66cdb3,Node_30ed85c2,TG,Odysee,TG__500,Odysee__1000416,PA
2021-03-27,Node_5e66cdb3,Node_5e66cdb3,TG,Odysee,TG__500,Odysee__1000237,PA
2022-08-22,Node_5e66cdb3,Node_30ed85c2,TG,Odysee,TG__500,Odysee__1000416,PA
2021-05-19,Node_5e66cdb3,Node_5e66cdb3,TG,Odysee,TG__500,Odysee__1000237,PA
2021-08-08,Node_e3e7ab35,Node_5e66cdb3,TG,Odysee,TG__313,Odysee__1000237,PA
2023-11-24,Node_e3e7ab35,Node_5e66cdb3,TG,Odysee,TG__313,Odysee__1000237,PA
2023-03-13,Node_e3e7ab35,Node_30ed85c2,TG,Odysee,TG__313,Odysee__1000416,PA
2021-08-09,Node_e3e7ab35,Node_30ed85c2,TG,Odysee,TG__313,Odysee__1000416,PA
2023-03-26,Node_5e66cdb3,Node_5e66cdb3,TG,Odysee,TG__500,Odysee__1000237,PA
2023-08-15,Node_e3e7ab35,Node_5e66cdb3,TG,Odysee,TG__313,Odysee__1000237,PA
2023-09-13,Node_5e66cdb3,Node_5e66cdb3,TG,Odysee,TG__500,Odysee__1000237,PA
2021-08-16,Node_5e66cdb3,Node_30ed85c2,TG,Odysee,TG__500,Odysee__1000416,PA
2022-06-20,Node_5e66cdb3,Node_30ed85c2,TG,Odysee,TG__500,Odysee__1000416,PA
2022-01-17,Node_5e66cdb3,Node_5e66cdb3,TG,Odysee,TG__500,Odysee__1000237,PA
2023-12-13,Node_5e66cdb3,Node_5e66cdb3,TG,Odysee,TG__500,Odysee__1000237,PA
2021-11-08,Node_e3e7ab35,Node_854b86cc,TG,Odysee,TG__313,Odysee__1000424,PA
2023-09-10,Node_5e66cdb3,Node_5e66cdb3,TG,Odysee,TG__500,Odysee__1000237,PA
2021-05-12,Node_e3e7ab35,Node_5e66cdb3,TG,Odysee,TG__313,Odysee__1000237,PA
2021-07-21,Node_5e66cdb3,Node_5e66cdb3,TG,Odysee,TG__500,Odysee__1000237,PA
2023-07-30,Node_5e66cdb3,Node_5e66cdb3,TG,Odysee,TG__500,Odysee__1000237,PA
2021-04-25,Node_5e66cdb3,Node_5e66cdb3,TG,Odysee,TG__500,Odysee__1000237,PA
2022-06-12,Node_e3e7ab35,Node_5e66cdb3,TG,Odysee,TG__313,Odysee__1000237,PA
2023-03-01,Node_5e66cdb3,Node_5e66cdb3,TG,Odysee,TG__500,Odysee__1000237,PA
2023-08-09,Node_5e66cdb3,Node_5e66cdb3,TG,Odysee,TG__500,Odysee__1000237,PA
2022-03-16,Node_5e66cdb3,Node_5e66cdb3,TG,Odysee,TG__500,Odysee__1000237,PA
2021-10-23,Node_5e66cdb3,Node_5e66cdb3,TG,Odysee,TG__500,Odysee__1000237,PA
2023-10-20,Node_5e66cdb3,Node_5e66cdb3,TG,Odysee,TG__500,Odysee__1000237,PA
2022-10-10,Node_5e66cdb3,Node_30ed85c2,TG,Odysee,TG__500,Odysee__1000416,PA
2023-01-18,Node_5e66cdb3,Node_5e66cdb3,TG,Odysee,TG__500,Odysee__1000237,PA
2023-08-02,Node_e3e7ab35,Node_5e66cdb3,TG,Odysee,TG__313,Odysee__1000237,PA
2022-01-02,Node_e3e7ab35,Node_5e66cdb3,TG,Odysee,TG__313,Odysee__1000237,PA
2022-02-04,Node_5e66cdb3,Node_5e66cdb3,TG,Odysee,TG__500,Odysee__1000237,PA
2021-12-01,Node_e3e7ab35,Node_5e66cdb3,TG,Odysee,TG__313,Odysee__1000237,PA
2023-08-16,Node_5e66cdb3,Node_5e66cdb3,TG,Odysee,TG__500,Odysee__1000237,PA
2022-04-22,Node_5e66cdb3,Node_5e66cdb3,TG,Odysee,TG__500,Odysee__1000237,PA
2021-10-31,Node_e3e7ab35,Node_5e66cdb3,TG,Odysee,TG__313,Odysee__1000237,PA
2022-12-13,Node_5e66cdb3,Node_30ed85c2,TG,Odysee,TG__500,Odysee__1000416,PA
2021-07-15,Node_e3e7ab35,Node_5e66cdb3,TG,Odysee,TG__313,Odysee__1000237,PA
2023-12-14,Node_5e66cdb3,Node_5e66cdb3,TG,Odysee,TG__500,Odysee__1000237,PA
2023-08-07,Node_e3e7ab35,Node_30ed85c2,TG,Odysee,TG__313,Odysee__1000416,PA
2022-10-29,Node_e3e7ab35,Node_5e66cdb3,TG,Odysee,TG__313,Odysee__1000237,PA
2021-07-18,Node_5e66cdb3,Node_5e66cdb3,TG,Odysee,TG__500,Odysee__1000237,PA
2023-05-19,Node_5e66cdb3,Node_5e66cdb3,TG,Odysee,TG__500,Odysee__1000237,PA
2022-05-06,Node_5e66cdb3,Node_5e66cdb3,TG,Odysee,TG__500,Odysee__1000237,PA
2021-10-20,Node_e3e7ab35,Node_5e66cdb3,TG,Odysee,TG__313,Odysee__1000237,PA
2023-03-02,Node_5e66cdb3,Node_5e66cdb3,TG,Odysee,TG__500,Odysee__1000237,PA
2023-05-29,Node_e3e7ab35,Node_30ed85c2,TG,Odysee,TG__313,Odysee__1000416,PA
2022-03-20,Node_5e66cdb3,Node_5e66cdb3,TG,Odysee,TG__500,Odysee__1000237,PA
2023-01-16,Node_e3e7ab35,Node_854b86cc,TG,Odysee,TG__313,Odysee__1000424,PA
2022-04-20,Node_5e66cdb3,Node_5e66cdb3,TG,Odysee,TG__500,Odysee__1000237,PA
2023-04-15,Node_e3e7ab35,Node_854b86cc,TG,Odysee,TG__313,Odysee__1000424,PA
2022-09-16,Node_5e66cdb3,Node_5e66cdb3,TG,Odysee,TG__500,Odysee__1000237,PA
2023-07-10,Node_5e66cdb3,Node_30ed85c2,TG,Odysee,TG__500,Odysee__1000416,PA
2022-12-28,Node_e3e7ab35,Node_5e66cdb3,TG,Odysee,TG__313,Odysee__1000237,PA
2023-12-28,Node_5e66cdb3,Node_5e66cdb3,TG,Odysee,TG__500,Odysee__1000237,PA
2022-05-04,Node_5e66cdb3,Node_5e66cdb3,TG,Odysee,TG__500,Odysee__1000237,PA
2023-07-02,Node_5e66cdb3,Node_5e66cdb3,TG,Odysee,TG__500,Odysee__1000237,PA
2021-04-23,Node_5e66cdb3,Node_5e66cdb3,TG,Odysee,TG__500,Odysee__1000237,PA
2022-07-29,Node_5e66cdb3,Node_5e66cdb3,TG,Odysee,TG__500,Odysee__1000237,PA
2023-01-09,Node_5e66cdb3,Node_30ed85c2,TG,Odysee,TG__500,Odysee__1000416,PA
2022-02-07,Node_5e66cdb3,Node_30ed85c2,TG,Odysee,TG__500,Odysee__1000416,PA
2023-10-11,Node_5e66cdb3,Node_5e66cdb3,TG,Odysee,TG__500,Odysee__1000237,PA
2022-08-19,Node_5e66cdb3,Node_5e66cdb3,TG,Odysee,TG__500,Odysee__1000237,PA
2023-06-28,Node_0db5e598,Node_5e66cdb3,TG,Odysee,TG__84,Odysee__1000237,
2023-02-01,Node_5e66cdb3,Node_5e66cdb3,TG,Odysee,TG__500,Odysee__1000237,PA
2023-02-03,Node_5e66cdb3,Node_5e66cdb3,TG,Odysee,TG__500,Odysee__1000237,PA
2021-11-08,Node_e3e7ab35,Node_30ed85c2,TG,Odysee,TG__313,Odysee__1000416,PA
2023-07-26,Node_5e66cdb3,Node_5e66cdb3,TG,Odysee,TG__500,Odysee__1000237,PA
2023-01-16,Node_5e66cdb3,Node_854b86cc,TG,Odysee,TG__500,Odysee__1000424,PA
2022-11-27,Node_e3e7ab35,Node_854b86cc,TG,Odysee,TG__313,Odysee__1000424,PA
2023-09-13,Node_5e66cdb3,Node_5e66cdb3,TG,Odysee,TG__500,Odysee__1000237,PA
2022-09-26,Node_5e66cdb3,Node_30ed85c2,TG,Odysee,TG__500,Odysee__1000416,PA
2022-11-06,Node_5e66cdb3,Node_854b86cc,TG,Odysee,TG__500,Odysee__1000424,PA
2023-03-26,Node_5e66cdb3,Node_5e66cdb3,TG,Odysee,TG__500,Odysee__1000237,PA
2023-01-16,Node_5e66cdb3,Node_5e66cdb3,TG,Odysee,TG__500,Odysee__1000237,PA
2023-09-21,Node_5e66cdb3,Node_30ed85c2,TG,Odysee,TG__500,Odysee__1000416,PA
2022-09-30,Node_5e66cdb3,Node_5e66cdb3,TG,Odysee,TG__500,Odysee__1000237,PA
2022-05-11,Node_5e66cdb3,Node_5e66cdb3,TG,Odysee,TG__500,Odysee__1000237,PA
2021-07-19,Node_5e66cdb3,Node_30ed85c2,TG,Odysee,TG__500,Odysee__1000416,PA
2023-12-20,Node_5e66cdb3,Node_5e66cdb3,TG,Odysee,TG__500,Odysee__1000237,PA
2022-05-18,Node_e3e7ab35,Node_5e66cdb3,TG,Odysee,TG__313,Odysee__1000237,PA
2021-10-03,Node_5e66cdb3,Node_5e66cdb3,TG,Odysee,TG__500,Odysee__1000237,PA
2023-03-03,Node_5e66cdb3,Node_854b86cc,TG,Odysee,TG__500,Odysee__1000424,PA
2023-11-10,Node_5e66cdb3,Node_5e66cdb3,TG,Odysee,TG__500,Odysee__1000237,PA
2022-08-23,Node_e3e7ab35,Node_79604ecf,TG,Odysee,TG__313,Odysee__1000617,PA
2021-10-06,Node_5e66cdb3,Node_5e66cdb3,TG,Odysee,TG__500,Odysee__1000237,PA
2023-06-20,Node_e3e7ab35,Node_854b86cc,TG,Odysee,TG__313,Odysee__1000424,PA
2023-10-11,Node_5e66cdb3,Node_5e66cdb3,TG,Odysee,TG__500,Odysee__1000237,PA
2023-06-14,Node_5e66cdb3,Node_5e66cdb3,TG,Odysee,TG__500,Odysee__1000237,PA
2023-08-10,Node_f4925d78,Node_5e66cdb3,Bitchute,Odysee,Bitchute__44,Odysee__1000237,
2021-11-06,Node_e3e7ab35,Node_854b86cc,TG,Odysee,TG__313,Odysee__1000424,PA
2021-09-08,Node_5e66cdb3,Node_5e66cdb3,TG,Odysee,TG__500,Odysee__1000237,PA
2023-09-01,Node_5e66cdb3,Node_5e66cdb3,TG,Odysee,TG__500,Odysee__1000237,PA
2022-10-05,Node_5e66cdb3,Node_5e66cdb3,TG,Odysee,TG__500,Odysee__1000237,PA
2021-08-25,Node_5e66cdb3,Node_5e66cdb3,TG,Odysee,TG__500,Odysee__1000237,PA
2022-09-14,Node_5e66cdb3,Node_5e66cdb3,TG,Odysee,TG__500,Odysee__1000237,PA
2022-04-29,Node_5e66cdb3,Node_5e66cdb3,TG,Odysee,TG__500,Odysee__1000237,PA
2023-07-28,Node_5e66cdb3,Node_5e66cdb3,TG,Odysee,TG__500,Odysee__1000237,PA
2023-02-21,Node_e3e7ab35,Node_854b86cc,TG,Odysee,TG__313,Odysee__1000424,PA
2021-08-02,Node_e3e7ab35,Node_30ed85c2,TG,Odysee,TG__313,Odysee__1000416,PA
2023-10-13,Node_e3e7ab35,Node_5e66cdb3,TG,Odysee,TG__313,Odysee__1000237,PA
2023-04-19,Node_e3e7ab35,Node_5e66cdb3,TG,Odysee,TG__313,Odysee__1000237,PA
2023-04-12,Node_e3e7ab35,Node_5e66cdb3,TG,Odysee,TG__313,Odysee__1000237,PA
2023-08-04,Node_e3e7ab35,Node_5e66cdb3,TG,Odysee,TG__313,Odysee__1000237,PA
2023-08-13,Node_5e66cdb3,Node_5e66cdb3,TG,Odysee,TG__500,Odysee__1000237,PA
2022-04-20,Node_5e66cdb3,Node_5e66cdb3,TG,Odysee,TG__500,Odysee__1000237,PA
2023-05-21,Node_5e66cdb3,Node_5e66cdb3,TG,Odysee,TG__500,Odysee__1000237,PA
2022-12-30,Node_5e66cdb3,Node_5e66cdb3,TG,Odysee,TG__500,Odysee__1000237,PA
2022-05-16,Node_e3e7ab35,Node_30ed85c2,TG,Odysee,TG__313,Odysee__1000416,PA
2022-11-09,Node_5e66cdb3,Node_854b86cc,TG,Odysee,TG__500,Odysee__1000424,PA
2022-04-22,Node_5e66cdb3,Node_5e66cdb3,TG,Odysee,TG__500,Odysee__1000237,PA
2022-07-06,Node_5e66cdb3,Node_5e66cdb3,TG,Odysee,TG__500,Odysee__1000237,PA
2022-05-20,Node_5e66cdb3,Node_5e66cdb3,TG,Odysee,TG__500,Odysee__1000237,PA
2023-06-21,Node_5e66cdb3,Node_5e66cdb3,TG,Odysee,TG__500,Odysee__1000237,PA
2021-11-22,Node_5e66cdb3,Node_30ed85c2,TG,Odysee,TG__500,Odysee__1000416,PA
2023-08-11,Node_5e66cdb3,Node_5e66cdb3,TG,Odysee,TG__500,Odysee__1000237,PA
2023-09-29,Node_5e66cdb3,Node_5e66cdb3,TG,Odysee,TG__500,Odysee__1000237,PA
2023-01-26,Node_5e66cdb3,Node_5e66cdb3,TG,Odysee,TG__500,Odysee__1000237,PA
2023-07-30,Node_e3e7ab35,Node_5e66cdb3,TG,Odysee,TG__313,Odysee__1000237,PA
2021-11-01,Node_e3e7ab35,Node_30ed85c2,TG,Odysee,TG__313,Odysee__1000416,PA
2023-12-29,Node_5e66cdb3,Node_5e66cdb3,TG,Odysee,TG__500,Odysee__1000237,PA
2022-11-07,Node_e3e7ab35,Node_854b86cc,TG,Odysee,TG__313,Odysee__1000424,PA
2021-07-26,Node_5e66cdb3,Node_30ed85c2,TG,Odysee,TG__500,Odysee__1000416,PA
2023-06-28,Node_e3e7ab35,Node_5e66cdb3,TG,Odysee,TG__313,Odysee__1000237,PA
2022-09-25,Node_5e66cdb3,Node_5e66cdb3,TG,Odysee,TG__500,Odysee__1000237,PA
2023-06-07,Node_e3e7ab35,Node_5e66cdb3,TG,Odysee,TG__313,Odysee__1000237,PA
2023-06-05,Node_5e66cdb3,Node_30ed85c2,TG,Odysee,TG__500,Odysee__1000416,PA
2022-04-27,Node_5e66cdb3,Node_5e66cdb3,TG,Odysee,TG__500,Odysee__1000237,PA
2023-11-17,Node_5e66cdb3,Node_5e66cdb3,TG,Odysee,TG__500,Odysee__1000237,PA
2023-10-09,Node_e3e7ab35,Node_30ed85c2,TG,Odysee,TG__313,Odysee__1000416,PA
2021-04-06,Node_5e66cdb3,Node_5e66cdb3,TG,Odysee,TG__500,Odysee__1000237,PA
2022-12-14,Node_5e66cdb3,Node_5e66cdb3,TG,Odysee,TG__500,Odysee__1000237,PA
2023-04-26,Node_e3e7ab35,Node_854b86cc,TG,Odysee,TG__313,Odysee__1000424,PA
2023-10-20,Node_5e66cdb3,Node_854b86cc,TG,Odysee,TG__500,Odysee__1000424,PA
2021-04-19,Node_5e66cdb3,Node_5e66cdb3,TG,Odysee,TG__500,Odysee__1000237,PA
2023-02-09,Node_5e66cdb3,Node_5e66cdb3,TG,Odysee,TG__500,Odysee__1000237,PA
2021-05-18,Node_5e66cdb3,Node_5e66cdb3,TG,Odysee,TG__500,Odysee__1000237,PA
2023-05-05,Node_5e66cdb3,Node_5e66cdb3,TG,Odysee,TG__500,Odysee__1000237,PA
2022-01-30,Node_e3e7ab35,Node_5e66cdb3,TG,Odysee,TG__313,Odysee__1000237,PA
2022-12-16,Node_e3e7ab35,Node_5e66cdb3,TG,Odysee,TG__313,Odysee__1000237,PA
2023-11-27,Node_5e66cdb3,Node_5e66cdb3,TG,Odysee,TG__500,Odysee__1000237,PA
2021-11-28,Node_5e66cdb3,Node_5e66cdb3,TG,Odysee,TG__500,Odysee__1000237,PA
2023-04-21,Node_5e66cdb3,Node_5e66cdb3,TG,Odysee,TG__500,Odysee__1000237,PA
2023-10-20,Node_5e66cdb3,Node_5e66cdb3,TG,Odysee,TG__500,Odysee__1000237,PA
2021-10-15,Node_5e66cdb3,Node_5e66cdb3,TG,Odysee,TG__500,Odysee__1000237,PA
2022-01-07,Node_5e66cdb3,Node_5e66cdb3,TG,Odysee,TG__500,Odysee__1000237,PA
2023-10-18,Node_5e66cdb3,Node_5e66cdb3,TG,Odysee,TG__500,Odysee__1000237,PA
2022-04-29,Node_5e66cdb3,Node_5e66cdb3,TG,Odysee,TG__500,Odysee__1000237,PA
2023-03-27,Node_5e66cdb3,Node_30ed85c2,TG,Odysee,TG__500,Odysee__1000416,PA
2023-03-20,Node_5e66cdb3,Node_30ed85c2,TG,Odysee,TG__500,Odysee__1000416,PA
2023-06-02,Node_5e66cdb3,Node_5e66cdb3,TG,Odysee,TG__500,Odysee__1000237,PA
2023-06-07,Node_5e66cdb3,Node_5e66cdb3,TG,Odysee,TG__500,Odysee__1000237,PA
2021-03-28,Node_5e66cdb3,Node_30ed85c2,TG,Odysee,TG__500,Odysee__1000416,PA
2024-01-08,Node_5e66cdb3,Node_5e66cdb3,TG,Odysee,TG__500,Odysee__1000237,PA
2022-05-01,Node_5e66cdb3,Node_5e66cdb3,TG,Odysee,TG__500,Odysee__1000237,PA
2022-02-27,Node_5e66cdb3,Node_5e66cdb3,TG,Odysee,TG__500,Odysee__1000237,PA
2023-11-03,Node_5e66cdb3,Node_5e66cdb3,TG,Odysee,TG__500,Odysee__1000237,PA
2022-05-04,Node_5e66cdb3,Node_5e66cdb3,TG,Odysee,TG__500,Odysee__1000237,PA
2022-11-11,Node_5e66cdb3,Node_5e66cdb3,TG,Odysee,TG__500,Odysee__1000237,PA
2021-07-19,Node_e3e7ab35,Node_30ed85c2,TG,Odysee,TG__313,Odysee__1000416,PA
2022-04-01,Node_5e66cdb3,Node_5e66cdb3,TG,Odysee,TG__500,Odysee__1000237,PA
2023-09-27,Node_e3e7ab35,Node_5e66cdb3,TG,Odysee,TG__313,Odysee__1000237,PA
2022-05-06,Node_5e66cdb3,Node_5e66cdb3,TG,Odysee,TG__500,Odysee__1000237,PA
2022-08-31,Node_6d8ae659,Node_5e66cdb3,TG,Odysee,TG__497,Odysee__1000237,
2022-03-09,Node_5e66cdb3,Node_5e66cdb3,TG,Odysee,TG__500,Odysee__1000237,PA
2023-06-30,Node_5e66cdb3,Node_5e66cdb3,TG,Odysee,TG__500,Odysee__1000237,PA
2021-07-16,Node_e3e7ab35,Node_854b86cc,TG,Odysee,TG__313,Odysee__1000424,PA
2021-06-02,Node_0db5e598,Node_5e66cdb3,TG,Odysee,TG__84,Odysee__1000237,
2023-06-02,Node_5e66cdb3,Node_5e66cdb3,TG,Odysee,TG__500,Odysee__1000237,PA
2021-10-01,Node_e3e7ab35,Node_5e66cdb3,TG,Odysee,TG__313,Odysee__1000237,PA
2022-09-23,Node_e3e7ab35,Node_5e66cdb3,TG,Odysee,TG__313,Odysee__1000237,PA
2022-06-27,Node_5e66cdb3,Node_30ed85c2,TG,Odysee,TG__500,Odysee__1000416,PA
2023-11-01,Node_5e66cdb3,Node_5e66cdb3,TG,Odysee,TG__500,Odysee__1000237,PA
2023-05-28,Node_e3e7ab35,Node_5e66cdb3,TG,Odysee,TG__313,Odysee__1000237,PA
2023-04-26,Node_5e66cdb3,Node_5e66cdb3,TG,Odysee,TG__500,Odysee__1000237,PA
2022-04-06,Node_e3e7ab35,Node_5e66cdb3,TG,Odysee,TG__313,Odysee__1000237,PA
2023-10-09,Node_5e66cdb3,Node_5e66cdb3,TG,Odysee,TG__500,Odysee__1000237,PA
2023-09-08,Node_e3e7ab35,Node_5e66cdb3,TG,Odysee,TG__313,Odysee__1000237,PA
2021-04-30,Node_e3e7ab35,Node_5e66cdb3,TG,Odysee,TG__313,Odysee__1000237,PA
2023-02-14,Node_5e66cdb3,Node_854b86cc,TG,Odysee,TG__500,Odysee__1000424,PA
2021-05-09,Node_e3e7ab35,Node_5e66cdb3,TG,Odysee,TG__313,Odysee__1000237,PA
2021-08-09,Node_5e66cdb3,Node_30ed85c2,TG,Odysee,TG__500,Odysee__1000416,PA
2023-10-09,Node_e3e7ab35,Node_30ed85c2,TG,Odysee,TG__313,Odysee__1000416,PA
2022-01-07,Node_e3e7ab35,Node_5e66cdb3,TG,Odysee,TG__313,Odysee__1000237,PA
2023-08-04,Node_5e66cdb3,Node_5e66cdb3,TG,Odysee,TG__500,Odysee__1000237,PA
2023-01-19,Node_5e66cdb3,Node_5e66cdb3,TG,Odysee,TG__500,Odysee__1000237,PA
2021-08-29,Node_5e66cdb3,Node_5e66cdb3,TG,Odysee,TG__500,Odysee__1000237,PA
2021-12-29,Node_5e66cdb3,Node_5e66cdb3,TG,Odysee,TG__500,Odysee__1000237,PA
2021-11-29,Node_e3e7ab35,Node_30ed85c2,TG,Odysee,TG__313,Odysee__1000416,PA
2023-03-20,Node_e3e7ab35,Node_854b86cc,TG,Odysee,TG__313,Odysee__1000424,PA
2021-09-12,Node_5e66cdb3,Node_5e66cdb3,TG,Odysee,TG__500,Odysee__1000237,PA
2023-09-02,Node_9f50e6d3,Node_854b86cc,Gab,Odysee,Gab__10,Odysee__1000424,
2022-04-11,Node_e3e7ab35,Node_30ed85c2,TG,Odysee,TG__313,Odysee__1000416,PA
2023-09-29,Node_5e66cdb3,Node_5e66cdb3,TG,Odysee,TG__500,Odysee__1000237,PA
2023-09-27,Node_e3e7ab35,Node_5e66cdb3,TG,Odysee,TG__313,Odysee__1000237,PA
2023-07-28,Node_e3e7ab35,Node_5e66cdb3,TG,Odysee,TG__313,Odysee__1000237,PA
2022-08-17,Node_5e66cdb3,Node_5e66cdb3,TG,Odysee,TG__500,Odysee__1000237,PA
2022-01-17,Node_e3e7ab35,Node_30ed85c2,TG,Odysee,TG__313,Odysee__1000416,PA
2022-07-18,Node_5e66cdb3,Node_30ed85c2,TG,Odysee,TG__500,Odysee__1000416,PA
2022-01-14,Node_5e66cdb3,Node_5e66cdb3,TG,Odysee,TG__500,Odysee__1000237,PA
2021-04-10,Node_5e66cdb3,Node_5e66cdb3,TG,Odysee,TG__500,Odysee__1000237,PA
2023-01-29,Node_5e66cdb3,Node_5e66cdb3,TG,Odysee,TG__500,Odysee__1000237,PA
2022-09-12,Node_5e66cdb3,Node_30ed85c2,TG,Odysee,TG__500,Odysee__1000416,PA
2023-10-18,Node_e3e7ab35,Node_5e66cdb3,TG,Odysee,TG__313,Odysee__1000237,PA
2021-12-09,Node_9f50e6d3,Node_5e66cdb3,Gab,Odysee,Gab__10,Odysee__1000237,
2021-10-25,Node_e3e7ab35,Node_30ed85c2,TG,Odysee,TG__313,Odysee__1000416,PA
2023-12-10,Node_e3e7ab35,Node_5e66cdb3,TG,Odysee,TG__313,Odysee__1000237,PA
2021-11-04,Node_e3e7ab35,Node_854b86cc,TG,Odysee,TG__313,Odysee__1000424,PA
2021-06-02,Node_5e66cdb3,Node_5e66cdb3,TG,Odysee,TG__500,Odysee__1000237,PA
2021-11-07,Node_e3e7ab35,Node_5e66cdb3,TG,Odysee,TG__313,Odysee__1000237,PA
2021-09-29,Node_5e66cdb3,Node_5e66cdb3,TG,Odysee,TG__500,Odysee__1000237,PA
2022-08-01,Node_5e66cdb3,Node_30ed85c2,TG,Odysee,TG__500,Odysee__1000416,PA
2021-11-04,Node_5e66cdb3,Node_854b86cc,TG,Odysee,TG__500,Odysee__1000424,PA
2023-10-17,Node_e3e7ab35,Node_854b86cc,TG,Odysee,TG__313,Odysee__1000424,PA
2022-05-09,Node_5e66cdb3,Node_30ed85c2,TG,Odysee,TG__500,Odysee__1000416,PA
2023-05-14,Node_5e66cdb3,Node_5e66cdb3,TG,Odysee,TG__500,Odysee__1000237,PA
2023-04-28,Node_9f50e6d3,Node_5e66cdb3,Gab,Odysee,Gab__10,Odysee__1000237,
2021-11-19,Node_e3e7ab35,Node_854b86cc,TG,Odysee,TG__313,Odysee__1000424,PA
2023-01-08,Node_5e66cdb3,Node_5e66cdb3,TG,Odysee,TG__500,Odysee__1000237,PA
2022-12-26,Node_5e66cdb3,Node_30ed85c2,TG,Odysee,TG__500,Odysee__1000416,PA
2023-05-05,Node_5e66cdb3,Node_5e66cdb3,TG,Odysee,TG__500,Odysee__1000237,PA
2021-05-26,Node_5e66cdb3,Node_5e66cdb3,TG,Odysee,TG__500,Odysee__1000237,PA
2023-08-10,Node_e3e7ab35,Node_30ed85c2,TG,Odysee,TG__313,Odysee__1000416,PA
2022-07-05,Node_5e66cdb3,Node_c3f68a2c,TG,Odysee,TG__500,Odysee__1000798,PA
2023-04-11,Node_e3e7ab35,Node_854b86cc,TG,Odysee,TG__313,Odysee__1000424,PA
2023-07-03,Node_5e66cdb3,Node_30ed85c2,TG,Odysee,TG__500,Odysee__1000416,PA
2021-03-22,Node_5e66cdb3,Node_5e66cdb3,TG,Odysee,TG__500,Odysee__1000237,PA
2023-11-15,Node_5e66cdb3,Node_5e66cdb3,TG,Odysee,TG__500,Odysee__1000237,PA
2022-12-07,Node_5e66cdb3,Node_5e66cdb3,TG,Odysee,TG__500,Odysee__1000237,PA
2022-01-26,Node_e3e7ab35,Node_5e66cdb3,TG,Odysee,TG__313,Odysee__1000237,PA
2023-02-24,Node_5e66cdb3,Node_5e66cdb3,TG,Odysee,TG__500,Odysee__1000237,PA
2023-07-04,Node_e3e7ab35,Node_854b86cc,TG,Odysee,TG__313,Odysee__1000424,PA
2023-06-14,Node_e3e7ab35,Node_854b86cc,TG,Odysee,TG__313,Odysee__1000424,PA
2022-03-12,Node_5e66cdb3,Node_854b86cc,TG,Odysee,TG__500,Odysee__1000424,PA
2023-03-18,Node_5e66cdb3,Node_5e66cdb3,TG,Odysee,TG__500,Odysee__1000237,PA
2021-08-18,Node_5e66cdb3,Node_5e66cdb3,TG,Odysee,TG__500,Odysee__1000237,PA
2021-12-31,Node_5e66cdb3,Node_5e66cdb3,TG,Odysee,TG__500,Odysee__1000237,PA
2022-08-29,Node_e3e7ab35,Node_30ed85c2,TG,Odysee,TG__313,Odysee__1000416,PA
2023-03-13,Node_5e66cdb3,Node_30ed85c2,TG,Odysee,TG__500,Odysee__1000416,PA
2022-06-10,Node_5e66cdb3,Node_5e66cdb3,TG,Odysee,TG__500,Odysee__1000237,PA
2022-08-31,Node_e3e7ab35,Node_5e66cdb3,TG,Odysee,TG__313,Odysee__1000237,PA
2021-12-08,Node_5e66cdb3,Node_5e66cdb3,TG,Odysee,TG__500,Odysee__1000237,PA
2023-03-31,Node_e3e7ab35,Node_854b86cc,TG,Odysee,TG__313,Odysee__1000424,PA
2022-05-10,Node_5e66cdb3,Node_5e66cdb3,TG,Odysee,TG__500,Odysee__1000237,PA
2023-02-12,Node_5e66cdb3,Node_5e66cdb3,TG,Odysee,TG__500,Odysee__1000237,PA
2023-05-26,Node_5e66cdb3,Node_5e66cdb3,TG,Odysee,TG__500,Odysee__1000237,PA
2023-07-07,Node_5e66cdb3,Node_5e66cdb3,TG,Odysee,TG__500,Odysee__1000237,PA
2023-06-25,Node_5e66cdb3,Node_5e66cdb3,TG,Odysee,TG__500,Odysee__1000237,PA
2022-05-29,Node_5e66cdb3,Node_5e66cdb3,TG,Odysee,TG__500,Odysee__1000237,PA
2023-09-04,Node_5e66cdb3,Node_30ed85c2,TG,Odysee,TG__500,Odysee__1000416,PA
2021-11-22,Node_e3e7ab35,Node_30ed85c2,TG,Odysee,TG__313,Odysee__1000416,PA
2023-06-16,Node_5e66cdb3,Node_5e66cdb3,TG,Odysee,TG__500,Odysee__1000237,PA
2023-07-09,Node_5e66cdb3,Node_5e66cdb3,TG,Odysee,TG__500,Odysee__1000237,PA
2023-11-10,Node_e3e7ab35,Node_5e66cdb3,TG,Odysee,TG__313,Odysee__1000237,PA
2023-04-27,Node_e3e7ab35,Node_854b86cc,TG,Odysee,TG__313,Odysee__1000424,PA
2021-12-24,Node_e3e7ab35,Node_854b86cc,TG,Odysee,TG__313,Odysee__1000424,PA
2023-05-19,Node_e3e7ab35,Node_5e66cdb3,TG,Odysee,TG__313,Odysee__1000237,PA
2022-06-08,Node_5e66cdb3,Node_5e66cdb3,TG,Odysee,TG__500,Odysee__1000237,PA
2023-08-04,Node_5e66cdb3,Node_5e66cdb3,TG,Odysee,TG__500,Odysee__1000237,PA
2022-11-07,Node_5e66cdb3,Node_30ed85c2,TG,Odysee,TG__500,Odysee__1000416,PA
2022-09-07,Node_5e66cdb3,Node_5e66cdb3,TG,Odysee,TG__500,Odysee__1000237,PA
2023-01-05,Node_e3e7ab35,Node_5e66cdb3,TG,Odysee,TG__313,Odysee__1000237,PA
2023-05-29,Node_5e66cdb3,Node_30ed85c2,TG,Odysee,TG__500,Odysee__1000416,PA
2022-05-19,Node_e3e7ab35,Node_30ed85c2,TG,Odysee,TG__313,Odysee__1000416,PA
2022-04-10,Node_e3e7ab35,Node_5e66cdb3,TG,Odysee,TG__313,Odysee__1000237,PA
2023-03-18,Node_e3e7ab35,Node_854b86cc,TG,Odysee,TG__313,Odysee__1000424,PA
2022-02-16,Node_5e66cdb3,Node_5e66cdb3,TG,Odysee,TG__500,Odysee__1000237,PA
2022-05-11,Node_5e66cdb3,Node_5e66cdb3,TG,Odysee,TG__500,Odysee__1000237,PA
2023-11-29,Node_5e66cdb3,Node_5e66cdb3,TG,Odysee,TG__500,Odysee__1000237,PA
2021-11-01,Node_e3e7ab35,Node_21345e53,TG,Odysee,TG__313,Odysee__1000193,PA
2021-06-03,Node_9f50e6d3,Node_5e66cdb3,Gab,Odysee,Gab__10,Odysee__1000237,
2022-08-15,Node_9f50e6d3,Node_30ed85c2,Gab,Odysee,Gab__10,Odysee__1000416,
2021-10-17,Node_9f50e6d3,Node_5e66cdb3,Gab,Odysee,Gab__10,Odysee__1000237,
2021-05-03,Node_9f50e6d3,Node_5e66cdb3,Gab,Odysee,Gab__10,Odysee__1000237,
2021-04-16,Node_9f50e6d3,Node_30ed85c2,Gab,Odysee,Gab__10,Odysee__1000416,
2021-03-26,Node_9f50e6d3,Node_30ed85c2,Gab,Odysee,Gab__10,Odysee__1000416,
2021-04-13,Node_9f50e6d3,Node_5e66cdb3,Gab,Odysee,Gab__10,Odysee__1000237,
2021-12-02,Node_9f50e6d3,Node_5e66cdb3,Gab,Odysee,Gab__10,Odysee__1000237,
2022-08-03,Node_9f50e6d3,Node_5e66cdb3,Gab,Odysee,Gab__10,Odysee__1000237,
2021-05-05,Node_9f50e6d3,Node_5e66cdb3,Gab,Odysee,Gab__10,Odysee__1000237,
2021-05-03,Node_9f50e6d3,Node_5e66cdb3,Gab,Odysee,Gab__10,Odysee__1000237,
2021-09-14,Node_9f50e6d3,Node_5e66cdb3,Gab,Odysee,Gab__10,Odysee__1000237,
2021-04-29,Node_9f50e6d3,Node_5e66cdb3,Gab,Odysee,Gab__10,Odysee__1000237,
2021-08-03,Node_9f50e6d3,Node_5e66cdb3,Gab,Odysee,Gab__10,Odysee__1000237,
2020-05-31,Node_9f50e6d3,Node_5e66cdb3,Gab,Bitchute,Gab__10,Bitchute__29,
2021-04-24,Node_9f50e6d3,Node_5e66cdb3,Gab,Bitchute,Gab__10,Bitchute__29,
2020-08-14,Node_9f50e6d3,Node_5e66cdb3,Gab,Bitchute,Gab__10,Bitchute__29,
2020-08-14,Node_9f50e6d3,Node_5e66cdb3,Gab,Bitchute,Gab__10,Bitchute__29,
2020-08-16,Node_9f50e6d3,Node_30ed85c2,Gab,Bitchute,Gab__10,Bitchute__1000138,
2020-08-16,Node_9f50e6d3,Node_30ed85c2,Gab,Bitchute,Gab__10,Bitchute__1000138,
2020-08-16,Node_427d5b30,Node_30ed85c2,Gab,Bitchute,Gab__5,Bitchute__1000138,
2020-08-16,Node_0d2904b3,Node_30ed85c2,Gab,Bitchute,Gab__87,Bitchute__1000138,
2020-10-22,Node_9f50e6d3,Node_5e66cdb3,Gab,Bitchute,Gab__10,Bitchute__29,
2020-10-24,Node_9f50e6d3,Node_5e66cdb3,Gab,Bitchute,Gab__10,Bitchute__29,
2020-11-12,Node_9f50e6d3,Node_5e66cdb3,Gab,Bitchute,Gab__10,Bitchute__29,
2021-05-14,Node_66b09ae3,Node_30ed85c2,Bitchute,Bitchute,Bitchute__10,Bitchute__1000138,
2021-05-14,Node_66b09ae3,Node_30ed85c2,Bitchute,Bitchute,Bitchute__10,Bitchute__1000138,
2021-03-28,Node_66b09ae3,Node_5e66cdb3,Bitchute,Bitchute,Bitchute__10,Bitchute__29,
2022-01-14,Node_66b09ae3,Node_5e66cdb3,Bitchute,Bitchute,Bitchute__10,Bitchute__29,
2021-08-19,Node_7fa35951,Node_c3f68a2c,TG,TG,TG__218,TG__1001709,
2024-08-07,Node_fe231aa3,Node_5e66cdb3,TG,TG,TG__474,TG__500,
2021-03-31,Node_0c44367b,Node_854b86cc,TG,Odysee,TG__321,Odysee__1000424,PA
2024-01-24,Node_b72a9108,Node_5e66cdb3,Gab,Odysee,Gab__100,Odysee__1000237,
2021-08-02,Node_0c44367b,Node_d79a0f32,TG,TG,TG__321,TG__1008789,PA
2021-08-03,Node_7fa35951,Node_d79a0f32,TG,TG,TG__218,TG__1008789,
2021-08-05,Node_7fa35951,Node_d79a0f32,TG,TG,TG__218,TG__1008789,
2021-08-06,Node_0c44367b,Node_d79a0f32,TG,TG,TG__321,TG__1008789,PA
2021-06-05,Node_0c44367b,Node_c3f68a2c,TG,TG,TG__321,TG__1001709,PA
2019-09-17,Node_4a608b5b,Node_5e66cdb3,TG,Bitchute,TG__61,Bitchute__29,
2020-10-02,Node_b591f2cc,Node_5e66cdb3,TG,Bitchute,TG__492,Bitchute__29,
2023-10-27,Node_66b09ae3,Node_5e66cdb3,Bitchute,Bitchute,Bitchute__10,Bitchute__29,
2023-07-29,Node_66b09ae3,Node_5e66cdb3,Bitchute,Bitchute,Bitchute__10,Bitchute__29,
2023-08-25,Node_e405fe5c,Node_5e66cdb3,Bitchute,Bitchute,Bitchute__20,Bitchute__29,
2023-06-25,Node_66b09ae3,Node_5e66cdb3,Bitchute,Bitchute,Bitchute__10,Bitchute__29,
2023-08-27,Node_e405fe5c,Node_5e66cdb3,Bitchute,Bitchute,Bitchute__20,Bitchute__29,
2021-05-27,Node_22a04eac,Node_5e66cdb3,Twitter,Bitchute,Twitter__22,Bitchute__29,
2023-04-21,Node_66b09ae3,Node_5e66cdb3,Bitchute,Bitchute,Bitchute__10,Bitchute__29,
2020-11-20,Node_0c44367b,Node_5e66cdb3,TG,Bitchute,TG__321,Bitchute__29,PA
2023-10-27,Node_66b09ae3,Node_5e66cdb3,Bitchute,Bitchute,Bitchute__10,Bitchute__29,
2023-11-01,Node_66b09ae3,Node_5e66cdb3,Bitchute,Bitchute,Bitchute__10,Bitchute__29,
2023-10-27,Node_66b09ae3,Node_5e66cdb3,Bitchute,Bitchute,Bitchute__10,Bitchute__29,
2020-10-11,Node_0c44367b,Node_30ed85c2,TG,Bitchute,TG__321,Bitchute__1000138,PA
2021-01-15,Node_a95ceaa1,Node_5e66cdb3,TG,Bitchute,TG__38,Bitchute__29,
2022-01-19,Node_fe231aa3,Node_5e66cdb3,TG,Odysee,TG__474,Odysee__1000237,
2023-09-24,Node_fe231aa3,Node_5e66cdb3,TG,Odysee,TG__474,Odysee__1000237,
2021-04-30,Node_0c44367b,Node_5e66cdb3,TG,Odysee,TG__321,Odysee__1000237,PA
2023-05-05,Node_22a04eac,Node_5e66cdb3,Twitter,Odysee,Twitter__22,Odysee__1000237,
2023-07-05,Node_fe231aa3,Node_5e66cdb3,TG,Odysee,TG__474,Odysee__1000237,
2021-04-30,Node_0c44367b,Node_5e66cdb3,TG,Odysee,TG__321,Odysee__1000237,PA
2021-04-06,Node_fe231aa3,Node_5e66cdb3,TG,Odysee,TG__474,Odysee__1000237,
2021-05-09,Node_0c44367b,Node_5e66cdb3,TG,Odysee,TG__321,Odysee__1000237,PA
2021-06-09,Node_0c44367b,Node_5e66cdb3,TG,Odysee,TG__321,Odysee__1000237,PA
2023-01-20,Node_fe231aa3,Node_5e66cdb3,TG,Odysee,TG__474,Odysee__1000237,
2023-01-27,Node_fe231aa3,Node_5e66cdb3,TG,Odysee,TG__474,Odysee__1000237,
2021-07-02,Node_e9407b99,Node_5e66cdb3,Gab,Odysee,Gab__110,Odysee__1000237,
2021-03-26,Node_e9407b99,Node_5e66cdb3,Gab,Odysee,Gab__110,Odysee__1000237,
2020-05-31,Node_e0701180,Node_5e66cdb3,Gab,Bitchute,Gab__156,Bitchute__29,
2020-08-16,Node_e0701180,Node_30ed85c2,Gab,Bitchute,Gab__156,Bitchute__1000138,
2021-04-26,Node_0c44367b,Node_30ed85c2,TG,TG,TG__321,TG__482,PA
2021-04-28,Node_0c44367b,Node_0c44367b,TG,TG,TG__321,TG__321,PA
2021-03-08,Node_0c44367b,Node_f2e29b8b,TG,YouTube,TG__321,YouTube__1226654,PA
2020-12-24,Node_0c44367b,Node_f2e29b8b,TG,YouTube,TG__321,YouTube__1226654,PA
2020-12-23,Node_0c44367b,Node_f2e29b8b,TG,YouTube,TG__321,YouTube__1226654,PA
2020-12-23,Node_0c44367b,Node_f2e29b8b,TG,YouTube,TG__321,YouTube__1226654,PA
2020-12-24,Node_0c44367b,Node_f2e29b8b,TG,YouTube,TG__321,YouTube__1226654,PA
2020-12-29,Node_0c44367b,Node_f2e29b8b,TG,YouTube,TG__321,YouTube__1226654,PA
2020-12-30,Node_0c44367b,Node_f2e29b8b,TG,YouTube,TG__321,YouTube__1226654,PA
2021-01-27,Node_0c44367b,Node_f2e29b8b,TG,YouTube,TG__321,YouTube__1226654,PA
2024-07-26,Node_e0701180,Node_5e66cdb3,Gab,Bitchute,Gab__156,Bitchute__29,
2024-08-07,Node_fe231aa3,Node_5e66cdb3,TG,Odysee,TG__474,Odysee__1000237,
2021-08-13,Node_0c44367b,Node_d79a0f32,TG,TG,TG__321,TG__1008789,PA
2023-10-27,Node_66b09ae3,Node_5e66cdb3,Bitchute,Bitchute,Bitchute__10,Bitchute__29,
2023-06-23,Node_66b09ae3,Node_5e66cdb3,Bitchute,Bitchute,Bitchute__10,Bitchute__29,
2023-04-27,Node_f3477d61,Node_5e66cdb3,Bitchute,Bitchute,Bitchute__40,Bitchute__29,
2023-11-14,Node_66b09ae3,Node_5e66cdb3,Bitchute,Bitchute,Bitchute__10,Bitchute__29,
2023-10-27,Node_66b09ae3,Node_5e66cdb3,Bitchute,Bitchute,Bitchute__10,Bitchute__29,
2023-08-27,Node_e405fe5c,Node_5e66cdb3,Bitchute,Bitchute,Bitchute__20,Bitchute__29,
2020-07-19,Node_22a04eac,Node_5e66cdb3,Twitter,Bitchute,Twitter__22,Bitchute__29,
2021-04-10,Node_0c44367b,Node_5e66cdb3,TG,Bitchute,TG__321,Bitchute__29,PA
2023-03-10,Node_f3477d61,Node_5e66cdb3,Bitchute,Bitchute,Bitchute__40,Bitchute__29,
2021-03-12,Node_0c44367b,Node_5e66cdb3,TG,Bitchute,TG__321,Bitchute__29,PA
2021-01-15,Node_24fc293e,Node_5e66cdb3,TG,Bitchute,TG__170,Bitchute__29,
2023-06-09,Node_66b09ae3,Node_5e66cdb3,Bitchute,Bitchute,Bitchute__10,Bitchute__29,
2021-02-06,Node_0c44367b,Node_5e66cdb3,TG,Bitchute,TG__321,Bitchute__29,PA
2023-06-07,Node_66b09ae3,Node_5e66cdb3,Bitchute,Bitchute,Bitchute__10,Bitchute__29,
2023-03-10,Node_f3477d61,Node_5e66cdb3,Bitchute,Bitchute,Bitchute__40,Bitchute__29,
2023-10-27,Node_66b09ae3,Node_5e66cdb3,Bitchute,Bitchute,Bitchute__10,Bitchute__29,
2021-01-22,Node_24fc293e,Node_5e66cdb3,TG,Bitchute,TG__170,Bitchute__29,
2023-10-27,Node_66b09ae3,Node_5e66cdb3,Bitchute,Bitchute,Bitchute__10,Bitchute__29,
2021-06-27,Node_0c44367b,Node_5e66cdb3,TG,Odysee,TG__321,Odysee__1000237,PA
2021-06-20,Node_0c44367b,Node_5e66cdb3,TG,Odysee,TG__321,Odysee__1000237,PA
2023-08-11,Node_fe231aa3,Node_5e66cdb3,TG,Odysee,TG__474,Odysee__1000237,
2023-10-25,Node_fe231aa3,Node_5e66cdb3,TG,Odysee,TG__474,Odysee__1000237,
2023-10-04,Node_fe231aa3,Node_5e66cdb3,TG,Odysee,TG__474,Odysee__1000237,
2021-04-23,Node_0c44367b,Node_5e66cdb3,TG,Odysee,TG__321,Odysee__1000237,PA
2023-09-17,Node_fe231aa3,Node_5e66cdb3,TG,Odysee,TG__474,Odysee__1000237,
2023-09-01,Node_fe231aa3,Node_5e66cdb3,TG,Odysee,TG__474,Odysee__1000237,
2023-06-02,Node_22a04eac,Node_5e66cdb3,Twitter,Odysee,Twitter__22,Odysee__1000237,
2022-05-18,Node_fe231aa3,Node_5e66cdb3,TG,Odysee,TG__474,Odysee__1000237,
2021-04-24,Node_0c44367b,Node_5e66cdb3,TG,Odysee,TG__321,Odysee__1000237,PA
2021-06-09,Node_0c44367b,Node_5e66cdb3,TG,Odysee,TG__321,Odysee__1000237,PA
2023-03-08,Node_fe231aa3,Node_5e66cdb3,TG,Odysee,TG__474,Odysee__1000237,
2022-12-07,Node_fe231aa3,Node_5e66cdb3,TG,Odysee,TG__474,Odysee__1000237,
2021-08-02,Node_e9407b99,Node_5e66cdb3,Gab,Odysee,Gab__110,Odysee__1000237,
2019-12-28,Node_e0701180,Node_5e66cdb3,Gab,Bitchute,Gab__156,Bitchute__29,
2019-11-30,Node_fc92055f,Node_5e66cdb3,TG,Bitchute,TG__201,Bitchute__29,
2021-05-21,Node_e405fe5c,Node_5e66cdb3,Bitchute,Bitchute,Bitchute__20,Bitchute__29,
2020-10-27,Node_b2535f87,Node_5e66cdb3,Bitchute,Bitchute,Bitchute__37,Bitchute__29,
2021-04-05,Node_e405fe5c,Node_5e66cdb3,Bitchute,Bitchute,Bitchute__20,Bitchute__29,
2021-06-23,Node_b2535f87,Node_5e66cdb3,Bitchute,Bitchute,Bitchute__37,Bitchute__29,
2021-04-03,Node_b2535f87,Node_5e66cdb3,Bitchute,Bitchute,Bitchute__37,Bitchute__29,
2021-03-21,Node_0c44367b,Node_e3f8b349,TG,TG,TG__321,TG__1001782,PA
2020-02-27,Node_e0701180,Node_5e66cdb3,Gab,Bitchute,Gab__156,Bitchute__29,
2020-03-12,Node_e0701180,Node_5e66cdb3,Gab,Bitchute,Gab__156,Bitchute__29,
2020-01-28,Node_0c44367b,Node_5e66cdb3,TG,Bitchute,TG__321,Bitchute__29,PA
2020-08-30,Node_0c44367b,Node_5e66cdb3,TG,Bitchute,TG__321,Bitchute__29,PA
2020-10-02,Node_0c44367b,Node_5e66cdb3,TG,Bitchute,TG__321,Bitchute__29,PA
2021-06-23,Node_b2535f87,Node_5e66cdb3,Bitchute,Bitchute,Bitchute__37,Bitchute__29,
2021-06-25,Node_0c44367b,Node_5e66cdb3,TG,Odysee,TG__321,Odysee__1000237,PA
2021-06-23,Node_0c44367b,Node_5e66cdb3,TG,Odysee,TG__321,Odysee__1000237,PA
2021-09-08,Node_1bb45284,Node_5e66cdb3,Twitter,Odysee,Twitter__23,Odysee__1000237,
2021-10-25,Node_22a04eac,Node_5e66cdb3,Twitter,Odysee,Twitter__22,Odysee__1000237,
2021-10-10,Node_1bb45284,Node_5e66cdb3,Twitter,Odysee,Twitter__23,Odysee__1000237,
2021-10-10,Node_22a04eac,Node_5e66cdb3,Twitter,Odysee,Twitter__22,Odysee__1000237,
2021-12-01,Node_22a04eac,Node_854b86cc,Twitter,Odysee,Twitter__22,Odysee__1000424,
2020-10-16,Node_fc92055f,Node_854b86cc,TG,Wikipedia,TG__201,Wikipedia__1013365,
2024-10-09,Node_fe231aa3,Node_5e66cdb3,TG,Odysee,TG__474,Odysee__1000237,
2019-12-12,Node_e0701180,Node_5e66cdb3,Gab,Bitchute,Gab__156,Bitchute__29,
2019-12-21,Node_e0701180,Node_30ed85c2,Gab,Bitchute,Gab__156,Bitchute__1000138,
2019-11-22,Node_e0701180,Node_30ed85c2,Gab,Bitchute,Gab__156,Bitchute__1000138,
2020-02-13,Node_e0701180,Node_5e66cdb3,Gab,Bitchute,Gab__156,Bitchute__29,
2022-12-23,Node_e405fe5c,Node_5e66cdb3,Bitchute,Bitchute,Bitchute__20,Bitchute__29,
2021-03-24,Node_e9407b99,Node_5e66cdb3,Gab,Odysee,Gab__110,Odysee__1000237,
2021-09-04,Node_e9407b99,Node_5e66cdb3,Gab,Odysee,Gab__110,Odysee__1000237,
2021-05-21,Node_e405fe5c,Node_5e66cdb3,Bitchute,Bitchute,Bitchute__20,Bitchute__29,
2021-05-29,Node_0c44367b,Node_5e66cdb3,TG,TG,TG__321,TG__500,PA
2020-11-10,Node_1bb45284,Node_5e66cdb3,Twitter,TG,Twitter__23,TG__500,
2020-04-28,Node_0c44367b,Node_e3e7ab35,TG,TG,TG__321,TG__313,PA
2021-08-03,Node_7fa35951,Node_d79a0f32,TG,TG,TG__218,TG__1008789,
2020-01-25,Node_01a4b324,Node_5e66cdb3,TG,TG,TG__207,TG__500,
2021-01-16,Node_0c44367b,Node_5e66cdb3,TG,TG,TG__321,TG__500,PA
2020-12-30,Node_0c44367b,Node_5e66cdb3,TG,TG,TG__321,TG__500,PA
2023-08-25,Node_e405fe5c,Node_5e66cdb3,Bitchute,Bitchute,Bitchute__20,Bitchute__29,
2023-06-23,Node_66b09ae3,Node_5e66cdb3,Bitchute,Bitchute,Bitchute__10,Bitchute__29,
2023-06-25,Node_66b09ae3,Node_5e66cdb3,Bitchute,Bitchute,Bitchute__10,Bitchute__29,
2020-01-26,Node_0c44367b,Node_30ed85c2,TG,Bitchute,TG__321,Bitchute__1000138,PA
2023-01-20,Node_fe231aa3,Node_5e66cdb3,TG,Bitchute,TG__474,Bitchute__29,
2023-09-26,Node_66b09ae3,Node_5e66cdb3,Bitchute,Bitchute,Bitchute__10,Bitchute__29,
2020-06-19,Node_01a4b324,Node_5e66cdb3,TG,Bitchute,TG__207,Bitchute__29,
2020-06-26,Node_00afbced,Node_5e66cdb3,TG,Bitchute,TG__51,Bitchute__29,
2023-01-27,Node_fe231aa3,Node_5e66cdb3,TG,Bitchute,TG__474,Bitchute__29,
2021-01-15,Node_0c44367b,Node_5e66cdb3,TG,Bitchute,TG__321,Bitchute__29,PA
2023-06-03,Node_66b09ae3,Node_5e66cdb3,Bitchute,Bitchute,Bitchute__10,Bitchute__29,
2023-06-08,Node_66b09ae3,Node_5e66cdb3,Bitchute,Bitchute,Bitchute__10,Bitchute__29,
2023-06-06,Node_66b09ae3,Node_5e66cdb3,Bitchute,Bitchute,Bitchute__10,Bitchute__29,
2023-10-27,Node_66b09ae3,Node_5e66cdb3,Bitchute,Bitchute,Bitchute__10,Bitchute__29,
2023-03-28,Node_f3477d61,Node_5e66cdb3,Bitchute,Bitchute,Bitchute__40,Bitchute__29,
2023-08-18,Node_fe231aa3,Node_5e66cdb3,TG,Bitchute,TG__474,Bitchute__29,
2021-01-22,Node_0c44367b,Node_5e66cdb3,TG,Bitchute,TG__321,Bitchute__29,PA
2021-04-08,Node_0c44367b,Node_854b86cc,TG,Odysee,TG__321,Odysee__1000424,PA
2023-10-20,Node_fe231aa3,Node_854b86cc,TG,Odysee,TG__474,Odysee__1000424,
2021-04-21,Node_0c44367b,Node_5e66cdb3,TG,Odysee,TG__321,Odysee__1000237,PA
2021-06-06,Node_0c44367b,Node_5e66cdb3,TG,Odysee,TG__321,Odysee__1000237,PA
2021-05-05,Node_0c44367b,Node_5e66cdb3,TG,Odysee,TG__321,Odysee__1000237,PA
2022-08-16,Node_fe231aa3,Node_5e66cdb3,TG,Odysee,TG__474,Odysee__1000237,
2023-05-27,Node_fe231aa3,Node_5e66cdb3,TG,Odysee,TG__474,Odysee__1000237,
2021-05-29,Node_0c44367b,Node_5e66cdb3,TG,Odysee,TG__321,Odysee__1000237,PA
2022-05-26,Node_fe231aa3,Node_5e66cdb3,TG,Odysee,TG__474,Odysee__1000237,
2021-03-30,Node_0c44367b,Node_5e66cdb3,TG,Odysee,TG__321,Odysee__1000237,PA
2020-03-08,Node_e0701180,Node_30ed85c2,Gab,Bitchute,Gab__156,Bitchute__1000138,
2020-03-15,Node_e0701180,Node_30ed85c2,Gab,Bitchute,Gab__156,Bitchute__1000138,
2022-01-14,Node_66b09ae3,Node_5e66cdb3,Bitchute,Bitchute,Bitchute__10,Bitchute__29,
2024-11-06,Node_fe231aa3,Node_5e66cdb3,TG,Odysee,TG__474,Odysee__1000237,
2024-07-26,Node_e0701180,Node_5e66cdb3,Gab,Odysee,Gab__156,Odysee__1000237,
2021-01-13,Node_0c44367b,Node_854b86cc,TG,Gab,TG__321,Gab__1004568,PA
2021-08-03,Node_7fa35951,Node_d79a0f32,TG,TG,TG__218,TG__1008789,
2023-08-09,Node_fe231aa3,Node_e3e7ab35,TG,TG,TG__474,TG__313,
2020-01-25,Node_fc92055f,Node_5e66cdb3,TG,TG,TG__201,TG__500,
2023-08-25,Node_e405fe5c,Node_5e66cdb3,Bitchute,Bitchute,Bitchute__20,Bitchute__29,
2020-05-31,Node_0c44367b,Node_30ed85c2,TG,Bitchute,TG__321,Bitchute__1000138,PA
2023-08-11,Node_fe231aa3,Node_5e66cdb3,TG,Bitchute,TG__474,Bitchute__29,
2023-11-22,Node_66b09ae3,Node_5e66cdb3,Bitchute,Bitchute,Bitchute__10,Bitchute__29,
2023-09-24,Node_fe231aa3,Node_5e66cdb3,TG,Bitchute,TG__474,Bitchute__29,
2023-10-27,Node_66b09ae3,Node_5e66cdb3,Bitchute,Bitchute,Bitchute__10,Bitchute__29,
2021-04-16,Node_0c44367b,Node_5e66cdb3,TG,Bitchute,TG__321,Bitchute__29,PA
2023-06-01,Node_66b09ae3,Node_5e66cdb3,Bitchute,Bitchute,Bitchute__10,Bitchute__29,
2023-05-26,Node_66b09ae3,Node_5e66cdb3,Bitchute,Bitchute,Bitchute__10,Bitchute__29,
2023-05-27,Node_fe231aa3,Node_5e66cdb3,TG,Bitchute,TG__474,Bitchute__29,
2023-06-06,Node_66b09ae3,Node_5e66cdb3,Bitchute,Bitchute,Bitchute__10,Bitchute__29,
2023-08-27,Node_e405fe5c,Node_5e66cdb3,Bitchute,Bitchute,Bitchute__20,Bitchute__29,
2023-12-25,Node_e0701180,Node_5e66cdb3,Gab,Bitchute,Gab__156,Bitchute__29,
2023-08-25,Node_e405fe5c,Node_5e66cdb3,Bitchute,Bitchute,Bitchute__20,Bitchute__29,
2023-05-17,Node_66b09ae3,Node_5e66cdb3,Bitchute,Bitchute,Bitchute__10,Bitchute__29,
2021-04-07,Node_fc92055f,Node_5e66cdb3,TG,Odysee,TG__201,Odysee__1000237,
2021-12-04,Node_fe231aa3,Node_5e66cdb3,TG,Odysee,TG__474,Odysee__1000237,
2021-04-11,Node_0c44367b,Node_5e66cdb3,TG,Odysee,TG__321,Odysee__1000237,PA
2021-06-27,Node_0c44367b,Node_5e66cdb3,TG,Odysee,TG__321,Odysee__1000237,PA
2021-06-16,Node_0c44367b,Node_5e66cdb3,TG,Odysee,TG__321,Odysee__1000237,PA
2021-03-27,Node_b71bbb1c,Node_5e66cdb3,TG,Odysee,TG__305,Odysee__1000237,
2023-09-13,Node_fe231aa3,Node_5e66cdb3,TG,Odysee,TG__474,Odysee__1000237,
2021-12-18,Node_22a04eac,Node_5e66cdb3,Twitter,Odysee,Twitter__22,Odysee__1000237,
2024-02-15,Node_4390f788,Node_30ed85c2,FB,Odysee,FB__189,Odysee__1000416,
2024-05-22,Node_b72a9108,Node_5e66cdb3,Gab,Odysee,Gab__100,Odysee__1000237,
2020-02-09,Node_e0701180,Node_30ed85c2,Gab,Bitchute,Gab__156,Bitchute__1000138,
2019-11-14,Node_e0701180,Node_5e66cdb3,Gab,Bitchute,Gab__156,Bitchute__29,
2019-12-11,Node_e0701180,Node_30ed85c2,Gab,Bitchute,Gab__156,Bitchute__1000138,
2022-12-19,Node_fe231aa3,Node_5e66cdb3,TG,Odysee,TG__474,Odysee__1000237,
2021-08-03,Node_e0701180,Node_5e66cdb3,Gab,Odysee,Gab__156,Odysee__1000237,
2020-01-14,Node_0c44367b,Node_5e66cdb3,TG,Bitchute,TG__321,Bitchute__29,PA
2020-11-12,Node_0c44367b,Node_5e66cdb3,TG,Bitchute,TG__321,Bitchute__29,PA
2021-01-14,Node_0c44367b,Node_5e66cdb3,TG,Bitchute,TG__321,Bitchute__29,PA
2021-01-01,Node_7fa35951,Node_5e66cdb3,TG,Bitchute,TG__218,Bitchute__29,
2021-01-24,Node_0c44367b,Node_30ed85c2,TG,Bitchute,TG__321,Bitchute__1000138,PA
2021-02-09,Node_f3477d61,Node_30ed85c2,Bitchute,Bitchute,Bitchute__40,Bitchute__1000138,
2021-02-03,Node_b495ca25,Node_5e66cdb3,Bitchute,Bitchute,Bitchute__27,Bitchute__29,
2020-11-22,Node_7fa35951,Node_5e66cdb3,TG,TG,TG__218,TG__500,
2020-11-22,Node_01a4b324,Node_5e66cdb3,TG,TG,TG__207,TG__500,
2020-09-14,Node_0c44367b,Node_e3e7ab35,TG,TG,TG__321,TG__313,PA
2020-11-28,Node_0c44367b,Node_0c44367b,TG,TG,TG__321,TG__321,PA
2020-11-28,Node_00afbced,Node_0c44367b,TG,TG,TG__51,TG__321,
2020-02-16,Node_e0701180,Node_30ed85c2,Gab,Bitchute,Gab__156,Bitchute__1000138,
2021-01-28,Node_0c44367b,Node_854b86cc,TG,Gab,TG__321,Gab__1004568,PA
2021-07-27,Node_0c44367b,Node_0c44367b,TG,TG,TG__321,TG__321,PA
2020-11-11,Node_24fc293e,Node_5e66cdb3,TG,TG,TG__170,TG__500,
2020-10-23,Node_00afbced,Node_5e66cdb3,TG,Bitchute,TG__51,Bitchute__29,
2020-06-26,Node_01a4b324,Node_5e66cdb3,TG,Bitchute,TG__207,Bitchute__29,
2020-09-20,Node_0c44367b,Node_30ed85c2,TG,Bitchute,TG__321,Bitchute__1000138,PA
2021-06-21,Node_24fc293e,Node_5e66cdb3,TG,Bitchute,TG__170,Bitchute__29,
2023-08-29,Node_66b09ae3,Node_5e66cdb3,Bitchute,Bitchute,Bitchute__10,Bitchute__29,
2020-10-23,Node_0c44367b,Node_5e66cdb3,TG,Bitchute,TG__321,Bitchute__29,PA
2023-11-18,Node_66b09ae3,Node_5e66cdb3,Bitchute,Bitchute,Bitchute__10,Bitchute__29,
2023-11-13,Node_66b09ae3,Node_5e66cdb3,Bitchute,Bitchute,Bitchute__10,Bitchute__29,
2023-09-22,Node_e405fe5c,Node_5e66cdb3,Bitchute,Bitchute,Bitchute__20,Bitchute__29,
2024-01-05,Node_e0701180,Node_5e66cdb3,Gab,Bitchute,Gab__156,Bitchute__29,
2021-05-28,Node_22a04eac,Node_5e66cdb3,Twitter,Bitchute,Twitter__22,Bitchute__29,
2023-03-10,Node_f3477d61,Node_5e66cdb3,Bitchute,Bitchute,Bitchute__40,Bitchute__29,
2021-02-12,Node_0c44367b,Node_5e66cdb3,TG,Bitchute,TG__321,Bitchute__29,PA
2021-05-07,Node_0c44367b,Node_5e66cdb3,TG,Bitchute,TG__321,Bitchute__29,PA
2023-08-25,Node_e405fe5c,Node_5e66cdb3,Bitchute,Bitchute,Bitchute__20,Bitchute__29,
2023-08-05,Node_66b09ae3,Node_5e66cdb3,Bitchute,Bitchute,Bitchute__10,Bitchute__29,
2023-08-05,Node_66b09ae3,Node_5e66cdb3,Bitchute,Bitchute,Bitchute__10,Bitchute__29,
2023-06-23,Node_66b09ae3,Node_5e66cdb3,Bitchute,Bitchute,Bitchute__10,Bitchute__29,
2021-06-23,Node_0c44367b,Node_5e66cdb3,TG,Odysee,TG__321,Odysee__1000237,PA
2022-04-06,Node_fe231aa3,Node_5e66cdb3,TG,Odysee,TG__474,Odysee__1000237,
2021-06-02,Node_0c44367b,Node_5e66cdb3,TG,Odysee,TG__321,Odysee__1000237,PA
2021-04-19,Node_0c44367b,Node_5e66cdb3,TG,Odysee,TG__321,Odysee__1000237,PA
2021-04-30,Node_0c44367b,Node_5e66cdb3,TG,Odysee,TG__321,Odysee__1000237,PA
2022-02-23,Node_fe231aa3,Node_5e66cdb3,TG,Odysee,TG__474,Odysee__1000237,
2023-08-18,Node_fe231aa3,Node_5e66cdb3,TG,Odysee,TG__474,Odysee__1000237,
2023-04-05,Node_1bb45284,Node_5e66cdb3,Twitter,Odysee,Twitter__23,Odysee__1000237,
2023-08-13,Node_fe231aa3,Node_854b86cc,TG,Odysee,TG__474,Odysee__1000424,
2020-02-20,Node_e0701180,Node_5e66cdb3,Gab,Bitchute,Gab__156,Bitchute__29,
2019-11-03,Node_e0701180,Node_30ed85c2,Gab,Bitchute,Gab__156,Bitchute__1000138,
2020-02-21,Node_e0701180,Node_5e66cdb3,Gab,Bitchute,Gab__156,Bitchute__29,
2019-11-30,Node_e0701180,Node_30ed85c2,Gab,Bitchute,Gab__156,Bitchute__1000138,
2020-01-07,Node_e0701180,Node_30ed85c2,Gab,Bitchute,Gab__156,Bitchute__1000138,
2020-01-02,Node_e0701180,Node_5e66cdb3,Gab,Bitchute,Gab__156,Bitchute__29,
2021-09-08,Node_22a04eac,Node_5e66cdb3,Twitter,Odysee,Twitter__22,Odysee__1000237,
2020-06-20,Node_e0701180,Node_5e66cdb3,Gab,Bitchute,Gab__156,Bitchute__29,
2020-03-05,Node_e0701180,Node_5e66cdb3,Gab,Bitchute,Gab__156,Bitchute__29,
2021-03-28,Node_c3c72bb0,Node_5e66cdb3,Bitchute,Bitchute,Bitchute__157,Bitchute__29,
2021-11-25,Node_0e3882d1,Node_5e66cdb3,Twitter,TG,Twitter__26,TG__500,
2021-04-28,Node_0e3882d1,Node_5e66cdb3,Twitter,TG,Twitter__26,TG__500,
2021-11-11,Node_0e3882d1,Node_5e66cdb3,Twitter,TG,Twitter__26,TG__500,
2021-12-09,Node_0e3882d1,Node_5e66cdb3,Twitter,TG,Twitter__26,TG__500,
2021-12-09,Node_0e3882d1,Node_5e66cdb3,Twitter,TG,Twitter__26,TG__500,
2021-12-09,Node_0e3882d1,Node_30ed85c2,Twitter,TG,Twitter__26,TG__482,
2021-12-16,Node_0e3882d1,Node_5e66cdb3,Twitter,TG,Twitter__26,TG__500,
2021-12-23,Node_0e3882d1,Node_5e66cdb3,Twitter,TG,Twitter__26,TG__500,
2021-12-29,Node_0e3882d1,Node_5e66cdb3,Twitter,TG,Twitter__26,TG__500,
2019-11-16,Node_ac3e9ffa,Node_5e66cdb3,TG,Bitchute,TG__75,Bitchute__29,
2020-02-07,Node_75aa14d6,Node_30ed85c2,TG,Bitchute,TG__57,Bitchute__1000138,
2019-10-25,Node_ac3e9ffa,Node_5e66cdb3,TG,Bitchute,TG__75,Bitchute__29,
2019-09-30,Node_75aa14d6,Node_5e66cdb3,TG,Bitchute,TG__57,Bitchute__29,
2019-11-07,Node_75aa14d6,Node_5e66cdb3,TG,Bitchute,TG__57,Bitchute__29,
2019-11-08,Node_75aa14d6,Node_5e66cdb3,TG,Bitchute,TG__57,Bitchute__29,
2020-01-28,Node_75aa14d6,Node_5e66cdb3,TG,Bitchute,TG__57,Bitchute__29,
2020-11-22,Node_88fcf1df,Node_5e66cdb3,TG,TG,TG__146,TG__500,
2021-08-06,Node_88fcf1df,Node_d79a0f32,TG,TG,TG__146,TG__1008789,
2021-08-09,Node_88fcf1df,Node_d79a0f32,TG,TG,TG__146,TG__1008789,
2021-08-03,Node_88fcf1df,Node_d79a0f32,TG,TG,TG__146,TG__1008789,
2020-06-20,Node_ac3e9ffa,Node_5e66cdb3,TG,Bitchute,TG__75,Bitchute__29,
2021-02-12,Node_6855f70f,Node_5e66cdb3,TG,Bitchute,TG__519,Bitchute__29,
2020-03-01,Node_ad43ad3a,Node_5e66cdb3,Gab,Bitchute,Gab__35,Bitchute__29,
2021-03-28,Node_a2d7ae05,Node_5e66cdb3,Bitchute,Bitchute,Bitchute__22,Bitchute__29,
2020-02-27,Node_ad43ad3a,Node_5e66cdb3,Gab,Bitchute,Gab__35,Bitchute__29,
2020-03-05,Node_ad43ad3a,Node_5e66cdb3,Gab,Bitchute,Gab__35,Bitchute__29,
2020-03-05,Node_10e1056b,Node_5e66cdb3,Gab,Bitchute,Gab__30,Bitchute__29,
2021-10-28,Node_0e3882d1,Node_5e66cdb3,Twitter,Odysee,Twitter__26,Odysee__1000237,
2021-09-30,Node_0e3882d1,Node_5e66cdb3,Twitter,Odysee,Twitter__26,Odysee__1000237,
2021-10-07,Node_0e3882d1,Node_5e66cdb3,Twitter,Odysee,Twitter__26,Odysee__1000237,
2021-12-01,Node_91df32c1,Node_5e66cdb3,Twitter,Odysee,Twitter__10,Odysee__1000237,
2021-12-16,Node_0e3882d1,Node_5e66cdb3,Twitter,Odysee,Twitter__26,Odysee__1000237,
2021-12-09,Node_0e3882d1,Node_5e66cdb3,Twitter,Odysee,Twitter__26,Odysee__1000237,
2021-07-15,Node_0e3882d1,Node_5e66cdb3,Twitter,Odysee,Twitter__26,Odysee__1000237,
2021-09-23,Node_0e3882d1,Node_5e66cdb3,Twitter,Odysee,Twitter__26,Odysee__1000237,
2021-09-29,Node_0e3882d1,Node_5e66cdb3,Twitter,Odysee,Twitter__26,Odysee__1000237,
2021-11-04,Node_0e3882d1,Node_5e66cdb3,Twitter,Odysee,Twitter__26,Odysee__1000237,
2021-12-02,Node_0e3882d1,Node_5e66cdb3,Twitter,Odysee,Twitter__26,Odysee__1000237,
2021-10-14,Node_0e3882d1,Node_5e66cdb3,Twitter,Odysee,Twitter__26,Odysee__1000237,
2021-12-23,Node_0e3882d1,Node_5e66cdb3,Twitter,Odysee,Twitter__26,Odysee__1000237,
2021-11-04,Node_0e3882d1,Node_5e66cdb3,Twitter,Odysee,Twitter__26,Odysee__1000237,
2021-12-02,Node_0e3882d1,Node_5e66cdb3,Twitter,Odysee,Twitter__26,Odysee__1000237,
2021-12-23,Node_0e3882d1,Node_5e66cdb3,Twitter,Odysee,Twitter__26,Odysee__1000237,
2021-11-11,Node_0e3882d1,Node_5e66cdb3,Twitter,Odysee,Twitter__26,Odysee__1000237,
2021-11-05,Node_0e3882d1,Node_5e66cdb3,Twitter,Odysee,Twitter__26,Odysee__1000237,
2021-06-30,Node_0e3882d1,Node_5e66cdb3,Twitter,Odysee,Twitter__26,Odysee__1000237,
2021-07-15,Node_0e3882d1,Node_5e66cdb3,Twitter,Odysee,Twitter__26,Odysee__1000237,
2021-08-25,Node_0e3882d1,Node_5e66cdb3,Twitter,Odysee,Twitter__26,Odysee__1000237,
2021-12-02,Node_0e3882d1,Node_5e66cdb3,Twitter,Odysee,Twitter__26,Odysee__1000237,
2021-12-09,Node_0e3882d1,Node_5e66cdb3,Twitter,Odysee,Twitter__26,Odysee__1000237,
2021-10-28,Node_0e3882d1,Node_5e66cdb3,Twitter,Odysee,Twitter__26,Odysee__1000237,
2021-12-02,Node_0e3882d1,Node_5e66cdb3,Twitter,Odysee,Twitter__26,Odysee__1000237,
2021-09-16,Node_0e3882d1,Node_5e66cdb3,Twitter,Odysee,Twitter__26,Odysee__1000237,
2021-08-12,Node_0e3882d1,Node_5e66cdb3,Twitter,Odysee,Twitter__26,Odysee__1000237,
2021-11-05,Node_0e3882d1,Node_5e66cdb3,Twitter,Odysee,Twitter__26,Odysee__1000237,
2021-07-15,Node_0e3882d1,Node_5e66cdb3,Twitter,Odysee,Twitter__26,Odysee__1000237,
2021-11-07,Node_0e3882d1,Node_30ed85c2,Twitter,Odysee,Twitter__26,Odysee__1000416,
2021-07-15,Node_0e3882d1,Node_5e66cdb3,Twitter,Odysee,Twitter__26,Odysee__1000237,
2021-09-23,Node_0e3882d1,Node_5e66cdb3,Twitter,Odysee,Twitter__26,Odysee__1000237,
2021-09-29,Node_0e3882d1,Node_5e66cdb3,Twitter,Odysee,Twitter__26,Odysee__1000237,
2021-12-09,Node_0e3882d1,Node_5e66cdb3,Twitter,Odysee,Twitter__26,Odysee__1000237,
2021-12-02,Node_91df32c1,Node_5e66cdb3,Twitter,Odysee,Twitter__10,Odysee__1000237,
2019-11-03,Node_ad43ad3a,Node_30ed85c2,Gab,Bitchute,Gab__35,Bitchute__1000138,
2019-10-19,Node_ad43ad3a,Node_5e66cdb3,Gab,Bitchute,Gab__35,Bitchute__29,
2019-12-21,Node_10e1056b,Node_30ed85c2,Gab,Bitchute,Gab__30,Bitchute__1000138,
2019-11-14,Node_ad43ad3a,Node_5e66cdb3,Gab,Bitchute,Gab__35,Bitchute__29,
2020-01-07,Node_ad43ad3a,Node_30ed85c2,Gab,Bitchute,Gab__35,Bitchute__1000138,
2019-10-31,Node_ad43ad3a,Node_5e66cdb3,Gab,Bitchute,Gab__35,Bitchute__29,
2020-01-02,Node_ad43ad3a,Node_5e66cdb3,Gab,Bitchute,Gab__35,Bitchute__29,
2019-11-22,Node_ad43ad3a,Node_30ed85c2,Gab,Bitchute,Gab__35,Bitchute__1000138,
2019-11-02,Node_ad43ad3a,Node_5e66cdb3,Gab,Bitchute,Gab__35,Bitchute__29,
2019-12-28,Node_ad43ad3a,Node_5e66cdb3,Gab,Bitchute,Gab__35,Bitchute__29,
2019-08-01,Node_ad43ad3a,Node_5e66cdb3,Gab,Bitchute,Gab__35,Bitchute__29,
2019-11-30,Node_91448dd6,Node_30ed85c2,Gab,Bitchute,Gab__147,Bitchute__1000138,
2019-10-24,Node_ad43ad3a,Node_5e66cdb3,Gab,Bitchute,Gab__35,Bitchute__29,
2019-09-20,Node_ad43ad3a,Node_5e66cdb3,Gab,Bitchute,Gab__35,Bitchute__29,
2019-08-30,Node_ad43ad3a,Node_5e66cdb3,Gab,Bitchute,Gab__35,Bitchute__29,
2022-01-21,Node_0e3882d1,Node_5e66cdb3,Twitter,Odysee,Twitter__26,Odysee__1000237,
2022-01-21,Node_0e3882d1,Node_5e66cdb3,Twitter,Odysee,Twitter__26,Odysee__1000237,
2022-03-31,Node_0e3882d1,Node_5e66cdb3,Twitter,Odysee,Twitter__26,Odysee__1000237,
2022-04-07,Node_0e3882d1,Node_5e66cdb3,Twitter,Odysee,Twitter__26,Odysee__1000237,
2022-04-07,Node_0e3882d1,Node_5e66cdb3,Twitter,Odysee,Twitter__26,Odysee__1000237,
2022-04-07,Node_0e3882d1,Node_5e66cdb3,Twitter,Odysee,Twitter__26,Odysee__1000237,
2022-04-21,Node_0e3882d1,Node_5e66cdb3,Twitter,Odysee,Twitter__26,Odysee__1000237,
2022-04-21,Node_0e3882d1,Node_5e66cdb3,Twitter,Odysee,Twitter__26,Odysee__1000237,
2022-04-28,Node_0e3882d1,Node_5e66cdb3,Twitter,Odysee,Twitter__26,Odysee__1000237,
2022-04-28,Node_0e3882d1,Node_5e66cdb3,Twitter,Odysee,Twitter__26,Odysee__1000237,
2022-05-05,Node_0e3882d1,Node_5e66cdb3,Twitter,Odysee,Twitter__26,Odysee__1000237,
2022-05-05,Node_0e3882d1,Node_5e66cdb3,Twitter,Odysee,Twitter__26,Odysee__1000237,
2022-05-05,Node_0e3882d1,Node_5e66cdb3,Twitter,Odysee,Twitter__26,Odysee__1000237,
2022-05-19,Node_0e3882d1,Node_5e66cdb3,Twitter,Odysee,Twitter__26,Odysee__1000237,
2022-06-02,Node_0e3882d1,Node_5e66cdb3,Twitter,Odysee,Twitter__26,Odysee__1000237,
2022-06-20,Node_0e3882d1,Node_5e66cdb3,Twitter,Odysee,Twitter__26,Odysee__1000237,
2022-06-23,Node_0e3882d1,Node_5e66cdb3,Twitter,Odysee,Twitter__26,Odysee__1000237,
2020-02-27,Node_10e1056b,Node_5e66cdb3,Gab,Bitchute,Gab__30,Bitchute__29,
2021-03-28,Node_23dd704c,Node_5e66cdb3,Bitchute,Bitchute,Bitchute__24,Bitchute__29,
2021-11-07,Node_0e3882d1,Node_30ed85c2,Twitter,TG,Twitter__26,TG__482,
2021-12-02,Node_0e3882d1,Node_5e66cdb3,Twitter,TG,Twitter__26,TG__500,
2021-12-29,Node_0e3882d1,Node_5e66cdb3,Twitter,TG,Twitter__26,TG__500,
2020-11-08,Node_88fcf1df,Node_5e66cdb3,TG,TG,TG__146,TG__500,
2020-11-08,Node_88fcf1df,Node_30ed85c2,TG,TG,TG__146,TG__482,
2021-04-09,Node_0b994800,Node_5e66cdb3,TG,Bitchute,TG__293,Bitchute__29,
2020-06-30,Node_91df32c1,Node_5e66cdb3,Twitter,Bitchute,Twitter__10,Bitchute__29,
2019-10-03,Node_ac3e9ffa,Node_5e66cdb3,TG,Bitchute,TG__75,Bitchute__29,
2021-06-22,Node_6855f70f,Node_5e66cdb3,TG,Odysee,TG__519,Odysee__1000237,
2023-05-10,Node_91df32c1,Node_5e66cdb3,Twitter,Odysee,Twitter__10,Odysee__1000237,
2021-09-16,Node_0e3882d1,Node_5e66cdb3,Twitter,Odysee,Twitter__26,Odysee__1000237,
2021-12-02,Node_91df32c1,Node_5e66cdb3,Twitter,Odysee,Twitter__10,Odysee__1000237,
2021-12-09,Node_0e3882d1,Node_5e66cdb3,Twitter,Odysee,Twitter__26,Odysee__1000237,
2020-03-14,Node_ad43ad3a,Node_5e66cdb3,Gab,Bitchute,Gab__35,Bitchute__29,
2020-03-14,Node_07e12858,Node_5e66cdb3,Gab,Bitchute,Gab__3,Bitchute__29,
2021-03-05,Node_6855f70f,Node_5e66cdb3,TG,Bitchute,TG__519,Bitchute__29,
2021-11-22,Node_927409cf,Node_5e66cdb3,4Chan,Bitchute,4Chan__1,Bitchute__29,
2021-11-04,Node_6b6f422d,Node_5e66cdb3,Bitchute,Bitchute,Bitchute__11,Bitchute__29,
2021-06-12,Node_927409cf,Node_e3e7ab35,4Chan,TG,4Chan__1,TG__313,
2021-06-12,Node_927409cf,Node_5e66cdb3,4Chan,TG,4Chan__1,TG__500,
2021-06-12,Node_927409cf,Node_e3e7ab35,4Chan,TG,4Chan__1,TG__313,
2021-06-12,Node_927409cf,Node_5e66cdb3,4Chan,TG,4Chan__1,TG__500,
2021-06-12,Node_927409cf,Node_e3e7ab35,4Chan,TG,4Chan__1,TG__313,
2021-06-12,Node_927409cf,Node_5e66cdb3,4Chan,TG,4Chan__1,TG__500,
2021-06-12,Node_927409cf,Node_e3e7ab35,4Chan,TG,4Chan__1,TG__313,
2021-06-12,Node_927409cf,Node_5e66cdb3,4Chan,TG,4Chan__1,TG__500,
2021-06-13,Node_927409cf,Node_e3e7ab35,4Chan,TG,4Chan__1,TG__313,
2021-06-13,Node_927409cf,Node_5e66cdb3,4Chan,TG,4Chan__1,TG__500,
2021-06-13,Node_927409cf,Node_e3e7ab35,4Chan,TG,4Chan__1,TG__313,
2021-06-13,Node_927409cf,Node_5e66cdb3,4Chan,TG,4Chan__1,TG__500,
2021-06-16,Node_927409cf,Node_e3e7ab35,4Chan,TG,4Chan__1,TG__313,
2021-06-16,Node_927409cf,Node_5e66cdb3,4Chan,TG,4Chan__1,TG__500,
2021-06-22,Node_927409cf,Node_e3e7ab35,4Chan,TG,4Chan__1,TG__313,
2021-06-22,Node_927409cf,Node_5e66cdb3,4Chan,TG,4Chan__1,TG__500,
2021-06-22,Node_927409cf,Node_e3e7ab35,4Chan,TG,4Chan__1,TG__313,
2021-06-22,Node_927409cf,Node_5e66cdb3,4Chan,TG,4Chan__1,TG__500,
2021-10-09,Node_927409cf,Node_e3e7ab35,4Chan,TG,4Chan__1,TG__313,
2021-10-09,Node_927409cf,Node_5e66cdb3,4Chan,TG,4Chan__1,TG__500,
2021-10-22,Node_927409cf,Node_e3e7ab35,4Chan,TG,4Chan__1,TG__313,
2021-10-22,Node_927409cf,Node_5e66cdb3,4Chan,TG,4Chan__1,TG__500,
2021-10-22,Node_927409cf,Node_e3e7ab35,4Chan,TG,4Chan__1,TG__313,
2021-10-22,Node_927409cf,Node_5e66cdb3,4Chan,TG,4Chan__1,TG__500,
2021-10-24,Node_927409cf,Node_e3e7ab35,4Chan,TG,4Chan__1,TG__313,
2021-10-24,Node_927409cf,Node_5e66cdb3,4Chan,TG,4Chan__1,TG__500,
2021-10-24,Node_927409cf,Node_e3e7ab35,4Chan,TG,4Chan__1,TG__313,
2021-10-24,Node_927409cf,Node_5e66cdb3,4Chan,TG,4Chan__1,TG__500,
2021-10-24,Node_927409cf,Node_e3e7ab35,4Chan,TG,4Chan__1,TG__313,
2021-10-24,Node_927409cf,Node_5e66cdb3,4Chan,TG,4Chan__1,TG__500,
2021-10-24,Node_927409cf,Node_e3e7ab35,4Chan,TG,4Chan__1,TG__313,
2021-10-24,Node_927409cf,Node_5e66cdb3,4Chan,TG,4Chan__1,TG__500,
2021-10-25,Node_927409cf,Node_e3e7ab35,4Chan,TG,4Chan__1,TG__313,
2021-10-25,Node_927409cf,Node_5e66cdb3,4Chan,TG,4Chan__1,TG__500,
2021-10-25,Node_927409cf,Node_e3e7ab35,4Chan,TG,4Chan__1,TG__313,
2021-10-25,Node_927409cf,Node_5e66cdb3,4Chan,TG,4Chan__1,TG__500,
2021-10-25,Node_927409cf,Node_e3e7ab35,4Chan,TG,4Chan__1,TG__313,
2021-10-25,Node_927409cf,Node_5e66cdb3,4Chan,TG,4Chan__1,TG__500,
2021-10-25,Node_927409cf,Node_e3e7ab35,4Chan,TG,4Chan__1,TG__313,
2021-10-25,Node_927409cf,Node_5e66cdb3,4Chan,TG,4Chan__1,TG__500,
2021-10-26,Node_927409cf,Node_e3e7ab35,4Chan,TG,4Chan__1,TG__313,
2021-10-26,Node_927409cf,Node_5e66cdb3,4Chan,TG,4Chan__1,TG__500,
2021-10-26,Node_927409cf,Node_e3e7ab35,4Chan,TG,4Chan__1,TG__313,
2021-10-26,Node_927409cf,Node_5e66cdb3,4Chan,TG,4Chan__1,TG__500,
2021-10-27,Node_927409cf,Node_e3e7ab35,4Chan,TG,4Chan__1,TG__313,
2021-10-27,Node_927409cf,Node_5e66cdb3,4Chan,TG,4Chan__1,TG__500,
2020-11-10,Node_ac1129d9,Node_5e66cdb3,Twitter,TG,Twitter__38,TG__500,
2021-11-26,Node_927409cf,Node_e3e7ab35,4Chan,TG,4Chan__1,TG__313,
2021-11-26,Node_927409cf,Node_5e66cdb3,4Chan,TG,4Chan__1,TG__500,
2021-12-06,Node_927409cf,Node_e3e7ab35,4Chan,TG,4Chan__1,TG__313,
2021-12-06,Node_927409cf,Node_5e66cdb3,4Chan,TG,4Chan__1,TG__500,
2021-12-07,Node_927409cf,Node_e3e7ab35,4Chan,TG,4Chan__1,TG__313,
2021-12-07,Node_927409cf,Node_5e66cdb3,4Chan,TG,4Chan__1,TG__500,
2021-12-07,Node_927409cf,Node_e3e7ab35,4Chan,TG,4Chan__1,TG__313,
2021-12-07,Node_927409cf,Node_5e66cdb3,4Chan,TG,4Chan__1,TG__500,
2021-12-07,Node_927409cf,Node_5e66cdb3,4Chan,TG,4Chan__1,TG__500,
2021-12-07,Node_927409cf,Node_e3e7ab35,4Chan,TG,4Chan__1,TG__313,
2021-12-07,Node_927409cf,Node_5e66cdb3,4Chan,TG,4Chan__1,TG__500,
2021-12-07,Node_927409cf,Node_e3e7ab35,4Chan,TG,4Chan__1,TG__313,
2021-12-07,Node_927409cf,Node_5e66cdb3,4Chan,TG,4Chan__1,TG__500,
2021-12-07,Node_927409cf,Node_e3e7ab35,4Chan,TG,4Chan__1,TG__313,
2021-12-07,Node_927409cf,Node_5e66cdb3,4Chan,TG,4Chan__1,TG__500,
2022-02-05,Node_927409cf,Node_5e66cdb3,4Chan,TG,4Chan__1,TG__500,
2022-02-05,Node_927409cf,Node_5e66cdb3,4Chan,TG,4Chan__1,TG__500,
2024-01-12,Node_927409cf,Node_5e66cdb3,4Chan,Odysee,4Chan__1,Odysee__1000237,
2024-01-12,Node_927409cf,Node_5e66cdb3,4Chan,Odysee,4Chan__1,Odysee__1000237,
2024-01-24,Node_5f04d110,Node_5e66cdb3,Gab,Odysee,Gab__284,Odysee__1000237,PA
2024-01-25,Node_927409cf,Node_5e66cdb3,4Chan,Odysee,4Chan__1,Odysee__1000237,
2024-01-12,Node_927409cf,Node_5e66cdb3,4Chan,Odysee,4Chan__1,Odysee__1000237,
2024-01-13,Node_927409cf,Node_5e66cdb3,4Chan,Odysee,4Chan__1,Odysee__1000237,
2023-05-07,Node_927409cf,Node_5e66cdb3,4Chan,Bitchute,4Chan__1,Bitchute__29,
2020-06-19,Node_5af58985,Node_5e66cdb3,TG,Bitchute,TG__73,Bitchute__29,
2023-02-12,Node_927409cf,Node_5e66cdb3,4Chan,Bitchute,4Chan__1,Bitchute__29,
2023-11-14,Node_927409cf,Node_5e66cdb3,4Chan,Bitchute,4Chan__1,Bitchute__29,
2020-04-05,Node_5af58985,Node_30ed85c2,TG,Bitchute,TG__73,Bitchute__1000138,
2020-08-07,Node_5af58985,Node_5e66cdb3,TG,Bitchute,TG__73,Bitchute__29,
2021-01-23,Node_3d50c777,Node_5e66cdb3,TG,Bitchute,TG__325,Bitchute__29,
2023-03-31,Node_1229cb24,Node_30ed85c2,Bitchute,Bitchute,Bitchute__64,Bitchute__1000138,
2022-05-10,Node_927409cf,Node_5e66cdb3,4Chan,Odysee,4Chan__1,Odysee__1000237,
2021-07-21,Node_d480d20e,Node_5e66cdb3,TG,Odysee,TG__447,Odysee__1000237,
2023-04-21,Node_927409cf,Node_5e66cdb3,4Chan,Odysee,4Chan__1,Odysee__1000237,
2023-12-15,Node_927409cf,Node_5e66cdb3,4Chan,Odysee,4Chan__1,Odysee__1000237,
2021-04-06,Node_3d50c777,Node_5e66cdb3,TG,Odysee,TG__325,Odysee__1000237,
2022-09-25,Node_d480d20e,Node_5e66cdb3,TG,Odysee,TG__447,Odysee__1000237,
2023-08-31,Node_927409cf,Node_5e66cdb3,4Chan,Odysee,4Chan__1,Odysee__1000237,
2023-09-06,Node_d480d20e,Node_5e66cdb3,TG,Odysee,TG__447,Odysee__1000237,
2023-07-22,Node_927409cf,Node_5e66cdb3,4Chan,Odysee,4Chan__1,Odysee__1000237,
2023-09-29,Node_927409cf,Node_5e66cdb3,4Chan,Odysee,4Chan__1,Odysee__1000237,
2023-08-01,Node_927409cf,Node_5e66cdb3,4Chan,Odysee,4Chan__1,Odysee__1000237,
2023-12-13,Node_927409cf,Node_5e66cdb3,4Chan,Odysee,4Chan__1,Odysee__1000237,
2023-03-08,Node_d480d20e,Node_5e66cdb3,TG,Odysee,TG__447,Odysee__1000237,
2023-03-18,Node_b273bd54,Node_5e66cdb3,Twitter,Odysee,Twitter__32,Odysee__1000237,
2023-04-05,Node_927409cf,Node_5e66cdb3,4Chan,Odysee,4Chan__1,Odysee__1000237,
2023-04-01,Node_927409cf,Node_5e66cdb3,4Chan,Odysee,4Chan__1,Odysee__1000237,
2023-04-01,Node_927409cf,Node_5e66cdb3,4Chan,Odysee,4Chan__1,Odysee__1000237,
2023-03-05,Node_927409cf,Node_5e66cdb3,4Chan,Odysee,4Chan__1,Odysee__1000237,
2022-01-20,Node_ac1129d9,Node_5e66cdb3,Twitter,Odysee,Twitter__38,Odysee__1000237,
2023-09-29,Node_927409cf,Node_5e66cdb3,4Chan,Odysee,4Chan__1,Odysee__1000237,
2023-03-04,Node_927409cf,Node_5e66cdb3,4Chan,Odysee,4Chan__1,Odysee__1000237,
2021-09-12,Node_d480d20e,Node_5e66cdb3,TG,Odysee,TG__447,Odysee__1000237,
2023-01-11,Node_927409cf,Node_5e66cdb3,4Chan,Odysee,4Chan__1,Odysee__1000237,
2023-01-23,Node_927409cf,Node_5e66cdb3,4Chan,Odysee,4Chan__1,Odysee__1000237,
2022-11-10,Node_3181f07e,Node_5e66cdb3,Twitter,Odysee,Twitter__21,Odysee__1000237,
2023-10-18,Node_9c36f1d1,Node_854b86cc,TG,Odysee,TG__397,Odysee__1000424,
2023-06-01,Node_927409cf,Node_5e66cdb3,4Chan,Odysee,4Chan__1,Odysee__1000237,
2023-05-26,Node_927409cf,Node_5e66cdb3,4Chan,Odysee,4Chan__1,Odysee__1000237,
2023-12-18,Node_927409cf,Node_5e66cdb3,4Chan,Odysee,4Chan__1,Odysee__1000237,
2023-08-04,Node_927409cf,Node_5e66cdb3,4Chan,Odysee,4Chan__1,Odysee__1000237,
2023-06-22,Node_927409cf,Node_30ed85c2,4Chan,Odysee,4Chan__1,Odysee__1000416,
2022-11-23,Node_927409cf,Node_5e66cdb3,4Chan,Odysee,4Chan__1,Odysee__1000237,
2021-05-08,Node_927409cf,Node_854b86cc,4Chan,Odysee,4Chan__1,Odysee__1000424,
2021-05-08,Node_927409cf,Node_854b86cc,4Chan,Odysee,4Chan__1,Odysee__1000424,
2021-05-08,Node_927409cf,Node_30ed85c2,4Chan,Odysee,4Chan__1,Odysee__1000416,
2021-08-02,Node_927409cf,Node_854b86cc,4Chan,Odysee,4Chan__1,Odysee__1000424,
2021-08-02,Node_927409cf,Node_30ed85c2,4Chan,Odysee,4Chan__1,Odysee__1000416,
2021-05-08,Node_927409cf,Node_30ed85c2,4Chan,Odysee,4Chan__1,Odysee__1000416,
2021-05-08,Node_927409cf,Node_854b86cc,4Chan,Odysee,4Chan__1,Odysee__1000424,
2021-11-27,Node_927409cf,Node_854b86cc,4Chan,Odysee,4Chan__1,Odysee__1000424,
2021-10-15,Node_3181f07e,Node_5e66cdb3,Twitter,Odysee,Twitter__21,Odysee__1000237,
2021-07-17,Node_927409cf,Node_5e66cdb3,4Chan,Odysee,4Chan__1,Odysee__1000237,
2021-10-11,Node_927409cf,Node_5e66cdb3,4Chan,Odysee,4Chan__1,Odysee__1000237,
2021-07-15,Node_927409cf,Node_854b86cc,4Chan,Odysee,4Chan__1,Odysee__1000424,
2021-12-11,Node_927409cf,Node_5e66cdb3,4Chan,Odysee,4Chan__1,Odysee__1000237,
2021-08-12,Node_927409cf,Node_854b86cc,4Chan,Odysee,4Chan__1,Odysee__1000424,
2021-10-27,Node_927409cf,Node_5e66cdb3,4Chan,Odysee,4Chan__1,Odysee__1000237,
2020-05-30,Node_927409cf,Node_5e66cdb3,4Chan,Bitchute,4Chan__1,Bitchute__29,
2020-05-30,Node_927409cf,Node_5e66cdb3,4Chan,Bitchute,4Chan__1,Bitchute__29,
2020-05-30,Node_927409cf,Node_5e66cdb3,4Chan,Bitchute,4Chan__1,Bitchute__29,
2020-05-30,Node_927409cf,Node_5e66cdb3,4Chan,Bitchute,4Chan__1,Bitchute__29,
2020-05-30,Node_5f04d110,Node_5e66cdb3,Gab,Bitchute,Gab__284,Bitchute__29,PA
2021-04-23,Node_927409cf,Node_5e66cdb3,4Chan,Bitchute,4Chan__1,Bitchute__29,
2020-05-31,Node_406acb92,Node_5e66cdb3,Gab,Bitchute,Gab__14,Bitchute__29,
2020-05-17,Node_927409cf,Node_5e66cdb3,4Chan,Bitchute,4Chan__1,Bitchute__29,
2020-05-18,Node_927409cf,Node_5e66cdb3,4Chan,Bitchute,4Chan__1,Bitchute__29,
2020-05-18,Node_927409cf,Node_5e66cdb3,4Chan,Bitchute,4Chan__1,Bitchute__29,
2020-08-14,Node_5f04d110,Node_5e66cdb3,Gab,Bitchute,Gab__284,Bitchute__29,PA
2020-08-16,Node_406acb92,Node_30ed85c2,Gab,Bitchute,Gab__14,Bitchute__1000138,
2020-08-16,Node_5f04d110,Node_30ed85c2,Gab,Bitchute,Gab__284,Bitchute__1000138,PA
2020-08-19,Node_927409cf,Node_5e66cdb3,4Chan,Bitchute,4Chan__1,Bitchute__29,
2020-08-19,Node_927409cf,Node_5e66cdb3,4Chan,Bitchute,4Chan__1,Bitchute__29,
2020-08-19,Node_927409cf,Node_5e66cdb3,4Chan,Bitchute,4Chan__1,Bitchute__29,
2020-08-19,Node_927409cf,Node_5e66cdb3,4Chan,Bitchute,4Chan__1,Bitchute__29,
2020-06-13,Node_927409cf,Node_5e66cdb3,4Chan,Bitchute,4Chan__1,Bitchute__29,
2020-06-13,Node_927409cf,Node_5e66cdb3,4Chan,Bitchute,4Chan__1,Bitchute__29,
2020-06-13,Node_927409cf,Node_5e66cdb3,4Chan,Bitchute,4Chan__1,Bitchute__29,
2020-06-13,Node_927409cf,Node_5e66cdb3,4Chan,Bitchute,4Chan__1,Bitchute__29,
2020-06-13,Node_5f04d110,Node_5e66cdb3,Gab,Bitchute,Gab__284,Bitchute__29,PA
2020-10-22,Node_5f04d110,Node_5e66cdb3,Gab,Bitchute,Gab__284,Bitchute__29,PA
2020-07-02,Node_927409cf,Node_5e66cdb3,4Chan,Bitchute,4Chan__1,Bitchute__29,
2020-01-24,Node_927409cf,Node_5e66cdb3,4Chan,Bitchute,4Chan__1,Bitchute__29,
2020-01-24,Node_927409cf,Node_5e66cdb3,4Chan,Bitchute,4Chan__1,Bitchute__29,
2020-02-03,Node_927409cf,Node_5e66cdb3,4Chan,Bitchute,4Chan__1,Bitchute__29,
2020-07-11,Node_927409cf,Node_5e66cdb3,4Chan,Bitchute,4Chan__1,Bitchute__29,
2020-01-22,Node_927409cf,Node_30ed85c2,4Chan,Bitchute,4Chan__1,Bitchute__1000138,
2020-11-12,Node_927409cf,Node_5e66cdb3,4Chan,Bitchute,4Chan__1,Bitchute__29,
2020-11-12,Node_927409cf,Node_5e66cdb3,4Chan,Bitchute,4Chan__1,Bitchute__29,
2020-04-30,Node_927409cf,Node_5e66cdb3,4Chan,Bitchute,4Chan__1,Bitchute__29,
2020-07-16,Node_927409cf,Node_5e66cdb3,4Chan,Bitchute,4Chan__1,Bitchute__29,
2020-07-16,Node_927409cf,Node_5e66cdb3,4Chan,Bitchute,4Chan__1,Bitchute__29,
2020-01-22,Node_927409cf,Node_5e66cdb3,4Chan,Bitchute,4Chan__1,Bitchute__29,
2020-01-22,Node_927409cf,Node_5e66cdb3,4Chan,Bitchute,4Chan__1,Bitchute__29,
2021-07-12,Node_927409cf,Node_5e66cdb3,4Chan,Bitchute,4Chan__1,Bitchute__29,
2020-05-09,Node_927409cf,Node_5e66cdb3,4Chan,Bitchute,4Chan__1,Bitchute__29,
2020-05-09,Node_927409cf,Node_5e66cdb3,4Chan,Bitchute,4Chan__1,Bitchute__29,
2020-08-01,Node_5f04d110,Node_5e66cdb3,Gab,Bitchute,Gab__284,Bitchute__29,PA
2020-11-18,Node_927409cf,Node_5e66cdb3,4Chan,Bitchute,4Chan__1,Bitchute__29,
2020-11-18,Node_927409cf,Node_5e66cdb3,4Chan,Bitchute,4Chan__1,Bitchute__29,
2020-02-09,Node_927409cf,Node_5e66cdb3,4Chan,Bitchute,4Chan__1,Bitchute__29,
2020-08-03,Node_5f04d110,Node_5e66cdb3,Gab,Bitchute,Gab__284,Bitchute__29,PA
2020-12-03,Node_5f04d110,Node_5e66cdb3,Gab,Bitchute,Gab__284,Bitchute__29,PA
2021-01-30,Node_5f04d110,Node_5e66cdb3,Gab,Bitchute,Gab__284,Bitchute__29,PA
2021-01-30,Node_927409cf,Node_5e66cdb3,4Chan,Bitchute,4Chan__1,Bitchute__29,
2020-03-31,Node_927409cf,Node_5e66cdb3,4Chan,Bitchute,4Chan__1,Bitchute__29,
2020-03-31,Node_927409cf,Node_5e66cdb3,4Chan,Bitchute,4Chan__1,Bitchute__29,
2020-04-11,Node_927409cf,Node_5e66cdb3,4Chan,Bitchute,4Chan__1,Bitchute__29,
2020-04-11,Node_927409cf,Node_5e66cdb3,4Chan,Bitchute,4Chan__1,Bitchute__29,
2020-04-11,Node_927409cf,Node_5e66cdb3,4Chan,Bitchute,4Chan__1,Bitchute__29,
2020-04-11,Node_927409cf,Node_5e66cdb3,4Chan,Bitchute,4Chan__1,Bitchute__29,
2020-04-11,Node_927409cf,Node_5e66cdb3,4Chan,Bitchute,4Chan__1,Bitchute__29,
2020-04-12,Node_927409cf,Node_5e66cdb3,4Chan,Bitchute,4Chan__1,Bitchute__29,
2020-04-12,Node_927409cf,Node_5e66cdb3,4Chan,Bitchute,4Chan__1,Bitchute__29,
2020-04-13,Node_927409cf,Node_5e66cdb3,4Chan,Bitchute,4Chan__1,Bitchute__29,
2020-04-13,Node_927409cf,Node_5e66cdb3,4Chan,Bitchute,4Chan__1,Bitchute__29,
2020-04-13,Node_927409cf,Node_5e66cdb3,4Chan,Bitchute,4Chan__1,Bitchute__29,
2020-04-13,Node_927409cf,Node_5e66cdb3,4Chan,Bitchute,4Chan__1,Bitchute__29,
2020-04-14,Node_927409cf,Node_5e66cdb3,4Chan,Bitchute,4Chan__1,Bitchute__29,
2020-04-14,Node_927409cf,Node_5e66cdb3,4Chan,Bitchute,4Chan__1,Bitchute__29,
2020-07-06,Node_927409cf,Node_5e66cdb3,4Chan,Bitchute,4Chan__1,Bitchute__29,
2020-07-06,Node_927409cf,Node_5e66cdb3,4Chan,Bitchute,4Chan__1,Bitchute__29,
2020-07-05,Node_927409cf,Node_5e66cdb3,4Chan,Bitchute,4Chan__1,Bitchute__29,
2020-07-05,Node_927409cf,Node_5e66cdb3,4Chan,Bitchute,4Chan__1,Bitchute__29,
2020-06-07,Node_927409cf,Node_5e66cdb3,4Chan,Bitchute,4Chan__1,Bitchute__29,
2020-06-07,Node_927409cf,Node_5e66cdb3,4Chan,Bitchute,4Chan__1,Bitchute__29,
2020-08-18,Node_927409cf,Node_30ed85c2,4Chan,Bitchute,4Chan__1,Bitchute__1000138,
2020-12-30,Node_927409cf,Node_5e66cdb3,4Chan,Bitchute,4Chan__1,Bitchute__29,
2021-10-02,Node_927409cf,Node_5e66cdb3,4Chan,Bitchute,4Chan__1,Bitchute__29,
2020-11-17,Node_927409cf,Node_5e66cdb3,4Chan,Bitchute,4Chan__1,Bitchute__29,
2020-12-07,Node_927409cf,Node_5e66cdb3,4Chan,Bitchute,4Chan__1,Bitchute__29,
2019-11-03,Node_5af58985,Node_30ed85c2,TG,Bitchute,TG__73,Bitchute__1000138,
2020-05-09,Node_927409cf,Node_5e66cdb3,4Chan,Bitchute,4Chan__1,Bitchute__29,
2020-05-09,Node_927409cf,Node_5e66cdb3,4Chan,Bitchute,4Chan__1,Bitchute__29,
2019-06-28,Node_927409cf,Node_5e66cdb3,4Chan,Bitchute,4Chan__1,Bitchute__29,
2019-06-28,Node_927409cf,Node_5e66cdb3,4Chan,Bitchute,4Chan__1,Bitchute__29,
2021-08-26,Node_67a97337,Node_5e66cdb3,Bitchute,Bitchute,Bitchute__146,Bitchute__29,
2020-06-30,Node_927409cf,Node_5e66cdb3,4Chan,Bitchute,4Chan__1,Bitchute__29,
2019-06-26,Node_927409cf,Node_5e66cdb3,4Chan,Bitchute,4Chan__1,Bitchute__29,
2019-06-08,Node_927409cf,Node_5e66cdb3,4Chan,Bitchute,4Chan__1,Bitchute__29,
2019-07-07,Node_927409cf,Node_5e66cdb3,4Chan,Bitchute,4Chan__1,Bitchute__29,
2022-11-26,Node_927409cf,Node_5e66cdb3,4Chan,Odysee,4Chan__1,Odysee__1000237,
2023-11-09,Node_927409cf,Node_5e66cdb3,4Chan,TG,4Chan__1,TG__500,
2020-06-02,Node_f6fc88ee,Node_30ed85c2,TG,Bitchute,TG__125,Bitchute__1000138,
2020-03-09,Node_5af58985,Node_30ed85c2,TG,Bitchute,TG__73,Bitchute__1000138,
2021-08-06,Node_b273bd54,Node_5e66cdb3,Twitter,Bitchute,Twitter__32,Bitchute__29,
2023-11-30,Node_927409cf,Node_5e66cdb3,4Chan,Bitchute,4Chan__1,Bitchute__29,
2021-01-22,Node_3d50c777,Node_5e66cdb3,TG,Bitchute,TG__325,Bitchute__29,
2019-12-21,Node_5af58985,Node_30ed85c2,TG,Bitchute,TG__73,Bitchute__1000138,
2023-11-29,Node_927409cf,Node_5e66cdb3,4Chan,Bitchute,4Chan__1,Bitchute__29,
2022-02-20,Node_927409cf,Node_5e66cdb3,4Chan,Odysee,4Chan__1,Odysee__1000237,
2023-12-17,Node_927409cf,Node_5e66cdb3,4Chan,Odysee,4Chan__1,Odysee__1000237,
2023-07-09,Node_927409cf,Node_5e66cdb3,4Chan,Odysee,4Chan__1,Odysee__1000237,
2023-10-01,Node_927409cf,Node_5e66cdb3,4Chan,Odysee,4Chan__1,Odysee__1000237,
2023-03-26,Node_d480d20e,Node_5e66cdb3,TG,Odysee,TG__447,Odysee__1000237,
2023-05-20,Node_927409cf,Node_5e66cdb3,4Chan,Odysee,4Chan__1,Odysee__1000237,
2021-08-29,Node_d480d20e,Node_5e66cdb3,TG,Odysee,TG__447,Odysee__1000237,
2023-11-09,Node_927409cf,Node_5e66cdb3,4Chan,Odysee,4Chan__1,Odysee__1000237,
2023-10-18,Node_927409cf,Node_5e66cdb3,4Chan,Odysee,4Chan__1,Odysee__1000237,
2023-08-19,Node_927409cf,Node_5e66cdb3,4Chan,Odysee,4Chan__1,Odysee__1000237,
2023-01-28,Node_927409cf,Node_5e66cdb3,4Chan,Odysee,4Chan__1,Odysee__1000237,
2023-03-06,Node_927409cf,Node_5e66cdb3,4Chan,Odysee,4Chan__1,Odysee__1000237,
2022-03-26,Node_927409cf,Node_5e66cdb3,4Chan,Bitchute,4Chan__1,Bitchute__29,
2022-02-20,Node_927409cf,Node_5e66cdb3,4Chan,Bitchute,4Chan__1,Bitchute__29,
2022-06-12,Node_927409cf,Node_5e66cdb3,4Chan,Bitchute,4Chan__1,Bitchute__29,
2020-04-30,Node_5f04d110,Node_30ed85c2,Gab,Bitchute,Gab__284,Bitchute__1000138,PA
2020-05-09,Node_5f04d110,Node_5e66cdb3,Gab,Bitchute,Gab__284,Bitchute__29,PA
2020-05-10,Node_5f04d110,Node_30ed85c2,Gab,Bitchute,Gab__284,Bitchute__1000138,PA
2020-05-14,Node_5f04d110,Node_5e66cdb3,Gab,Bitchute,Gab__284,Bitchute__29,PA
2020-05-17,Node_5f04d110,Node_30ed85c2,Gab,Bitchute,Gab__284,Bitchute__1000138,PA
2020-06-26,Node_5f04d110,Node_5e66cdb3,Gab,Bitchute,Gab__284,Bitchute__29,PA
2021-01-09,Node_5f04d110,Node_5e66cdb3,Gab,Bitchute,Gab__284,Bitchute__29,PA
2019-11-08,Node_927409cf,Node_5e66cdb3,4Chan,Bitchute,4Chan__1,Bitchute__29,
2020-02-19,Node_927409cf,Node_5e66cdb3,4Chan,Bitchute,4Chan__1,Bitchute__29,
2020-01-02,Node_927409cf,Node_5e66cdb3,4Chan,Bitchute,4Chan__1,Bitchute__29,
2019-10-06,Node_927409cf,Node_5e66cdb3,4Chan,Bitchute,4Chan__1,Bitchute__29,
2019-08-01,Node_406acb92,Node_5e66cdb3,Gab,Bitchute,Gab__14,Bitchute__29,
2020-01-13,Node_927409cf,Node_5e66cdb3,4Chan,Bitchute,4Chan__1,Bitchute__29,
2019-12-21,Node_406acb92,Node_30ed85c2,Gab,Bitchute,Gab__14,Bitchute__1000138,
2020-05-11,Node_927409cf,Node_5e66cdb3,4Chan,Bitchute,4Chan__1,Bitchute__29,
2021-01-02,Node_5f04d110,Node_5e66cdb3,Gab,Bitchute,Gab__284,Bitchute__29,PA
2019-11-22,Node_406acb92,Node_30ed85c2,Gab,Bitchute,Gab__14,Bitchute__1000138,
2021-04-05,Node_927409cf,Node_5e66cdb3,4Chan,Bitchute,4Chan__1,Bitchute__29,
2019-06-22,Node_927409cf,Node_5e66cdb3,4Chan,Bitchute,4Chan__1,Bitchute__29,
2019-10-24,Node_406acb92,Node_30ed85c2,Gab,Bitchute,Gab__14,Bitchute__1000138,
2019-12-11,Node_927409cf,Node_30ed85c2,4Chan,Bitchute,4Chan__1,Bitchute__1000138,
2020-06-23,Node_927409cf,Node_5e66cdb3,4Chan,Bitchute,4Chan__1,Bitchute__29,
2022-07-10,Node_927409cf,Node_854b86cc,4Chan,YouTube,4Chan__1,YouTube__1258245,
2022-02-20,Node_927409cf,Node_5e66cdb3,4Chan,Odysee,4Chan__1,Odysee__1000237,
2022-11-26,Node_927409cf,Node_5e66cdb3,4Chan,Odysee,4Chan__1,Odysee__1000237,
2022-11-26,Node_927409cf,Node_5e66cdb3,4Chan,Odysee,4Chan__1,Odysee__1000237,
2022-08-09,Node_927409cf,Node_5e66cdb3,4Chan,Odysee,4Chan__1,Odysee__1000237,
2022-04-18,Node_927409cf,Node_c3f68a2c,4Chan,Odysee,4Chan__1,Odysee__1000798,
2022-08-26,Node_927409cf,Node_5e66cdb3,4Chan,Odysee,4Chan__1,Odysee__1000237,
2022-02-18,Node_927409cf,Node_5e66cdb3,4Chan,Odysee,4Chan__1,Odysee__1000237,
2021-07-13,Node_927409cf,Node_854b86cc,4Chan,Odysee,4Chan__1,Odysee__1000424,
2021-06-12,Node_927409cf,Node_5e66cdb3,4Chan,Odysee,4Chan__1,Odysee__1000237,
2021-05-09,Node_927409cf,Node_854b86cc,4Chan,Odysee,4Chan__1,Odysee__1000424,
2021-05-09,Node_927409cf,Node_30ed85c2,4Chan,Odysee,4Chan__1,Odysee__1000416,
2021-05-08,Node_927409cf,Node_854b86cc,4Chan,Odysee,4Chan__1,Odysee__1000424,
2021-05-08,Node_927409cf,Node_30ed85c2,4Chan,Odysee,4Chan__1,Odysee__1000416,
2021-03-23,Node_927409cf,Node_5e66cdb3,4Chan,Odysee,4Chan__1,Odysee__1000237,
2021-12-30,Node_927409cf,Node_5e66cdb3,4Chan,Odysee,4Chan__1,Odysee__1000237,
2021-11-07,Node_927409cf,Node_854b86cc,4Chan,Odysee,4Chan__1,Odysee__1000424,
2021-12-25,Node_927409cf,Node_30ed85c2,4Chan,Odysee,4Chan__1,Odysee__1000416,
2021-05-25,Node_927409cf,Node_5e66cdb3,4Chan,Odysee,4Chan__1,Odysee__1000237,
2020-05-14,Node_927409cf,Node_5e66cdb3,4Chan,Bitchute,4Chan__1,Bitchute__29,
2020-05-14,Node_927409cf,Node_5e66cdb3,4Chan,Bitchute,4Chan__1,Bitchute__29,
2020-05-24,Node_5f04d110,Node_5e66cdb3,Gab,Bitchute,Gab__284,Bitchute__29,PA
2020-05-24,Node_927409cf,Node_5e66cdb3,4Chan,Bitchute,4Chan__1,Bitchute__29,
2020-05-24,Node_927409cf,Node_5e66cdb3,4Chan,Bitchute,4Chan__1,Bitchute__29,
2020-05-24,Node_927409cf,Node_5e66cdb3,4Chan,Bitchute,4Chan__1,Bitchute__29,
2020-05-24,Node_927409cf,Node_5e66cdb3,4Chan,Bitchute,4Chan__1,Bitchute__29,
2020-05-25,Node_927409cf,Node_5e66cdb3,4Chan,Bitchute,4Chan__1,Bitchute__29,
2020-05-25,Node_927409cf,Node_5e66cdb3,4Chan,Bitchute,4Chan__1,Bitchute__29,
2020-05-28,Node_5f04d110,Node_5e66cdb3,Gab,Bitchute,Gab__284,Bitchute__29,PA
2020-05-28,Node_5f04d110,Node_5e66cdb3,Gab,Bitchute,Gab__284,Bitchute__29,PA
2020-05-28,Node_927409cf,Node_5e66cdb3,4Chan,Bitchute,4Chan__1,Bitchute__29,
2020-05-15,Node_927409cf,Node_5e66cdb3,4Chan,Bitchute,4Chan__1,Bitchute__29,
2020-05-29,Node_5f04d110,Node_5e66cdb3,Gab,Bitchute,Gab__284,Bitchute__29,PA
2020-09-12,Node_927409cf,Node_5e66cdb3,4Chan,Bitchute,4Chan__1,Bitchute__29,
2020-09-15,Node_927409cf,Node_5e66cdb3,4Chan,Bitchute,4Chan__1,Bitchute__29,
2020-09-24,Node_5f04d110,Node_5e66cdb3,Gab,Bitchute,Gab__284,Bitchute__29,PA
2020-09-27,Node_927409cf,Node_30ed85c2,4Chan,Bitchute,4Chan__1,Bitchute__1000138,
2020-09-26,Node_5f04d110,Node_5e66cdb3,Gab,Bitchute,Gab__284,Bitchute__29,PA
2020-10-02,Node_5f04d110,Node_5e66cdb3,Gab,Bitchute,Gab__284,Bitchute__29,PA
2021-04-27,Node_927409cf,Node_5e66cdb3,4Chan,Bitchute,4Chan__1,Bitchute__29,
2020-06-02,Node_5f04d110,Node_30ed85c2,Gab,Bitchute,Gab__284,Bitchute__1000138,PA
2020-06-02,Node_927409cf,Node_5e66cdb3,4Chan,Bitchute,4Chan__1,Bitchute__29,
2020-06-02,Node_927409cf,Node_5e66cdb3,4Chan,Bitchute,4Chan__1,Bitchute__29,
2020-10-29,Node_5f04d110,Node_5e66cdb3,Gab,Bitchute,Gab__284,Bitchute__29,PA
2020-10-31,Node_927409cf,Node_5e66cdb3,4Chan,Bitchute,4Chan__1,Bitchute__29,
2020-10-31,Node_927409cf,Node_5e66cdb3,4Chan,Bitchute,4Chan__1,Bitchute__29,
2020-11-03,Node_927409cf,Node_5e66cdb3,4Chan,Bitchute,4Chan__1,Bitchute__29,
2021-05-29,Node_927409cf,Node_5e66cdb3,4Chan,Bitchute,4Chan__1,Bitchute__29,
2021-05-29,Node_927409cf,Node_5e66cdb3,4Chan,Bitchute,4Chan__1,Bitchute__29,
2020-06-20,Node_406acb92,Node_5e66cdb3,Gab,Bitchute,Gab__14,Bitchute__29,
2020-06-20,Node_5f04d110,Node_5e66cdb3,Gab,Bitchute,Gab__284,Bitchute__29,PA
2020-07-14,Node_927409cf,Node_5e66cdb3,4Chan,Bitchute,4Chan__1,Bitchute__29,
2020-07-17,Node_5f04d110,Node_5e66cdb3,Gab,Bitchute,Gab__284,Bitchute__29,PA
2020-07-17,Node_5f04d110,Node_5e66cdb3,Gab,Bitchute,Gab__284,Bitchute__29,PA
2021-06-04,Node_927409cf,Node_5e66cdb3,4Chan,Bitchute,4Chan__1,Bitchute__29,
2020-07-29,Node_927409cf,Node_5e66cdb3,4Chan,Bitchute,4Chan__1,Bitchute__29,
2020-07-30,Node_927409cf,Node_5e66cdb3,4Chan,Bitchute,4Chan__1,Bitchute__29,
2020-07-30,Node_927409cf,Node_5e66cdb3,4Chan,Bitchute,4Chan__1,Bitchute__29,
2020-11-26,Node_5f04d110,Node_5e66cdb3,Gab,Bitchute,Gab__284,Bitchute__29,PA
2020-03-16,Node_927409cf,Node_5e66cdb3,4Chan,Bitchute,4Chan__1,Bitchute__29,
2020-03-16,Node_927409cf,Node_5e66cdb3,4Chan,Bitchute,4Chan__1,Bitchute__29,
2020-01-09,Node_927409cf,Node_5e66cdb3,4Chan,Bitchute,4Chan__1,Bitchute__29,
2020-04-06,Node_927409cf,Node_5e66cdb3,4Chan,Bitchute,4Chan__1,Bitchute__29,
2021-03-04,Node_5f04d110,Node_5e66cdb3,Gab,Bitchute,Gab__284,Bitchute__29,PA
2021-03-05,Node_927409cf,Node_5e66cdb3,4Chan,Bitchute,4Chan__1,Bitchute__29,
2020-04-22,Node_927409cf,Node_5e66cdb3,4Chan,Bitchute,4Chan__1,Bitchute__29,
2020-04-22,Node_927409cf,Node_5e66cdb3,4Chan,Bitchute,4Chan__1,Bitchute__29,
2019-09-24,Node_927409cf,Node_5e66cdb3,4Chan,Bitchute,4Chan__1,Bitchute__29,
2019-09-24,Node_927409cf,Node_5e66cdb3,4Chan,Bitchute,4Chan__1,Bitchute__29,
2020-04-26,Node_927409cf,Node_5e66cdb3,4Chan,Bitchute,4Chan__1,Bitchute__29,
2020-04-26,Node_927409cf,Node_5e66cdb3,4Chan,Bitchute,4Chan__1,Bitchute__29,
2020-04-26,Node_927409cf,Node_5e66cdb3,4Chan,Bitchute,4Chan__1,Bitchute__29,
2020-04-26,Node_927409cf,Node_5e66cdb3,4Chan,Bitchute,4Chan__1,Bitchute__29,
2020-04-26,Node_927409cf,Node_5e66cdb3,4Chan,Bitchute,4Chan__1,Bitchute__29,
2020-04-26,Node_927409cf,Node_5e66cdb3,4Chan,Bitchute,4Chan__1,Bitchute__29,
2019-06-25,Node_927409cf,Node_5e66cdb3,4Chan,Bitchute,4Chan__1,Bitchute__29,
2019-06-25,Node_927409cf,Node_5e66cdb3,4Chan,Bitchute,4Chan__1,Bitchute__29,
2020-04-27,Node_927409cf,Node_5e66cdb3,4Chan,Bitchute,4Chan__1,Bitchute__29,
2020-04-27,Node_927409cf,Node_5e66cdb3,4Chan,Bitchute,4Chan__1,Bitchute__29,
2021-12-18,Node_927409cf,Node_5e66cdb3,4Chan,Bitchute,4Chan__1,Bitchute__29,
2020-12-11,Node_5f04d110,Node_5e66cdb3,Gab,Bitchute,Gab__284,Bitchute__29,PA
2021-06-08,Node_927409cf,Node_5e66cdb3,4Chan,Bitchute,4Chan__1,Bitchute__29,
2023-02-13,Node_e3e7ab35,Node_30ed85c2,TG,Odysee,TG__313,Odysee__1000416,PA
2023-12-01,Node_5e66cdb3,Node_5e66cdb3,TG,Odysee,TG__500,Odysee__1000237,PA
2023-10-01,Node_5e66cdb3,Node_5e66cdb3,TG,Odysee,TG__500,Odysee__1000237,PA
2022-07-05,Node_e3e7ab35,Node_c3f68a2c,TG,Odysee,TG__313,Odysee__1000798,PA
2021-09-05,Node_5e66cdb3,Node_5e66cdb3,TG,Odysee,TG__500,Odysee__1000237,PA
2023-03-25,Node_5e66cdb3,Node_5e66cdb3,TG,Odysee,TG__500,Odysee__1000237,PA
2023-04-21,Node_5e66cdb3,Node_5e66cdb3,TG,Odysee,TG__500,Odysee__1000237,PA
2021-08-03,Node_5e66cdb3,Node_5e66cdb3,TG,Odysee,TG__500,Odysee__1000237,PA
2022-01-12,Node_e3e7ab35,Node_5e66cdb3,TG,Odysee,TG__313,Odysee__1000237,PA
2023-03-31,Node_5e66cdb3,Node_5e66cdb3,TG,Odysee,TG__500,Odysee__1000237,PA
2023-10-27,Node_5e66cdb3,Node_5e66cdb3,TG,Odysee,TG__500,Odysee__1000237,PA
2023-04-27,Node_5e66cdb3,Node_30ed85c2,TG,Odysee,TG__500,Odysee__1000416,PA
2023-03-22,Node_5e66cdb3,Node_5e66cdb3,TG,Odysee,TG__500,Odysee__1000237,PA
2023-04-12,Node_5e66cdb3,Node_5e66cdb3,TG,Odysee,TG__500,Odysee__1000237,PA
2021-08-22,Node_5e66cdb3,Node_5e66cdb3,TG,Odysee,TG__500,Odysee__1000237,PA
2023-12-08,Node_5e66cdb3,Node_5e66cdb3,TG,Odysee,TG__500,Odysee__1000237,PA
2022-10-19,Node_5e66cdb3,Node_5e66cdb3,TG,Odysee,TG__500,Odysee__1000237,PA
2021-10-06,Node_e3e7ab35,Node_5e66cdb3,TG,Odysee,TG__313,Odysee__1000237,PA
2022-12-09,Node_5e66cdb3,Node_854b86cc,TG,Odysee,TG__500,Odysee__1000424,PA
2021-03-29,Node_5e66cdb3,Node_5e66cdb3,TG,Odysee,TG__500,Odysee__1000237,PA
2021-08-23,Node_5e66cdb3,Node_30ed85c2,TG,Odysee,TG__500,Odysee__1000416,PA
2023-05-26,Node_e3e7ab35,Node_5e66cdb3,TG,Odysee,TG__313,Odysee__1000237,PA
2022-03-10,Node_5e66cdb3,Node_30ed85c2,TG,Odysee,TG__500,Odysee__1000416,PA
2021-12-31,Node_5e66cdb3,Node_5e66cdb3,TG,Odysee,TG__500,Odysee__1000237,PA
2022-02-06,Node_5e66cdb3,Node_5e66cdb3,TG,Odysee,TG__500,Odysee__1000237,PA
2021-10-27,Node_e3e7ab35,Node_5e66cdb3,TG,Odysee,TG__313,Odysee__1000237,PA
2022-06-15,Node_5e66cdb3,Node_5e66cdb3,TG,Odysee,TG__500,Odysee__1000237,PA
2021-11-15,Node_e3e7ab35,Node_30ed85c2,TG,Odysee,TG__313,Odysee__1000416,PA
2022-11-23,Node_5e66cdb3,Node_5e66cdb3,TG,Odysee,TG__500,Odysee__1000237,PA
2021-06-10,Node_5e66cdb3,Node_5e66cdb3,TG,Odysee,TG__500,Odysee__1000237,PA
2022-01-06,Node_5e66cdb3,Node_5e66cdb3,TG,Odysee,TG__500,Odysee__1000237,PA
2023-01-02,Node_5e66cdb3,Node_30ed85c2,TG,Odysee,TG__500,Odysee__1000416,PA
2023-05-28,Node_5e66cdb3,Node_5e66cdb3,TG,Odysee,TG__500,Odysee__1000237,PA
2023-01-05,Node_5e66cdb3,Node_5e66cdb3,TG,Odysee,TG__500,Odysee__1000237,PA
2023-11-10,Node_e3e7ab35,Node_5e66cdb3,TG,Odysee,TG__313,Odysee__1000237,PA
2023-04-05,Node_5e66cdb3,Node_5e66cdb3,TG,Odysee,TG__500,Odysee__1000237,PA
2022-08-17,Node_5e66cdb3,Node_5e66cdb3,TG,Odysee,TG__500,Odysee__1000237,PA
2023-05-31,Node_5e66cdb3,Node_5e66cdb3,TG,Odysee,TG__500,Odysee__1000237,PA
2021-09-26,Node_5e66cdb3,Node_5e66cdb3,TG,Odysee,TG__500,Odysee__1000237,PA
2021-08-25,Node_5e66cdb3,Node_5e66cdb3,TG,Odysee,TG__500,Odysee__1000237,PA
2022-10-21,Node_5e66cdb3,Node_5e66cdb3,TG,Odysee,TG__500,Odysee__1000237,PA
2023-07-15,Node_5e66cdb3,Node_5e66cdb3,TG,Odysee,TG__500,Odysee__1000237,PA
2023-05-26,Node_5e66cdb3,Node_5e66cdb3,TG,Odysee,TG__500,Odysee__1000237,PA
2021-05-09,Node_5e66cdb3,Node_5e66cdb3,TG,Odysee,TG__500,Odysee__1000237,PA
2022-03-13,Node_5e66cdb3,Node_5e66cdb3,TG,Odysee,TG__500,Odysee__1000237,PA
2023-06-19,Node_5e66cdb3,Node_30ed85c2,TG,Odysee,TG__500,Odysee__1000416,PA
2023-04-07,Node_5e66cdb3,Node_5e66cdb3,TG,Odysee,TG__500,Odysee__1000237,PA
2022-03-04,Node_5e66cdb3,Node_5e66cdb3,TG,Odysee,TG__500,Odysee__1000237,PA
2022-06-27,Node_e3e7ab35,Node_30ed85c2,TG,Odysee,TG__313,Odysee__1000416,PA
2022-02-21,Node_5e66cdb3,Node_30ed85c2,TG,Odysee,TG__500,Odysee__1000416,PA
2022-12-02,Node_e3e7ab35,Node_5e66cdb3,TG,Odysee,TG__313,Odysee__1000237,PA
2021-05-16,Node_5e66cdb3,Node_5e66cdb3,TG,Odysee,TG__500,Odysee__1000237,PA
2023-07-02,Node_5e66cdb3,Node_5e66cdb3,TG,Odysee,TG__500,Odysee__1000237,PA
2021-05-14,Node_e3e7ab35,Node_5e66cdb3,TG,Odysee,TG__313,Odysee__1000237,PA
2021-12-30,Node_9f50e6d3,Node_5e66cdb3,Gab,Odysee,Gab__10,Odysee__1000237,
2021-11-21,Node_9f50e6d3,Node_854b86cc,Gab,Odysee,Gab__10,Odysee__1000424,
2021-05-01,Node_9f50e6d3,Node_5e66cdb3,Gab,Odysee,Gab__10,Odysee__1000237,
2021-04-25,Node_9f50e6d3,Node_30ed85c2,Gab,Odysee,Gab__10,Odysee__1000416,
2022-08-05,Node_9f50e6d3,Node_5e66cdb3,Gab,Odysee,Gab__10,Odysee__1000237,
2022-08-05,Node_9f50e6d3,Node_5e66cdb3,Gab,Odysee,Gab__10,Odysee__1000237,
2021-10-22,Node_9f50e6d3,Node_5e66cdb3,Gab,Odysee,Gab__10,Odysee__1000237,
2021-04-03,Node_9f50e6d3,Node_5e66cdb3,Gab,Odysee,Gab__10,Odysee__1000237,
2021-03-30,Node_9f50e6d3,Node_5e66cdb3,Gab,Odysee,Gab__10,Odysee__1000237,
2021-03-31,Node_9f50e6d3,Node_5e66cdb3,Gab,Odysee,Gab__10,Odysee__1000237,
2021-03-29,Node_9f50e6d3,Node_30ed85c2,Gab,Odysee,Gab__10,Odysee__1000416,
2021-10-21,Node_9f50e6d3,Node_5e66cdb3,Gab,Odysee,Gab__10,Odysee__1000237,
2020-08-08,Node_9f50e6d3,Node_5e66cdb3,Gab,Bitchute,Gab__10,Bitchute__29,
2020-09-06,Node_9f50e6d3,Node_30ed85c2,Gab,Bitchute,Gab__10,Bitchute__1000138,
2020-09-06,Node_427d5b30,Node_30ed85c2,Gab,Bitchute,Gab__5,Bitchute__1000138,
2020-09-06,Node_9f50e6d3,Node_30ed85c2,Gab,Bitchute,Gab__10,Bitchute__1000138,
2020-09-07,Node_9f50e6d3,Node_30ed85c2,Gab,Bitchute,Gab__10,Bitchute__1000138,
2020-09-11,Node_9f50e6d3,Node_5e66cdb3,Gab,Bitchute,Gab__10,Bitchute__29,
2020-10-11,Node_9f50e6d3,Node_30ed85c2,Gab,Bitchute,Gab__10,Bitchute__1000138,
2021-05-22,Node_9f50e6d3,Node_5e66cdb3,Gab,Bitchute,Gab__10,Bitchute__29,
2020-07-06,Node_9f50e6d3,Node_30ed85c2,Gab,Bitchute,Gab__10,Bitchute__1000138,
2020-07-06,Node_427d5b30,Node_30ed85c2,Gab,Bitchute,Gab__5,Bitchute__1000138,
2020-07-06,Node_0d2904b3,Node_30ed85c2,Gab,Bitchute,Gab__87,Bitchute__1000138,
2020-03-27,Node_0d2904b3,Node_5e66cdb3,Gab,Bitchute,Gab__87,Bitchute__29,
2020-03-29,Node_0d2904b3,Node_30ed85c2,Gab,Bitchute,Gab__87,Bitchute__1000138,
2020-04-09,Node_0d2904b3,Node_5e66cdb3,Gab,Bitchute,Gab__87,Bitchute__29,
2020-04-09,Node_24915fb5,Node_5e66cdb3,Gab,Bitchute,Gab__20,Bitchute__29,
2021-03-15,Node_9f50e6d3,Node_5e66cdb3,Gab,Bitchute,Gab__10,Bitchute__29,
2019-12-28,Node_427d5b30,Node_5e66cdb3,Gab,Bitchute,Gab__5,Bitchute__29,
2019-06-16,Node_9f50e6d3,Node_30ed85c2,Gab,Bitchute,Gab__10,Bitchute__1000138,
2021-09-21,Node_9f50e6d3,Node_5e66cdb3,Gab,Bitchute,Gab__10,Bitchute__29,
2021-09-27,Node_9f50e6d3,Node_5e66cdb3,Gab,Bitchute,Gab__10,Bitchute__29,
2021-01-14,Node_5e66cdb3,Node_5e66cdb3,TG,Bitchute,TG__500,Bitchute__29,PA
2020-04-23,Node_47afdbe6,Node_5e66cdb3,TG,Bitchute,TG__516,Bitchute__29,
2019-08-23,Node_5e66cdb3,Node_5e66cdb3,TG,Bitchute,TG__500,Bitchute__29,PA
2019-08-29,Node_5e66cdb3,Node_5e66cdb3,TG,Bitchute,TG__500,Bitchute__29,PA
2019-10-10,Node_5e66cdb3,Node_5e66cdb3,TG,Bitchute,TG__500,Bitchute__29,PA
2019-10-17,Node_5e66cdb3,Node_5e66cdb3,TG,Bitchute,TG__500,Bitchute__29,PA
2020-06-21,Node_5f04d110,Node_5f04d110,Gab,Gab,Gab__284,Gab__284,PA
2020-06-17,Node_5f04d110,Node_5f04d110,Gab,Gab,Gab__284,Gab__284,PA
2020-06-13,Node_5f04d110,Node_5f04d110,Gab,Gab,Gab__284,Gab__284,PA
2020-06-20,Node_5f04d110,Node_5f04d110,Gab,Gab,Gab__284,Gab__284,PA
2020-05-25,Node_5f04d110,Node_5f04d110,Gab,Gab,Gab__284,Gab__284,PA
2020-11-22,Node_5af58985,Node_5e66cdb3,TG,TG,TG__73,TG__500,
2021-05-08,Node_927409cf,Node_30ed85c2,4Chan,Odysee,4Chan__1,Odysee__1000416,
2021-07-16,Node_3181f07e,Node_5e66cdb3,Twitter,Odysee,Twitter__21,Odysee__1000237,
2021-05-09,Node_927409cf,Node_854b86cc,4Chan,Odysee,4Chan__1,Odysee__1000424,
2021-05-09,Node_927409cf,Node_30ed85c2,4Chan,Odysee,4Chan__1,Odysee__1000416,
2021-07-13,Node_927409cf,Node_30ed85c2,4Chan,Odysee,4Chan__1,Odysee__1000416,
2021-07-13,Node_927409cf,Node_854b86cc,4Chan,Odysee,4Chan__1,Odysee__1000424,
2021-07-13,Node_927409cf,Node_30ed85c2,4Chan,Odysee,4Chan__1,Odysee__1000416,
2021-07-15,Node_927409cf,Node_30ed85c2,4Chan,Odysee,4Chan__1,Odysee__1000416,
2021-08-12,Node_927409cf,Node_30ed85c2,4Chan,Odysee,4Chan__1,Odysee__1000416,
2021-05-09,Node_927409cf,Node_30ed85c2,4Chan,Odysee,4Chan__1,Odysee__1000416,
2021-05-08,Node_927409cf,Node_854b86cc,4Chan,Odysee,4Chan__1,Odysee__1000424,
2021-05-08,Node_927409cf,Node_30ed85c2,4Chan,Odysee,4Chan__1,Odysee__1000416,
2021-07-13,Node_927409cf,Node_30ed85c2,4Chan,Odysee,4Chan__1,Odysee__1000416,
2021-07-13,Node_927409cf,Node_854b86cc,4Chan,Odysee,4Chan__1,Odysee__1000424,
2021-05-08,Node_927409cf,Node_854b86cc,4Chan,Odysee,4Chan__1,Odysee__1000424,
2021-07-13,Node_927409cf,Node_30ed85c2,4Chan,Odysee,4Chan__1,Odysee__1000416,
2021-07-13,Node_927409cf,Node_854b86cc,4Chan,Odysee,4Chan__1,Odysee__1000424,
2021-05-09,Node_927409cf,Node_30ed85c2,4Chan,Odysee,4Chan__1,Odysee__1000416,
2021-05-09,Node_927409cf,Node_854b86cc,4Chan,Odysee,4Chan__1,Odysee__1000424,
2021-05-09,Node_927409cf,Node_30ed85c2,4Chan,Odysee,4Chan__1,Odysee__1000416,
2021-05-09,Node_927409cf,Node_854b86cc,4Chan,Odysee,4Chan__1,Odysee__1000424,
2020-01-25,Node_5af58985,Node_5e66cdb3,TG,TG,TG__73,TG__500,
2023-02-08,Node_927409cf,Node_e3e7ab35,4Chan,TG,4Chan__1,TG__313,
2020-02-10,Node_5af58985,Node_30ed85c2,TG,Bitchute,TG__73,Bitchute__1000138,
2023-04-03,Node_1229cb24,Node_5e66cdb3,Bitchute,Bitchute,Bitchute__64,Bitchute__29,
2022-02-18,Node_d480d20e,Node_5e66cdb3,TG,Bitchute,TG__447,Bitchute__29,
2023-12-14,Node_927409cf,Node_5e66cdb3,4Chan,Bitchute,4Chan__1,Bitchute__29,
2019-11-16,Node_5af58985,Node_5e66cdb3,TG,Bitchute,TG__73,Bitchute__29,
2021-06-18,Node_b273bd54,Node_5e66cdb3,Twitter,Bitchute,Twitter__32,Bitchute__29,
2021-10-16,Node_d480d20e,Node_5e66cdb3,TG,Bitchute,TG__447,Bitchute__29,
2023-02-11,Node_927409cf,Node_79604ecf,4Chan,YouTube,4Chan__1,YouTube__1372150,
2023-07-24,Node_927409cf,Node_5e66cdb3,4Chan,Odysee,4Chan__1,Odysee__1000237,
2023-07-28,Node_927409cf,Node_5e66cdb3,4Chan,Odysee,4Chan__1,Odysee__1000237,
2023-08-13,Node_927409cf,Node_5e66cdb3,4Chan,Odysee,4Chan__1,Odysee__1000237,
2023-09-29,Node_927409cf,Node_5e66cdb3,4Chan,Odysee,4Chan__1,Odysee__1000237,
2023-01-11,Node_927409cf,Node_5e66cdb3,4Chan,Odysee,4Chan__1,Odysee__1000237,
2021-08-27,Node_927409cf,Node_5e66cdb3,4Chan,Odysee,4Chan__1,Odysee__1000237,
2022-02-02,Node_320ca6d3,Node_5e66cdb3,TG,Odysee,TG__142,Odysee__1000237,
2023-12-19,Node_927409cf,Node_5e66cdb3,4Chan,Odysee,4Chan__1,Odysee__1000237,
2023-05-26,Node_927409cf,Node_5e66cdb3,4Chan,Odysee,4Chan__1,Odysee__1000237,
2021-10-24,Node_d480d20e,Node_5e66cdb3,TG,Odysee,TG__447,Odysee__1000237,
2021-07-21,Node_a6c32180,Node_5e66cdb3,TG,Odysee,TG__314,Odysee__1000237,
2023-12-18,Node_927409cf,Node_5e66cdb3,4Chan,Odysee,4Chan__1,Odysee__1000237,
2023-03-01,Node_927409cf,Node_5e66cdb3,4Chan,Odysee,4Chan__1,Odysee__1000237,
2023-01-10,Node_927409cf,Node_5e66cdb3,4Chan,Odysee,4Chan__1,Odysee__1000237,
2022-02-18,Node_d480d20e,Node_5e66cdb3,TG,Odysee,TG__447,Odysee__1000237,
2023-07-23,Node_927409cf,Node_5e66cdb3,4Chan,Odysee,4Chan__1,Odysee__1000237,
2021-03-28,Node_3d50c777,Node_5e66cdb3,TG,Odysee,TG__325,Odysee__1000237,
2023-01-30,Node_927409cf,Node_30ed85c2,4Chan,Odysee,4Chan__1,Odysee__1000416,
2023-07-05,Node_927409cf,Node_5e66cdb3,4Chan,Odysee,4Chan__1,Odysee__1000237,
2023-09-27,Node_927409cf,Node_5e66cdb3,4Chan,Odysee,4Chan__1,Odysee__1000237,
2023-03-21,Node_927409cf,Node_5e66cdb3,4Chan,Odysee,4Chan__1,Odysee__1000237,
2023-10-09,Node_927409cf,Node_5e66cdb3,4Chan,Odysee,4Chan__1,Odysee__1000237,
2023-07-21,Node_927409cf,Node_5e66cdb3,4Chan,Odysee,4Chan__1,Odysee__1000237,
2023-02-27,Node_927409cf,Node_5e66cdb3,4Chan,Odysee,4Chan__1,Odysee__1000237,
2023-03-15,Node_b273bd54,Node_5e66cdb3,Twitter,Odysee,Twitter__32,Odysee__1000237,
2023-05-25,Node_927409cf,Node_5e66cdb3,4Chan,Odysee,4Chan__1,Odysee__1000237,
2021-08-29,Node_d480d20e,Node_5e66cdb3,TG,Odysee,TG__447,Odysee__1000237,
2022-07-09,Node_927409cf,Node_5e66cdb3,4Chan,Odysee,4Chan__1,Odysee__1000237,
2022-11-17,Node_927409cf,Node_5e66cdb3,4Chan,Odysee,4Chan__1,Odysee__1000237,
2022-04-21,Node_927409cf,Node_5e66cdb3,4Chan,Odysee,4Chan__1,Odysee__1000237,
2022-11-20,Node_927409cf,Node_5e66cdb3,4Chan,Odysee,4Chan__1,Odysee__1000237,
2022-11-20,Node_927409cf,Node_5e66cdb3,4Chan,Odysee,4Chan__1,Odysee__1000237,
2021-10-04,Node_927409cf,Node_30ed85c2,4Chan,Odysee,4Chan__1,Odysee__1000416,
2021-04-13,Node_927409cf,Node_5e66cdb3,4Chan,Odysee,4Chan__1,Odysee__1000237,
2022-05-13,Node_05f6f41f,Node_5e66cdb3,Rumble,Odysee,Rumble__24,Odysee__1000237,
2021-07-13,Node_927409cf,Node_5e66cdb3,4Chan,Bitchute,4Chan__1,Bitchute__29,
2021-07-15,Node_927409cf,Node_30ed85c2,4Chan,Bitchute,4Chan__1,Bitchute__1000138,
2021-07-15,Node_927409cf,Node_30ed85c2,4Chan,Bitchute,4Chan__1,Bitchute__1000138,
2021-07-15,Node_927409cf,Node_5e66cdb3,4Chan,Bitchute,4Chan__1,Bitchute__29,
2020-05-13,Node_927409cf,Node_5e66cdb3,4Chan,Bitchute,4Chan__1,Bitchute__29,
2020-05-23,Node_927409cf,Node_5e66cdb3,4Chan,Bitchute,4Chan__1,Bitchute__29,
2020-05-23,Node_927409cf,Node_5e66cdb3,4Chan,Bitchute,4Chan__1,Bitchute__29,
2020-05-23,Node_927409cf,Node_5e66cdb3,4Chan,Bitchute,4Chan__1,Bitchute__29,
2020-05-23,Node_927409cf,Node_5e66cdb3,4Chan,Bitchute,4Chan__1,Bitchute__29,
2020-05-23,Node_927409cf,Node_5e66cdb3,4Chan,Bitchute,4Chan__1,Bitchute__29,
2020-05-23,Node_927409cf,Node_5e66cdb3,4Chan,Bitchute,4Chan__1,Bitchute__29,
2021-01-07,Node_5f04d110,Node_5e66cdb3,Gab,Bitchute,Gab__284,Bitchute__29,PA
2020-05-13,Node_927409cf,Node_5e66cdb3,4Chan,Bitchute,4Chan__1,Bitchute__29,
2020-05-13,Node_927409cf,Node_5e66cdb3,4Chan,Bitchute,4Chan__1,Bitchute__29,
2020-08-08,Node_927409cf,Node_5e66cdb3,4Chan,Bitchute,4Chan__1,Bitchute__29,
2020-08-08,Node_927409cf,Node_5e66cdb3,4Chan,Bitchute,4Chan__1,Bitchute__29,
2020-08-08,Node_927409cf,Node_5e66cdb3,4Chan,Bitchute,4Chan__1,Bitchute__29,
2020-08-08,Node_927409cf,Node_5e66cdb3,4Chan,Bitchute,4Chan__1,Bitchute__29,
2020-09-06,Node_927409cf,Node_5e66cdb3,4Chan,Bitchute,4Chan__1,Bitchute__29,
2020-09-06,Node_927409cf,Node_5e66cdb3,4Chan,Bitchute,4Chan__1,Bitchute__29,
2020-09-09,Node_927409cf,Node_5e66cdb3,4Chan,Bitchute,4Chan__1,Bitchute__29,
2020-09-09,Node_927409cf,Node_5e66cdb3,4Chan,Bitchute,4Chan__1,Bitchute__29,
2020-09-10,Node_5f04d110,Node_5e66cdb3,Gab,Bitchute,Gab__284,Bitchute__29,PA
2020-10-02,Node_927409cf,Node_5e66cdb3,4Chan,Bitchute,4Chan__1,Bitchute__29,
2020-10-04,Node_927409cf,Node_5e66cdb3,4Chan,Bitchute,4Chan__1,Bitchute__29,
2020-05-18,Node_927409cf,Node_5e66cdb3,4Chan,Bitchute,4Chan__1,Bitchute__29,
2020-05-18,Node_927409cf,Node_5e66cdb3,4Chan,Bitchute,4Chan__1,Bitchute__29,
2020-05-18,Node_927409cf,Node_5e66cdb3,4Chan,Bitchute,4Chan__1,Bitchute__29,
2020-05-19,Node_927409cf,Node_5e66cdb3,4Chan,Bitchute,4Chan__1,Bitchute__29,
2020-05-19,Node_927409cf,Node_5e66cdb3,4Chan,Bitchute,4Chan__1,Bitchute__29,
2020-05-19,Node_927409cf,Node_5e66cdb3,4Chan,Bitchute,4Chan__1,Bitchute__29,
2020-06-01,Node_927409cf,Node_5e66cdb3,4Chan,Bitchute,4Chan__1,Bitchute__29,
2020-06-01,Node_927409cf,Node_5e66cdb3,4Chan,Bitchute,4Chan__1,Bitchute__29,
2020-06-01,Node_927409cf,Node_5e66cdb3,4Chan,Bitchute,4Chan__1,Bitchute__29,
2020-06-01,Node_927409cf,Node_5e66cdb3,4Chan,Bitchute,4Chan__1,Bitchute__29,
2020-11-04,Node_927409cf,Node_5e66cdb3,4Chan,Bitchute,4Chan__1,Bitchute__29,
2021-05-22,Node_927409cf,Node_5e66cdb3,4Chan,Bitchute,4Chan__1,Bitchute__29,
2020-05-12,Node_927409cf,Node_5e66cdb3,4Chan,Bitchute,4Chan__1,Bitchute__29,
2020-05-12,Node_927409cf,Node_5e66cdb3,4Chan,Bitchute,4Chan__1,Bitchute__29,
2020-02-13,Node_927409cf,Node_5e66cdb3,4Chan,Bitchute,4Chan__1,Bitchute__29,
2020-04-21,Node_927409cf,Node_5e66cdb3,4Chan,Bitchute,4Chan__1,Bitchute__29,
2020-04-21,Node_927409cf,Node_5e66cdb3,4Chan,Bitchute,4Chan__1,Bitchute__29,
2021-05-23,Node_927409cf,Node_5e66cdb3,4Chan,Bitchute,4Chan__1,Bitchute__29,
2021-05-24,Node_927409cf,Node_5e66cdb3,4Chan,Bitchute,4Chan__1,Bitchute__29,
2020-07-06,Node_5f04d110,Node_30ed85c2,Gab,Bitchute,Gab__284,Bitchute__1000138,PA
2020-04-27,Node_927409cf,Node_5e66cdb3,4Chan,Bitchute,4Chan__1,Bitchute__29,
2020-07-08,Node_927409cf,Node_5e66cdb3,4Chan,Bitchute,4Chan__1,Bitchute__29,
2020-07-08,Node_927409cf,Node_5e66cdb3,4Chan,Bitchute,4Chan__1,Bitchute__29,
2020-07-08,Node_927409cf,Node_5e66cdb3,4Chan,Bitchute,4Chan__1,Bitchute__29,
2020-07-08,Node_927409cf,Node_5e66cdb3,4Chan,Bitchute,4Chan__1,Bitchute__29,
2020-07-08,Node_927409cf,Node_5e66cdb3,4Chan,Bitchute,4Chan__1,Bitchute__29,
2020-07-08,Node_927409cf,Node_5e66cdb3,4Chan,Bitchute,4Chan__1,Bitchute__29,
2020-07-08,Node_927409cf,Node_5e66cdb3,4Chan,Bitchute,4Chan__1,Bitchute__29,
2020-11-17,Node_5f04d110,Node_30ed85c2,Gab,Bitchute,Gab__284,Bitchute__1000138,PA
2020-07-25,Node_927409cf,Node_5e66cdb3,4Chan,Bitchute,4Chan__1,Bitchute__29,
2020-07-25,Node_927409cf,Node_5e66cdb3,4Chan,Bitchute,4Chan__1,Bitchute__29,
2020-11-20,Node_927409cf,Node_5e66cdb3,4Chan,Bitchute,4Chan__1,Bitchute__29,
2020-04-27,Node_927409cf,Node_5e66cdb3,4Chan,Bitchute,4Chan__1,Bitchute__29,
2020-11-21,Node_5f04d110,Node_5e66cdb3,Gab,Bitchute,Gab__284,Bitchute__29,PA
2020-11-21,Node_5f04d110,Node_5e66cdb3,Gab,Bitchute,Gab__284,Bitchute__29,PA
2020-11-21,Node_927409cf,Node_5e66cdb3,4Chan,Bitchute,4Chan__1,Bitchute__29,
2020-04-27,Node_927409cf,Node_5e66cdb3,4Chan,Bitchute,4Chan__1,Bitchute__29,
2020-03-03,Node_927409cf,Node_5e66cdb3,4Chan,Bitchute,4Chan__1,Bitchute__29,
2020-03-03,Node_927409cf,Node_5e66cdb3,4Chan,Bitchute,4Chan__1,Bitchute__29,
2019-11-08,Node_927409cf,Node_5e66cdb3,4Chan,Bitchute,4Chan__1,Bitchute__29,
2020-03-23,Node_927409cf,Node_5e66cdb3,4Chan,Bitchute,4Chan__1,Bitchute__29,
2020-03-28,Node_927409cf,Node_5e66cdb3,4Chan,Bitchute,4Chan__1,Bitchute__29,
2021-02-12,Node_927409cf,Node_5e66cdb3,4Chan,Bitchute,4Chan__1,Bitchute__29,
2020-04-10,Node_927409cf,Node_5e66cdb3,4Chan,Bitchute,4Chan__1,Bitchute__29,
2020-04-16,Node_927409cf,Node_5e66cdb3,4Chan,Bitchute,4Chan__1,Bitchute__29,
2021-03-06,Node_5f04d110,Node_5e66cdb3,Gab,Bitchute,Gab__284,Bitchute__29,PA
2021-03-07,Node_927409cf,Node_5e66cdb3,4Chan,Bitchute,4Chan__1,Bitchute__29,
2020-04-24,Node_927409cf,Node_5e66cdb3,4Chan,Bitchute,4Chan__1,Bitchute__29,
2020-04-29,Node_927409cf,Node_5e66cdb3,4Chan,Bitchute,4Chan__1,Bitchute__29,
2020-04-29,Node_927409cf,Node_5e66cdb3,4Chan,Bitchute,4Chan__1,Bitchute__29,
2020-07-19,Node_927409cf,Node_5e66cdb3,4Chan,Bitchute,4Chan__1,Bitchute__29,
2020-07-19,Node_927409cf,Node_5e66cdb3,4Chan,Bitchute,4Chan__1,Bitchute__29,
2021-08-02,Node_927409cf,Node_5e66cdb3,4Chan,Bitchute,4Chan__1,Bitchute__29,
2020-12-29,Node_927409cf,Node_5e66cdb3,4Chan,Bitchute,4Chan__1,Bitchute__29,
2019-07-04,Node_927409cf,Node_5e66cdb3,4Chan,Bitchute,4Chan__1,Bitchute__29,
2019-07-04,Node_927409cf,Node_5e66cdb3,4Chan,Bitchute,4Chan__1,Bitchute__29,
2019-07-04,Node_927409cf,Node_5e66cdb3,4Chan,Bitchute,4Chan__1,Bitchute__29,
2019-07-04,Node_927409cf,Node_5e66cdb3,4Chan,Bitchute,4Chan__1,Bitchute__29,
2019-07-04,Node_927409cf,Node_5e66cdb3,4Chan,Bitchute,4Chan__1,Bitchute__29,
2019-06-29,Node_927409cf,Node_5e66cdb3,4Chan,Bitchute,4Chan__1,Bitchute__29,
2019-06-29,Node_927409cf,Node_5e66cdb3,4Chan,Bitchute,4Chan__1,Bitchute__29,
2019-06-28,Node_927409cf,Node_5e66cdb3,4Chan,Bitchute,4Chan__1,Bitchute__29,
2019-06-28,Node_927409cf,Node_5e66cdb3,4Chan,Bitchute,4Chan__1,Bitchute__29,
2021-03-21,Node_3d50c777,Node_e3f8b349,TG,TG,TG__325,TG__1001782,
2020-06-04,Node_5f04d110,Node_30ed85c2,Gab,TG,Gab__284,TG__482,PA
2021-07-16,Node_927409cf,Node_e3e7ab35,4Chan,TG,4Chan__1,TG__313,
2021-07-16,Node_927409cf,Node_5e66cdb3,4Chan,TG,4Chan__1,TG__500,
2021-07-17,Node_927409cf,Node_e3e7ab35,4Chan,TG,4Chan__1,TG__313,
2021-07-17,Node_927409cf,Node_5e66cdb3,4Chan,TG,4Chan__1,TG__500,
2021-07-21,Node_927409cf,Node_e3e7ab35,4Chan,TG,4Chan__1,TG__313,
2021-07-21,Node_927409cf,Node_5e66cdb3,4Chan,TG,4Chan__1,TG__500,
2021-07-21,Node_927409cf,Node_e3e7ab35,4Chan,TG,4Chan__1,TG__313,
2021-07-21,Node_927409cf,Node_5e66cdb3,4Chan,TG,4Chan__1,TG__500,
2021-07-22,Node_927409cf,Node_e3e7ab35,4Chan,TG,4Chan__1,TG__313,
2021-07-22,Node_927409cf,Node_5e66cdb3,4Chan,TG,4Chan__1,TG__500,
2021-07-22,Node_927409cf,Node_e3e7ab35,4Chan,TG,4Chan__1,TG__313,
2021-07-22,Node_927409cf,Node_5e66cdb3,4Chan,TG,4Chan__1,TG__500,
2021-07-22,Node_927409cf,Node_e3e7ab35,4Chan,TG,4Chan__1,TG__313,
2021-07-22,Node_927409cf,Node_5e66cdb3,4Chan,TG,4Chan__1,TG__500,
2021-07-22,Node_927409cf,Node_e3e7ab35,4Chan,TG,4Chan__1,TG__313,
2021-07-22,Node_927409cf,Node_5e66cdb3,4Chan,TG,4Chan__1,TG__500,
2021-06-13,Node_927409cf,Node_e3e7ab35,4Chan,TG,4Chan__1,TG__313,
2021-06-13,Node_927409cf,Node_5e66cdb3,4Chan,TG,4Chan__1,TG__500,
2021-06-14,Node_927409cf,Node_e3e7ab35,4Chan,TG,4Chan__1,TG__313,
2021-06-14,Node_927409cf,Node_5e66cdb3,4Chan,TG,4Chan__1,TG__500,
2021-06-15,Node_927409cf,Node_e3e7ab35,4Chan,TG,4Chan__1,TG__313,
2021-06-15,Node_927409cf,Node_5e66cdb3,4Chan,TG,4Chan__1,TG__500,
2021-06-15,Node_927409cf,Node_e3e7ab35,4Chan,TG,4Chan__1,TG__313,
2021-06-15,Node_927409cf,Node_5e66cdb3,4Chan,TG,4Chan__1,TG__500,
2021-06-16,Node_927409cf,Node_e3e7ab35,4Chan,TG,4Chan__1,TG__313,
2021-06-16,Node_927409cf,Node_5e66cdb3,4Chan,TG,4Chan__1,TG__500,
2021-06-16,Node_927409cf,Node_e3e7ab35,4Chan,TG,4Chan__1,TG__313,
2021-06-16,Node_927409cf,Node_5e66cdb3,4Chan,TG,4Chan__1,TG__500,
2021-06-17,Node_927409cf,Node_e3e7ab35,4Chan,TG,4Chan__1,TG__313,
2021-06-17,Node_927409cf,Node_5e66cdb3,4Chan,TG,4Chan__1,TG__500,
2021-06-17,Node_927409cf,Node_e3e7ab35,4Chan,TG,4Chan__1,TG__313,
2021-06-17,Node_927409cf,Node_5e66cdb3,4Chan,TG,4Chan__1,TG__500,
2021-06-18,Node_927409cf,Node_e3e7ab35,4Chan,TG,4Chan__1,TG__313,
2021-06-18,Node_927409cf,Node_5e66cdb3,4Chan,TG,4Chan__1,TG__500,
2021-06-18,Node_927409cf,Node_e3e7ab35,4Chan,TG,4Chan__1,TG__313,
2021-06-18,Node_927409cf,Node_5e66cdb3,4Chan,TG,4Chan__1,TG__500,
2021-06-19,Node_927409cf,Node_e3e7ab35,4Chan,TG,4Chan__1,TG__313,
2021-06-19,Node_927409cf,Node_5e66cdb3,4Chan,TG,4Chan__1,TG__500,
2021-06-26,Node_927409cf,Node_e3e7ab35,4Chan,TG,4Chan__1,TG__313,
2021-06-26,Node_927409cf,Node_5e66cdb3,4Chan,TG,4Chan__1,TG__500,
2021-07-08,Node_927409cf,Node_e3e7ab35,4Chan,TG,4Chan__1,TG__313,
2021-07-08,Node_927409cf,Node_5e66cdb3,4Chan,TG,4Chan__1,TG__500,
2021-07-12,Node_927409cf,Node_e3e7ab35,4Chan,TG,4Chan__1,TG__313,
2021-07-12,Node_927409cf,Node_5e66cdb3,4Chan,TG,4Chan__1,TG__500,
2021-01-09,Node_927409cf,Node_5e66cdb3,4Chan,TG,4Chan__1,TG__500,
2021-01-09,Node_927409cf,Node_e3e7ab35,4Chan,TG,4Chan__1,TG__313,
2021-07-26,Node_927409cf,Node_e3e7ab35,4Chan,TG,4Chan__1,TG__313,
2021-07-26,Node_927409cf,Node_5e66cdb3,4Chan,TG,4Chan__1,TG__500,
2021-07-27,Node_927409cf,Node_e3e7ab35,4Chan,TG,4Chan__1,TG__313,
2021-07-27,Node_927409cf,Node_5e66cdb3,4Chan,TG,4Chan__1,TG__500,
2021-07-30,Node_927409cf,Node_e3e7ab35,4Chan,TG,4Chan__1,TG__313,
2021-07-30,Node_927409cf,Node_5e66cdb3,4Chan,TG,4Chan__1,TG__500,
2021-07-31,Node_927409cf,Node_e3e7ab35,4Chan,TG,4Chan__1,TG__313,
2021-07-31,Node_927409cf,Node_5e66cdb3,4Chan,TG,4Chan__1,TG__500,
2021-07-31,Node_927409cf,Node_e3e7ab35,4Chan,TG,4Chan__1,TG__313,
2021-07-31,Node_927409cf,Node_5e66cdb3,4Chan,TG,4Chan__1,TG__500,
2021-08-14,Node_927409cf,Node_e3e7ab35,4Chan,TG,4Chan__1,TG__313,
2021-08-14,Node_927409cf,Node_5e66cdb3,4Chan,TG,4Chan__1,TG__500,
2021-08-21,Node_927409cf,Node_e3e7ab35,4Chan,TG,4Chan__1,TG__313,
2021-08-21,Node_927409cf,Node_5e66cdb3,4Chan,TG,4Chan__1,TG__500,
2024-12-06,Node_927409cf,Node_5e66cdb3,4Chan,Odysee,4Chan__1,Odysee__1000237,
2022-02-06,Node_927409cf,Node_e3e7ab35,4Chan,TG,4Chan__1,TG__313,
2022-02-06,Node_927409cf,Node_5e66cdb3,4Chan,TG,4Chan__1,TG__500,
2022-08-04,Node_927409cf,Node_5e66cdb3,4Chan,TG,4Chan__1,TG__500,
2020-05-02,Node_5f04d110,Node_5f04d110,Gab,Gab,Gab__284,Gab__284,PA
2021-07-13,Node_927409cf,Node_5e66cdb3,4Chan,Bitchute,4Chan__1,Bitchute__29,
2021-07-13,Node_927409cf,Node_5e66cdb3,4Chan,Bitchute,4Chan__1,Bitchute__29,
2021-07-13,Node_927409cf,Node_5e66cdb3,4Chan,Bitchute,4Chan__1,Bitchute__29,
2020-05-31,Node_5f04d110,Node_5e66cdb3,Gab,Bitchute,Gab__284,Bitchute__29,PA
2020-05-17,Node_927409cf,Node_5e66cdb3,4Chan,Bitchute,4Chan__1,Bitchute__29,
2020-08-19,Node_927409cf,Node_5e66cdb3,4Chan,Bitchute,4Chan__1,Bitchute__29,
2020-08-19,Node_927409cf,Node_5e66cdb3,4Chan,Bitchute,4Chan__1,Bitchute__29,
2020-08-19,Node_927409cf,Node_5e66cdb3,4Chan,Bitchute,4Chan__1,Bitchute__29,
2020-08-19,Node_927409cf,Node_5e66cdb3,4Chan,Bitchute,4Chan__1,Bitchute__29,
2020-08-19,Node_927409cf,Node_5e66cdb3,4Chan,Bitchute,4Chan__1,Bitchute__29,
2020-08-19,Node_927409cf,Node_5e66cdb3,4Chan,Bitchute,4Chan__1,Bitchute__29,
2020-08-19,Node_927409cf,Node_5e66cdb3,4Chan,Bitchute,4Chan__1,Bitchute__29,
2020-08-19,Node_927409cf,Node_5e66cdb3,4Chan,Bitchute,4Chan__1,Bitchute__29,
2020-08-19,Node_927409cf,Node_5e66cdb3,4Chan,Bitchute,4Chan__1,Bitchute__29,
2020-08-19,Node_927409cf,Node_5e66cdb3,4Chan,Bitchute,4Chan__1,Bitchute__29,
2020-08-19,Node_927409cf,Node_5e66cdb3,4Chan,Bitchute,4Chan__1,Bitchute__29,
2020-08-19,Node_927409cf,Node_5e66cdb3,4Chan,Bitchute,4Chan__1,Bitchute__29,
2020-08-19,Node_927409cf,Node_5e66cdb3,4Chan,Bitchute,4Chan__1,Bitchute__29,
2020-08-19,Node_927409cf,Node_5e66cdb3,4Chan,Bitchute,4Chan__1,Bitchute__29,
2020-08-20,Node_927409cf,Node_5e66cdb3,4Chan,Bitchute,4Chan__1,Bitchute__29,
2020-08-20,Node_927409cf,Node_5e66cdb3,4Chan,Bitchute,4Chan__1,Bitchute__29,
2020-05-19,Node_927409cf,Node_5e66cdb3,4Chan,Bitchute,4Chan__1,Bitchute__29,
2020-06-02,Node_927409cf,Node_5e66cdb3,4Chan,Bitchute,4Chan__1,Bitchute__29,
2020-06-02,Node_927409cf,Node_5e66cdb3,4Chan,Bitchute,4Chan__1,Bitchute__29,
2020-06-05,Node_5f04d110,Node_5e66cdb3,Gab,Bitchute,Gab__284,Bitchute__29,PA
2020-06-05,Node_927409cf,Node_5e66cdb3,4Chan,Bitchute,4Chan__1,Bitchute__29,
2020-06-05,Node_927409cf,Node_5e66cdb3,4Chan,Bitchute,4Chan__1,Bitchute__29,
2021-05-08,Node_927409cf,Node_5e66cdb3,4Chan,Bitchute,4Chan__1,Bitchute__29,
2021-05-08,Node_927409cf,Node_5e66cdb3,4Chan,Bitchute,4Chan__1,Bitchute__29,
2021-05-08,Node_927409cf,Node_5e66cdb3,4Chan,Bitchute,4Chan__1,Bitchute__29,
2021-05-08,Node_927409cf,Node_5e66cdb3,4Chan,Bitchute,4Chan__1,Bitchute__29,
2021-05-08,Node_927409cf,Node_5e66cdb3,4Chan,Bitchute,4Chan__1,Bitchute__29,
2021-05-08,Node_927409cf,Node_5e66cdb3,4Chan,Bitchute,4Chan__1,Bitchute__29,
2020-02-13,Node_927409cf,Node_5e66cdb3,4Chan,Bitchute,4Chan__1,Bitchute__29,
2020-07-02,Node_927409cf,Node_5e66cdb3,4Chan,Bitchute,4Chan__1,Bitchute__29,
2020-04-27,Node_927409cf,Node_5e66cdb3,4Chan,Bitchute,4Chan__1,Bitchute__29,
2020-07-08,Node_927409cf,Node_5e66cdb3,4Chan,Bitchute,4Chan__1,Bitchute__29,
2020-07-08,Node_927409cf,Node_5e66cdb3,4Chan,Bitchute,4Chan__1,Bitchute__29,
2020-07-08,Node_927409cf,Node_5e66cdb3,4Chan,Bitchute,4Chan__1,Bitchute__29,
2020-07-10,Node_927409cf,Node_5e66cdb3,4Chan,Bitchute,4Chan__1,Bitchute__29,
2020-07-10,Node_927409cf,Node_5e66cdb3,4Chan,Bitchute,4Chan__1,Bitchute__29,
2020-07-11,Node_927409cf,Node_5e66cdb3,4Chan,Bitchute,4Chan__1,Bitchute__29,
2020-11-12,Node_5f04d110,Node_5e66cdb3,Gab,Bitchute,Gab__284,Bitchute__29,PA
2020-07-13,Node_927409cf,Node_5e66cdb3,4Chan,Bitchute,4Chan__1,Bitchute__29,
2020-07-13,Node_927409cf,Node_5e66cdb3,4Chan,Bitchute,4Chan__1,Bitchute__29,
2020-07-20,Node_927409cf,Node_5e66cdb3,4Chan,Bitchute,4Chan__1,Bitchute__29,
2020-02-09,Node_927409cf,Node_5e66cdb3,4Chan,Bitchute,4Chan__1,Bitchute__29,
2020-08-06,Node_927409cf,Node_5e66cdb3,4Chan,Bitchute,4Chan__1,Bitchute__29,
2020-03-02,Node_927409cf,Node_5e66cdb3,4Chan,Bitchute,4Chan__1,Bitchute__29,
2020-03-02,Node_927409cf,Node_5e66cdb3,4Chan,Bitchute,4Chan__1,Bitchute__29,
2020-03-02,Node_927409cf,Node_5e66cdb3,4Chan,Bitchute,4Chan__1,Bitchute__29,
2020-03-23,Node_927409cf,Node_5e66cdb3,4Chan,Bitchute,4Chan__1,Bitchute__29,
2020-03-28,Node_927409cf,Node_5e66cdb3,4Chan,Bitchute,4Chan__1,Bitchute__29,
2020-04-06,Node_927409cf,Node_5e66cdb3,4Chan,Bitchute,4Chan__1,Bitchute__29,
2020-04-06,Node_927409cf,Node_5e66cdb3,4Chan,Bitchute,4Chan__1,Bitchute__29,
2020-04-06,Node_927409cf,Node_5e66cdb3,4Chan,Bitchute,4Chan__1,Bitchute__29,
2020-04-10,Node_927409cf,Node_5e66cdb3,4Chan,Bitchute,4Chan__1,Bitchute__29,
2020-04-11,Node_927409cf,Node_5e66cdb3,4Chan,Bitchute,4Chan__1,Bitchute__29,
2021-02-28,Node_5f04d110,Node_5e66cdb3,Gab,Bitchute,Gab__284,Bitchute__29,PA
2020-04-13,Node_927409cf,Node_5e66cdb3,4Chan,Bitchute,4Chan__1,Bitchute__29,
2020-04-13,Node_927409cf,Node_5e66cdb3,4Chan,Bitchute,4Chan__1,Bitchute__29,
2020-04-16,Node_927409cf,Node_5e66cdb3,4Chan,Bitchute,4Chan__1,Bitchute__29,
2020-04-24,Node_927409cf,Node_5e66cdb3,4Chan,Bitchute,4Chan__1,Bitchute__29,
2020-04-26,Node_927409cf,Node_5e66cdb3,4Chan,Bitchute,4Chan__1,Bitchute__29,
2020-04-26,Node_927409cf,Node_5e66cdb3,4Chan,Bitchute,4Chan__1,Bitchute__29,
2020-04-26,Node_927409cf,Node_5e66cdb3,4Chan,Bitchute,4Chan__1,Bitchute__29,
2020-04-26,Node_927409cf,Node_5e66cdb3,4Chan,Bitchute,4Chan__1,Bitchute__29,
2020-04-26,Node_927409cf,Node_5e66cdb3,4Chan,Bitchute,4Chan__1,Bitchute__29,
2020-04-26,Node_927409cf,Node_5e66cdb3,4Chan,Bitchute,4Chan__1,Bitchute__29,
2020-04-26,Node_927409cf,Node_5e66cdb3,4Chan,Bitchute,4Chan__1,Bitchute__29,
2020-04-26,Node_927409cf,Node_5e66cdb3,4Chan,Bitchute,4Chan__1,Bitchute__29,
2020-04-26,Node_927409cf,Node_5e66cdb3,4Chan,Bitchute,4Chan__1,Bitchute__29,
2020-04-26,Node_927409cf,Node_5e66cdb3,4Chan,Bitchute,4Chan__1,Bitchute__29,
2020-04-27,Node_927409cf,Node_5e66cdb3,4Chan,Bitchute,4Chan__1,Bitchute__29,
2020-04-27,Node_927409cf,Node_5e66cdb3,4Chan,Bitchute,4Chan__1,Bitchute__29,
2020-04-27,Node_927409cf,Node_5e66cdb3,4Chan,Bitchute,4Chan__1,Bitchute__29,
2020-04-27,Node_927409cf,Node_5e66cdb3,4Chan,Bitchute,4Chan__1,Bitchute__29,
2019-11-22,Node_406acb92,Node_5e66cdb3,Gab,Bitchute,Gab__14,Bitchute__29,
2020-12-18,Node_927409cf,Node_5e66cdb3,4Chan,Bitchute,4Chan__1,Bitchute__29,
2020-12-29,Node_927409cf,Node_5e66cdb3,4Chan,Bitchute,4Chan__1,Bitchute__29,
2020-07-03,Node_927409cf,Node_5e66cdb3,4Chan,Bitchute,4Chan__1,Bitchute__29,
2020-01-27,Node_5af58985,Node_5e66cdb3,TG,Bitchute,TG__73,Bitchute__29,
2020-01-27,Node_5af58985,Node_5e66cdb3,TG,Bitchute,TG__73,Bitchute__29,
2020-01-28,Node_5af58985,Node_5e66cdb3,TG,Bitchute,TG__73,Bitchute__29,
2020-01-29,Node_5af58985,Node_5e66cdb3,TG,Bitchute,TG__73,Bitchute__29,
2020-02-01,Node_5af58985,Node_5e66cdb3,TG,Bitchute,TG__73,Bitchute__29,
2020-02-06,Node_5af58985,Node_5e66cdb3,TG,Bitchute,TG__73,Bitchute__29,
2020-03-05,Node_5af58985,Node_5e66cdb3,TG,Bitchute,TG__73,Bitchute__29,
2020-03-13,Node_5af58985,Node_5e66cdb3,TG,Bitchute,TG__73,Bitchute__29,
2020-03-20,Node_5af58985,Node_5e66cdb3,TG,Bitchute,TG__73,Bitchute__29,
2020-03-21,Node_5af58985,Node_5e66cdb3,TG,Bitchute,TG__73,Bitchute__29,
2020-03-26,Node_5af58985,Node_5e66cdb3,TG,Bitchute,TG__73,Bitchute__29,
2020-03-28,Node_5af58985,Node_5e66cdb3,TG,Bitchute,TG__73,Bitchute__29,
2020-04-02,Node_5af58985,Node_5e66cdb3,TG,Bitchute,TG__73,Bitchute__29,
2020-04-03,Node_5af58985,Node_5e66cdb3,TG,Bitchute,TG__73,Bitchute__29,
2020-04-10,Node_5af58985,Node_5e66cdb3,TG,Bitchute,TG__73,Bitchute__29,
2020-04-23,Node_5af58985,Node_5e66cdb3,TG,Bitchute,TG__73,Bitchute__29,
2020-05-01,Node_5af58985,Node_5e66cdb3,TG,Bitchute,TG__73,Bitchute__29,
2020-05-02,Node_5af58985,Node_5e66cdb3,TG,Bitchute,TG__73,Bitchute__29,
2020-05-31,Node_5af58985,Node_5e66cdb3,TG,Bitchute,TG__73,Bitchute__29,
2020-07-30,Node_5af58985,Node_5e66cdb3,TG,Bitchute,TG__73,Bitchute__29,
2020-07-30,Node_5af58985,Node_5e66cdb3,TG,Bitchute,TG__73,Bitchute__29,
2020-12-04,Node_5af58985,Node_5e66cdb3,TG,Bitchute,TG__73,Bitchute__29,
2021-01-13,Node_3d50c777,Node_5e66cdb3,TG,Bitchute,TG__325,Bitchute__29,
2021-01-14,Node_3d50c777,Node_5e66cdb3,TG,Bitchute,TG__325,Bitchute__29,
2021-01-01,Node_f6fc88ee,Node_5e66cdb3,TG,Bitchute,TG__125,Bitchute__29,
2020-04-30,Node_927409cf,Node_5e66cdb3,4Chan,Bitchute,4Chan__1,Bitchute__29,
2020-04-30,Node_927409cf,Node_5e66cdb3,4Chan,Bitchute,4Chan__1,Bitchute__29,
2020-04-30,Node_927409cf,Node_5e66cdb3,4Chan,Bitchute,4Chan__1,Bitchute__29,
2020-05-02,Node_927409cf,Node_5e66cdb3,4Chan,Bitchute,4Chan__1,Bitchute__29,
2020-05-02,Node_927409cf,Node_5e66cdb3,4Chan,Bitchute,4Chan__1,Bitchute__29,
2020-05-02,Node_927409cf,Node_5e66cdb3,4Chan,Bitchute,4Chan__1,Bitchute__29,
2020-05-02,Node_927409cf,Node_5e66cdb3,4Chan,Bitchute,4Chan__1,Bitchute__29,
2020-05-02,Node_927409cf,Node_5e66cdb3,4Chan,Bitchute,4Chan__1,Bitchute__29,
2020-05-02,Node_927409cf,Node_5e66cdb3,4Chan,Bitchute,4Chan__1,Bitchute__29,
2020-05-02,Node_927409cf,Node_5e66cdb3,4Chan,Bitchute,4Chan__1,Bitchute__29,
2020-05-09,Node_927409cf,Node_5e66cdb3,4Chan,Bitchute,4Chan__1,Bitchute__29,
2019-07-03,Node_927409cf,Node_5e66cdb3,4Chan,Bitchute,4Chan__1,Bitchute__29,
2019-07-03,Node_927409cf,Node_5e66cdb3,4Chan,Bitchute,4Chan__1,Bitchute__29,
2019-07-03,Node_927409cf,Node_5e66cdb3,4Chan,Bitchute,4Chan__1,Bitchute__29,
2019-07-03,Node_927409cf,Node_5e66cdb3,4Chan,Bitchute,4Chan__1,Bitchute__29,
2019-07-03,Node_927409cf,Node_5e66cdb3,4Chan,Bitchute,4Chan__1,Bitchute__29,
2019-07-04,Node_927409cf,Node_5e66cdb3,4Chan,Bitchute,4Chan__1,Bitchute__29,
2019-06-28,Node_927409cf,Node_5e66cdb3,4Chan,Bitchute,4Chan__1,Bitchute__29,
2019-06-28,Node_927409cf,Node_5e66cdb3,4Chan,Bitchute,4Chan__1,Bitchute__29,
2019-07-06,Node_927409cf,Node_5e66cdb3,4Chan,Bitchute,4Chan__1,Bitchute__29,
2019-07-06,Node_927409cf,Node_5e66cdb3,4Chan,Bitchute,4Chan__1,Bitchute__29,
2022-09-16,Node_927409cf,Node_5e66cdb3,4Chan,Odysee,4Chan__1,Odysee__1000237,
2022-09-16,Node_927409cf,Node_5e66cdb3,4Chan,Odysee,4Chan__1,Odysee__1000237,
2021-07-01,Node_3181f07e,Node_5e66cdb3,Twitter,Odysee,Twitter__21,Odysee__1000237,
2021-10-10,Node_b273bd54,Node_5e66cdb3,Twitter,Odysee,Twitter__32,Odysee__1000237,
2021-09-23,Node_3181f07e,Node_5e66cdb3,Twitter,Odysee,Twitter__21,Odysee__1000237,
2021-09-16,Node_3181f07e,Node_5e66cdb3,Twitter,Odysee,Twitter__21,Odysee__1000237,
2021-09-30,Node_3181f07e,Node_5e66cdb3,Twitter,Odysee,Twitter__21,Odysee__1000237,
2021-11-04,Node_3181f07e,Node_5e66cdb3,Twitter,Odysee,Twitter__21,Odysee__1000237,
2021-05-10,Node_b273bd54,Node_5e66cdb3,Twitter,Odysee,Twitter__32,Odysee__1000237,
2021-10-28,Node_3181f07e,Node_5e66cdb3,Twitter,Odysee,Twitter__21,Odysee__1000237,
2021-07-16,Node_3181f07e,Node_5e66cdb3,Twitter,Odysee,Twitter__21,Odysee__1000237,
2021-07-27,Node_b273bd54,Node_5e66cdb3,Twitter,Odysee,Twitter__32,Odysee__1000237,
2020-10-16,Node_5f04d110,Node_854b86cc,Gab,Wikipedia,Gab__284,Wikipedia__1013365,PA
2021-12-07,Node_927409cf,Node_e3e7ab35,4Chan,TG,4Chan__1,TG__313,
2024-03-07,Node_927409cf,Node_854b86cc,4Chan,Wikipedia,4Chan__1,Wikipedia__1013365,
2024-09-02,Node_28339d22,Node_854b86cc,Gab,Odysee,Gab__292,Odysee__1000424,
2024-10-30,Node_927409cf,Node_5e66cdb3,4Chan,Odysee,4Chan__1,Odysee__1000237,
2024-10-15,Node_927409cf,Node_5e66cdb3,4Chan,Odysee,4Chan__1,Odysee__1000237,
2024-10-31,Node_927409cf,Node_5e66cdb3,4Chan,Odysee,4Chan__1,Odysee__1000237,
2024-10-30,Node_927409cf,Node_5e66cdb3,4Chan,Odysee,4Chan__1,Odysee__1000237,
2024-10-04,Node_927409cf,Node_5e66cdb3,4Chan,Odysee,4Chan__1,Odysee__1000237,
2024-09-21,Node_927409cf,Node_5e66cdb3,4Chan,Odysee,4Chan__1,Odysee__1000237,
2024-08-14,Node_927409cf,Node_e3e7ab35,4Chan,TG,4Chan__1,TG__313,
2024-10-19,Node_6b6f422d,Node_5e66cdb3,Bitchute,Bitchute,Bitchute__11,Bitchute__29,
2024-09-21,Node_927409cf,Node_5e66cdb3,4Chan,Bitchute,4Chan__1,Bitchute__29,
2020-05-01,Node_5f04d110,Node_5f04d110,Gab,Gab,Gab__284,Gab__284,PA
2020-04-29,Node_5f04d110,Node_5f04d110,Gab,Gab,Gab__284,Gab__284,PA
2020-05-08,Node_5f04d110,Node_5f04d110,Gab,Gab,Gab__284,Gab__284,PA
2020-04-30,Node_5f04d110,Node_5f04d110,Gab,Gab,Gab__284,Gab__284,PA
2020-04-30,Node_5f04d110,Node_5f04d110,Gab,Gab,Gab__284,Gab__284,PA
2020-04-30,Node_5f04d110,Node_5f04d110,Gab,Gab,Gab__284,Gab__284,PA
2020-05-07,Node_5f04d110,Node_5f04d110,Gab,Gab,Gab__284,Gab__284,PA
2020-05-13,Node_5f04d110,Node_5f04d110,Gab,Gab,Gab__284,Gab__284,PA
2020-05-16,Node_5f04d110,Node_5f04d110,Gab,Gab,Gab__284,Gab__284,PA
2020-05-17,Node_5f04d110,Node_5f04d110,Gab,Gab,Gab__284,Gab__284,PA
2020-05-03,Node_5f04d110,Node_5f04d110,Gab,Gab,Gab__284,Gab__284,PA
2020-05-05,Node_5f04d110,Node_5f04d110,Gab,Gab,Gab__284,Gab__284,PA
2020-05-06,Node_5f04d110,Node_5f04d110,Gab,Gab,Gab__284,Gab__284,PA
2022-02-05,Node_927409cf,Node_e3e7ab35,4Chan,TG,4Chan__1,TG__313,
2022-02-05,Node_927409cf,Node_e3e7ab35,4Chan,TG,4Chan__1,TG__313,
2022-10-10,Node_d480d20e,Node_e3f8b349,TG,TG,TG__447,TG__1001782,
2022-03-17,Node_e71968bc,Node_5e66cdb3,Gab,Bitchute,Gab__422,Bitchute__29,
2022-08-09,Node_927409cf,Node_5e66cdb3,4Chan,Bitchute,4Chan__1,Bitchute__29,
2022-02-20,Node_927409cf,Node_5e66cdb3,4Chan,Bitchute,4Chan__1,Bitchute__29,
2022-08-19,Node_927409cf,Node_5e66cdb3,4Chan,Bitchute,4Chan__1,Bitchute__29,
2022-11-11,Node_927409cf,Node_5e66cdb3,4Chan,Bitchute,4Chan__1,Bitchute__29,
2022-04-28,Node_927409cf,Node_5e66cdb3,4Chan,Bitchute,4Chan__1,Bitchute__29,
2019-11-03,Node_406acb92,Node_30ed85c2,Gab,Bitchute,Gab__14,Bitchute__1000138,
2019-12-28,Node_406acb92,Node_5e66cdb3,Gab,Bitchute,Gab__14,Bitchute__29,
2021-01-01,Node_927409cf,Node_5e66cdb3,4Chan,Bitchute,4Chan__1,Bitchute__29,
2019-11-17,Node_927409cf,Node_5e66cdb3,4Chan,Bitchute,4Chan__1,Bitchute__29,
2019-11-17,Node_927409cf,Node_5e66cdb3,4Chan,Bitchute,4Chan__1,Bitchute__29,
2019-10-24,Node_406acb92,Node_5e66cdb3,Gab,Bitchute,Gab__14,Bitchute__29,
2020-02-21,Node_406acb92,Node_5e66cdb3,Gab,Bitchute,Gab__14,Bitchute__29,
2021-01-03,Node_5f04d110,Node_5e66cdb3,Gab,Bitchute,Gab__284,Bitchute__29,PA
2020-01-07,Node_927409cf,Node_5e66cdb3,4Chan,Bitchute,4Chan__1,Bitchute__29,
2020-06-30,Node_927409cf,Node_30ed85c2,4Chan,Bitchute,4Chan__1,Bitchute__1000138,
2020-01-02,Node_406acb92,Node_5e66cdb3,Gab,Bitchute,Gab__14,Bitchute__29,
2019-06-25,Node_927409cf,Node_5e66cdb3,4Chan,Bitchute,4Chan__1,Bitchute__29,
2020-06-30,Node_927409cf,Node_30ed85c2,4Chan,Bitchute,4Chan__1,Bitchute__1000138,
2019-06-24,Node_927409cf,Node_5e66cdb3,4Chan,Bitchute,4Chan__1,Bitchute__29,
2019-08-22,Node_406acb92,Node_5e66cdb3,Gab,Bitchute,Gab__14,Bitchute__29,
2019-09-27,Node_406acb92,Node_5e66cdb3,Gab,Bitchute,Gab__14,Bitchute__29,
2022-12-11,Node_b5bf611a,Node_5e66cdb3,Bitchute,Bitchute,Bitchute__6,Bitchute__29,
2022-05-03,Node_67a97337,Node_5e66cdb3,Bitchute,Bitchute,Bitchute__146,Bitchute__29,
2022-10-01,Node_1229cb24,Node_5e66cdb3,Bitchute,Bitchute,Bitchute__64,Bitchute__29,
2021-04-08,Node_5f04d110,Node_5e66cdb3,Gab,Odysee,Gab__284,Odysee__1000237,PA
2021-05-09,Node_927409cf,Node_854b86cc,4Chan,Odysee,4Chan__1,Odysee__1000424,
2021-03-24,Node_927409cf,Node_5e66cdb3,4Chan,Odysee,4Chan__1,Odysee__1000237,
2021-10-07,Node_3181f07e,Node_5e66cdb3,Twitter,Odysee,Twitter__21,Odysee__1000237,
2021-12-09,Node_5f04d110,Node_5e66cdb3,Gab,Odysee,Gab__284,Odysee__1000237,PA
2021-05-09,Node_927409cf,Node_854b86cc,4Chan,Odysee,4Chan__1,Odysee__1000424,
2021-05-09,Node_927409cf,Node_30ed85c2,4Chan,Odysee,4Chan__1,Odysee__1000416,
2021-12-13,Node_927409cf,Node_5e66cdb3,4Chan,Odysee,4Chan__1,Odysee__1000237,
2021-08-20,Node_927409cf,Node_5e66cdb3,4Chan,Odysee,4Chan__1,Odysee__1000237,
2020-08-20,Node_927409cf,Node_5e66cdb3,4Chan,Bitchute,4Chan__1,Bitchute__29,
2020-08-20,Node_927409cf,Node_5e66cdb3,4Chan,Bitchute,4Chan__1,Bitchute__29,
2020-08-20,Node_927409cf,Node_5e66cdb3,4Chan,Bitchute,4Chan__1,Bitchute__29,
2020-08-19,Node_927409cf,Node_5e66cdb3,4Chan,Bitchute,4Chan__1,Bitchute__29,
2020-08-19,Node_927409cf,Node_5e66cdb3,4Chan,Bitchute,4Chan__1,Bitchute__29,
2020-08-20,Node_927409cf,Node_5e66cdb3,4Chan,Bitchute,4Chan__1,Bitchute__29,
2020-08-20,Node_927409cf,Node_5e66cdb3,4Chan,Bitchute,4Chan__1,Bitchute__29,
2020-08-20,Node_927409cf,Node_5e66cdb3,4Chan,Bitchute,4Chan__1,Bitchute__29,
2020-08-20,Node_927409cf,Node_5e66cdb3,4Chan,Bitchute,4Chan__1,Bitchute__29,
2020-08-20,Node_927409cf,Node_5e66cdb3,4Chan,Bitchute,4Chan__1,Bitchute__29,
2020-08-20,Node_927409cf,Node_5e66cdb3,4Chan,Bitchute,4Chan__1,Bitchute__29,
2020-08-24,Node_927409cf,Node_5e66cdb3,4Chan,Bitchute,4Chan__1,Bitchute__29,
2020-08-29,Node_927409cf,Node_5e66cdb3,4Chan,Bitchute,4Chan__1,Bitchute__29,
2020-08-29,Node_927409cf,Node_5e66cdb3,4Chan,Bitchute,4Chan__1,Bitchute__29,
2020-09-01,Node_927409cf,Node_5e66cdb3,4Chan,Bitchute,4Chan__1,Bitchute__29,
2020-09-01,Node_927409cf,Node_5e66cdb3,4Chan,Bitchute,4Chan__1,Bitchute__29,
2020-09-01,Node_5f04d110,Node_5e66cdb3,Gab,Bitchute,Gab__284,Bitchute__29,PA
2020-10-09,Node_927409cf,Node_5e66cdb3,4Chan,Bitchute,4Chan__1,Bitchute__29,
2020-10-10,Node_927409cf,Node_5e66cdb3,4Chan,Bitchute,4Chan__1,Bitchute__29,
2020-10-10,Node_927409cf,Node_5e66cdb3,4Chan,Bitchute,4Chan__1,Bitchute__29,
2021-05-25,Node_927409cf,Node_5e66cdb3,4Chan,Bitchute,4Chan__1,Bitchute__29,
2020-01-30,Node_927409cf,Node_5e66cdb3,4Chan,Bitchute,4Chan__1,Bitchute__29,
2020-04-02,Node_927409cf,Node_5e66cdb3,4Chan,Bitchute,4Chan__1,Bitchute__29,
2020-04-02,Node_927409cf,Node_5e66cdb3,4Chan,Bitchute,4Chan__1,Bitchute__29,
2020-06-19,Node_5f04d110,Node_5e66cdb3,Gab,Bitchute,Gab__284,Bitchute__29,PA
2020-02-13,Node_927409cf,Node_5e66cdb3,4Chan,Bitchute,4Chan__1,Bitchute__29,
2020-02-13,Node_927409cf,Node_5e66cdb3,4Chan,Bitchute,4Chan__1,Bitchute__29,
2020-07-05,Node_927409cf,Node_5e66cdb3,4Chan,Bitchute,4Chan__1,Bitchute__29,
2020-07-05,Node_927409cf,Node_5e66cdb3,4Chan,Bitchute,4Chan__1,Bitchute__29,
2020-04-17,Node_927409cf,Node_5e66cdb3,4Chan,Bitchute,4Chan__1,Bitchute__29,
2020-04-17,Node_927409cf,Node_5e66cdb3,4Chan,Bitchute,4Chan__1,Bitchute__29,
2020-02-09,Node_927409cf,Node_5e66cdb3,4Chan,Bitchute,4Chan__1,Bitchute__29,
2020-02-09,Node_927409cf,Node_5e66cdb3,4Chan,Bitchute,4Chan__1,Bitchute__29,
2020-04-30,Node_927409cf,Node_5e66cdb3,4Chan,Bitchute,4Chan__1,Bitchute__29,
2020-07-13,Node_5f04d110,Node_30ed85c2,Gab,Bitchute,Gab__284,Bitchute__1000138,PA
2020-07-13,Node_927409cf,Node_5e66cdb3,4Chan,Bitchute,4Chan__1,Bitchute__29,
2020-07-13,Node_927409cf,Node_5e66cdb3,4Chan,Bitchute,4Chan__1,Bitchute__29,
2020-07-19,Node_927409cf,Node_5e66cdb3,4Chan,Bitchute,4Chan__1,Bitchute__29,
2020-07-19,Node_927409cf,Node_5e66cdb3,4Chan,Bitchute,4Chan__1,Bitchute__29,
2020-07-20,Node_927409cf,Node_5e66cdb3,4Chan,Bitchute,4Chan__1,Bitchute__29,
2020-07-21,Node_927409cf,Node_5e66cdb3,4Chan,Bitchute,4Chan__1,Bitchute__29,
2020-03-26,Node_927409cf,Node_5e66cdb3,4Chan,Bitchute,4Chan__1,Bitchute__29,
2020-08-06,Node_927409cf,Node_5e66cdb3,4Chan,Bitchute,4Chan__1,Bitchute__29,
2020-08-06,Node_927409cf,Node_5e66cdb3,4Chan,Bitchute,4Chan__1,Bitchute__29,
2020-02-25,Node_927409cf,Node_30ed85c2,4Chan,Bitchute,4Chan__1,Bitchute__1000138,
2020-02-25,Node_927409cf,Node_30ed85c2,4Chan,Bitchute,4Chan__1,Bitchute__1000138,
2019-12-02,Node_927409cf,Node_5e66cdb3,4Chan,Bitchute,4Chan__1,Bitchute__29,
2020-02-26,Node_927409cf,Node_5e66cdb3,4Chan,Bitchute,4Chan__1,Bitchute__29,
2020-02-27,Node_406acb92,Node_5e66cdb3,Gab,Bitchute,Gab__14,Bitchute__29,
2020-04-19,Node_927409cf,Node_5e66cdb3,4Chan,Bitchute,4Chan__1,Bitchute__29,
2020-04-19,Node_927409cf,Node_5e66cdb3,4Chan,Bitchute,4Chan__1,Bitchute__29,
2019-09-14,Node_927409cf,Node_5e66cdb3,4Chan,Bitchute,4Chan__1,Bitchute__29,
2019-09-14,Node_927409cf,Node_5e66cdb3,4Chan,Bitchute,4Chan__1,Bitchute__29,
2020-06-15,Node_927409cf,Node_5e66cdb3,4Chan,Bitchute,4Chan__1,Bitchute__29,
2020-06-15,Node_927409cf,Node_5e66cdb3,4Chan,Bitchute,4Chan__1,Bitchute__29,
2020-11-29,Node_927409cf,Node_5e66cdb3,4Chan,Bitchute,4Chan__1,Bitchute__29,
2020-12-15,Node_927409cf,Node_5e66cdb3,4Chan,Bitchute,4Chan__1,Bitchute__29,
2020-12-15,Node_927409cf,Node_5e66cdb3,4Chan,Bitchute,4Chan__1,Bitchute__29,
2020-12-18,Node_927409cf,Node_5e66cdb3,4Chan,Bitchute,4Chan__1,Bitchute__29,
2021-08-12,Node_927409cf,Node_5e66cdb3,4Chan,Bitchute,4Chan__1,Bitchute__29,
2020-07-03,Node_927409cf,Node_5e66cdb3,4Chan,Bitchute,4Chan__1,Bitchute__29,
2020-07-08,Node_927409cf,Node_5e66cdb3,4Chan,Bitchute,4Chan__1,Bitchute__29,
2020-07-08,Node_927409cf,Node_5e66cdb3,4Chan,Bitchute,4Chan__1,Bitchute__29,
2020-08-29,Node_927409cf,Node_5e66cdb3,4Chan,Bitchute,4Chan__1,Bitchute__29,
2020-05-05,Node_927409cf,Node_5e66cdb3,4Chan,Bitchute,4Chan__1,Bitchute__29,
2020-05-05,Node_927409cf,Node_5e66cdb3,4Chan,Bitchute,4Chan__1,Bitchute__29,
2020-05-05,Node_927409cf,Node_5e66cdb3,4Chan,Bitchute,4Chan__1,Bitchute__29,
2020-05-05,Node_927409cf,Node_5e66cdb3,4Chan,Bitchute,4Chan__1,Bitchute__29,
2020-05-06,Node_927409cf,Node_5e66cdb3,4Chan,Bitchute,4Chan__1,Bitchute__29,
2020-05-06,Node_927409cf,Node_5e66cdb3,4Chan,Bitchute,4Chan__1,Bitchute__29,
2020-05-06,Node_927409cf,Node_5e66cdb3,4Chan,Bitchute,4Chan__1,Bitchute__29,
2020-05-06,Node_927409cf,Node_5e66cdb3,4Chan,Bitchute,4Chan__1,Bitchute__29,
2020-05-06,Node_927409cf,Node_5e66cdb3,4Chan,Bitchute,4Chan__1,Bitchute__29,
2020-05-06,Node_927409cf,Node_5e66cdb3,4Chan,Bitchute,4Chan__1,Bitchute__29,
2019-06-26,Node_927409cf,Node_5e66cdb3,4Chan,Bitchute,4Chan__1,Bitchute__29,
2019-06-26,Node_927409cf,Node_5e66cdb3,4Chan,Bitchute,4Chan__1,Bitchute__29,
2020-06-27,Node_5f04d110,Node_5f04d110,Gab,Gab,Gab__284,Gab__284,PA
2020-06-24,Node_5f04d110,Node_5f04d110,Gab,Gab,Gab__284,Gab__284,PA
2020-06-22,Node_5f04d110,Node_5f04d110,Gab,Gab,Gab__284,Gab__284,PA
2021-08-13,Node_927409cf,Node_e3e7ab35,4Chan,TG,4Chan__1,TG__313,
2021-08-13,Node_927409cf,Node_5e66cdb3,4Chan,TG,4Chan__1,TG__500,
2021-08-12,Node_927409cf,Node_e3e7ab35,4Chan,TG,4Chan__1,TG__313,
2021-08-12,Node_927409cf,Node_5e66cdb3,4Chan,TG,4Chan__1,TG__500,
2021-10-01,Node_927409cf,Node_e3e7ab35,4Chan,TG,4Chan__1,TG__313,
2021-10-01,Node_927409cf,Node_5e66cdb3,4Chan,TG,4Chan__1,TG__500,
2021-10-02,Node_927409cf,Node_e3e7ab35,4Chan,TG,4Chan__1,TG__313,
2021-10-02,Node_927409cf,Node_5e66cdb3,4Chan,TG,4Chan__1,TG__500,
2021-09-02,Node_927409cf,Node_e3e7ab35,4Chan,TG,4Chan__1,TG__313,
2021-09-02,Node_927409cf,Node_5e66cdb3,4Chan,TG,4Chan__1,TG__500,
2021-09-11,Node_927409cf,Node_e3e7ab35,4Chan,TG,4Chan__1,TG__313,
2021-09-11,Node_927409cf,Node_5e66cdb3,4Chan,TG,4Chan__1,TG__500,
2021-09-11,Node_927409cf,Node_e3e7ab35,4Chan,TG,4Chan__1,TG__313,
2021-09-11,Node_927409cf,Node_5e66cdb3,4Chan,TG,4Chan__1,TG__500,
2021-09-11,Node_927409cf,Node_e3e7ab35,4Chan,TG,4Chan__1,TG__313,
2021-09-11,Node_927409cf,Node_5e66cdb3,4Chan,TG,4Chan__1,TG__500,
2021-09-11,Node_927409cf,Node_e3e7ab35,4Chan,TG,4Chan__1,TG__313,
2021-09-11,Node_927409cf,Node_5e66cdb3,4Chan,TG,4Chan__1,TG__500,
2021-09-13,Node_927409cf,Node_e3e7ab35,4Chan,TG,4Chan__1,TG__313,
2021-09-13,Node_927409cf,Node_5e66cdb3,4Chan,TG,4Chan__1,TG__500,
2021-09-13,Node_927409cf,Node_e3e7ab35,4Chan,TG,4Chan__1,TG__313,
2021-09-13,Node_927409cf,Node_5e66cdb3,4Chan,TG,4Chan__1,TG__500,
2021-09-13,Node_927409cf,Node_e3e7ab35,4Chan,TG,4Chan__1,TG__313,
2021-09-13,Node_927409cf,Node_5e66cdb3,4Chan,TG,4Chan__1,TG__500,
2021-09-13,Node_927409cf,Node_e3e7ab35,4Chan,TG,4Chan__1,TG__313,
2021-09-13,Node_927409cf,Node_5e66cdb3,4Chan,TG,4Chan__1,TG__500,
2021-09-13,Node_927409cf,Node_e3e7ab35,4Chan,TG,4Chan__1,TG__313,
2021-09-13,Node_927409cf,Node_5e66cdb3,4Chan,TG,4Chan__1,TG__500,
2021-09-13,Node_927409cf,Node_e3e7ab35,4Chan,TG,4Chan__1,TG__313,
2021-09-13,Node_927409cf,Node_5e66cdb3,4Chan,TG,4Chan__1,TG__500,
2021-09-13,Node_927409cf,Node_e3e7ab35,4Chan,TG,4Chan__1,TG__313,
2021-09-13,Node_927409cf,Node_5e66cdb3,4Chan,TG,4Chan__1,TG__500,
2021-09-14,Node_927409cf,Node_e3e7ab35,4Chan,TG,4Chan__1,TG__313,
2021-09-14,Node_927409cf,Node_5e66cdb3,4Chan,TG,4Chan__1,TG__500,
2021-09-14,Node_927409cf,Node_e3e7ab35,4Chan,TG,4Chan__1,TG__313,
2021-09-14,Node_927409cf,Node_5e66cdb3,4Chan,TG,4Chan__1,TG__500,
2021-09-15,Node_927409cf,Node_e3e7ab35,4Chan,TG,4Chan__1,TG__313,
2021-09-15,Node_927409cf,Node_5e66cdb3,4Chan,TG,4Chan__1,TG__500,
2021-09-15,Node_927409cf,Node_e3e7ab35,4Chan,TG,4Chan__1,TG__313,
2021-09-15,Node_927409cf,Node_5e66cdb3,4Chan,TG,4Chan__1,TG__500,
2021-09-15,Node_927409cf,Node_e3e7ab35,4Chan,TG,4Chan__1,TG__313,
2021-09-15,Node_927409cf,Node_5e66cdb3,4Chan,TG,4Chan__1,TG__500,
2021-09-16,Node_927409cf,Node_e3e7ab35,4Chan,TG,4Chan__1,TG__313,
2021-09-16,Node_927409cf,Node_5e66cdb3,4Chan,TG,4Chan__1,TG__500,
2021-09-18,Node_927409cf,Node_e3e7ab35,4Chan,TG,4Chan__1,TG__313,
2021-09-18,Node_927409cf,Node_5e66cdb3,4Chan,TG,4Chan__1,TG__500,
2021-09-21,Node_927409cf,Node_e3e7ab35,4Chan,TG,4Chan__1,TG__313,
2021-09-21,Node_927409cf,Node_5e66cdb3,4Chan,TG,4Chan__1,TG__500,
2021-07-03,Node_927409cf,Node_e3e7ab35,4Chan,TG,4Chan__1,TG__313,
2021-07-03,Node_927409cf,Node_5e66cdb3,4Chan,TG,4Chan__1,TG__500,
2021-07-04,Node_927409cf,Node_e3e7ab35,4Chan,TG,4Chan__1,TG__313,
2021-07-04,Node_927409cf,Node_5e66cdb3,4Chan,TG,4Chan__1,TG__500,
2021-09-23,Node_927409cf,Node_e3e7ab35,4Chan,TG,4Chan__1,TG__313,
2021-09-23,Node_927409cf,Node_5e66cdb3,4Chan,TG,4Chan__1,TG__500,
2020-03-21,Node_5af58985,Node_5e66cdb3,TG,TG,TG__73,TG__500,
2020-01-25,Node_5af58985,Node_5e66cdb3,TG,TG,TG__73,TG__500,
2021-01-24,Node_5af58985,Node_5e66cdb3,TG,Bitchute,TG__73,Bitchute__29,
2023-02-11,Node_927409cf,Node_5e66cdb3,4Chan,Bitchute,4Chan__1,Bitchute__29,
2023-05-28,Node_927409cf,Node_5e66cdb3,4Chan,Bitchute,4Chan__1,Bitchute__29,
2019-10-18,Node_5af58985,Node_5e66cdb3,TG,Bitchute,TG__73,Bitchute__29,
2021-07-09,Node_b273bd54,Node_5e66cdb3,Twitter,Bitchute,Twitter__32,Bitchute__29,
2022-11-17,Node_927409cf,Node_5e66cdb3,4Chan,Odysee,4Chan__1,Odysee__1000237,
2022-05-11,Node_927409cf,Node_5e66cdb3,4Chan,Odysee,4Chan__1,Odysee__1000237,
2023-03-23,Node_927409cf,Node_854b86cc,4Chan,YouTube,4Chan__1,YouTube__1258245,
2022-09-11,Node_927409cf,Node_5e66cdb3,4Chan,Odysee,4Chan__1,Odysee__1000237,
2023-01-18,Node_927409cf,Node_5e66cdb3,4Chan,Odysee,4Chan__1,Odysee__1000237,
2022-05-29,Node_d480d20e,Node_5e66cdb3,TG,Odysee,TG__447,Odysee__1000237,
2023-11-09,Node_927409cf,Node_5e66cdb3,4Chan,Odysee,4Chan__1,Odysee__1000237,
2024-01-02,Node_927409cf,Node_5e66cdb3,4Chan,Odysee,4Chan__1,Odysee__1000237,
2023-09-29,Node_927409cf,Node_5e66cdb3,4Chan,Odysee,4Chan__1,Odysee__1000237,
2022-02-16,Node_d480d20e,Node_5e66cdb3,TG,Odysee,TG__447,Odysee__1000237,
2023-04-27,Node_b273bd54,Node_5e66cdb3,Twitter,Odysee,Twitter__32,Odysee__1000237,
2023-03-05,Node_927409cf,Node_5e66cdb3,4Chan,Odysee,4Chan__1,Odysee__1000237,
2023-11-18,Node_927409cf,Node_5e66cdb3,4Chan,Odysee,4Chan__1,Odysee__1000237,
2023-01-03,Node_927409cf,Node_5e66cdb3,4Chan,Odysee,4Chan__1,Odysee__1000237,
2023-08-03,Node_927409cf,Node_5e66cdb3,4Chan,Odysee,4Chan__1,Odysee__1000237,
2021-03-23,Node_3d50c777,Node_5e66cdb3,TG,Odysee,TG__325,Odysee__1000237,
2023-06-17,Node_927409cf,Node_5e66cdb3,4Chan,Odysee,4Chan__1,Odysee__1000237,
2023-12-22,Node_927409cf,Node_5e66cdb3,4Chan,Odysee,4Chan__1,Odysee__1000237,
2023-06-06,Node_927409cf,Node_5e66cdb3,4Chan,Odysee,4Chan__1,Odysee__1000237,
2023-01-11,Node_927409cf,Node_5e66cdb3,4Chan,Odysee,4Chan__1,Odysee__1000237,
2023-01-11,Node_927409cf,Node_5e66cdb3,4Chan,Odysee,4Chan__1,Odysee__1000237,
2022-12-07,Node_ac1129d9,Node_5e66cdb3,Twitter,Odysee,Twitter__38,Odysee__1000237,
2023-09-08,Node_927409cf,Node_5e66cdb3,4Chan,Odysee,4Chan__1,Odysee__1000237,
2023-08-24,Node_927409cf,Node_5e66cdb3,4Chan,Odysee,4Chan__1,Odysee__1000237,
2021-09-26,Node_d480d20e,Node_5e66cdb3,TG,Odysee,TG__447,Odysee__1000237,
2021-10-16,Node_d480d20e,Node_5e66cdb3,TG,Odysee,TG__447,Odysee__1000237,
2023-08-15,Node_927409cf,Node_5e66cdb3,4Chan,Odysee,4Chan__1,Odysee__1000237,
2021-05-08,Node_927409cf,Node_30ed85c2,4Chan,Odysee,4Chan__1,Odysee__1000416,
2021-05-16,Node_927409cf,Node_5e66cdb3,4Chan,Odysee,4Chan__1,Odysee__1000237,
2021-05-09,Node_927409cf,Node_854b86cc,4Chan,Odysee,4Chan__1,Odysee__1000424,
2021-05-09,Node_927409cf,Node_30ed85c2,4Chan,Odysee,4Chan__1,Odysee__1000416,
2021-09-20,Node_f8caa783,Node_5e66cdb3,Gab,Odysee,Gab__388,Odysee__1000237,
2021-10-27,Node_927409cf,Node_5e66cdb3,4Chan,Odysee,4Chan__1,Odysee__1000237,
2021-11-27,Node_927409cf,Node_854b86cc,4Chan,Odysee,4Chan__1,Odysee__1000424,
2021-09-08,Node_b273bd54,Node_5e66cdb3,Twitter,Odysee,Twitter__32,Odysee__1000237,
2021-12-25,Node_927409cf,Node_30ed85c2,4Chan,Odysee,4Chan__1,Odysee__1000416,
2021-09-16,Node_927409cf,Node_30ed85c2,4Chan,Odysee,4Chan__1,Odysee__1000416,
2021-04-01,Node_927409cf,Node_5e66cdb3,4Chan,Odysee,4Chan__1,Odysee__1000237,
2020-06-03,Node_927409cf,Node_5e66cdb3,4Chan,Bitchute,4Chan__1,Bitchute__29,
2020-06-03,Node_927409cf,Node_5e66cdb3,4Chan,Bitchute,4Chan__1,Bitchute__29,
2020-06-03,Node_927409cf,Node_5e66cdb3,4Chan,Bitchute,4Chan__1,Bitchute__29,
2020-06-03,Node_927409cf,Node_5e66cdb3,4Chan,Bitchute,4Chan__1,Bitchute__29,
2020-06-04,Node_927409cf,Node_5e66cdb3,4Chan,Bitchute,4Chan__1,Bitchute__29,
2020-06-04,Node_927409cf,Node_5e66cdb3,4Chan,Bitchute,4Chan__1,Bitchute__29,
2020-06-04,Node_927409cf,Node_5e66cdb3,4Chan,Bitchute,4Chan__1,Bitchute__29,
2020-06-05,Node_5f04d110,Node_5e66cdb3,Gab,Bitchute,Gab__284,Bitchute__29,PA
2020-06-05,Node_927409cf,Node_5e66cdb3,4Chan,Bitchute,4Chan__1,Bitchute__29,
2020-06-05,Node_927409cf,Node_5e66cdb3,4Chan,Bitchute,4Chan__1,Bitchute__29,
2020-06-05,Node_927409cf,Node_5e66cdb3,4Chan,Bitchute,4Chan__1,Bitchute__29,
2020-06-05,Node_927409cf,Node_5e66cdb3,4Chan,Bitchute,4Chan__1,Bitchute__29,
2020-06-06,Node_927409cf,Node_5e66cdb3,4Chan,Bitchute,4Chan__1,Bitchute__29,
2020-06-06,Node_927409cf,Node_5e66cdb3,4Chan,Bitchute,4Chan__1,Bitchute__29,
2021-05-07,Node_927409cf,Node_5e66cdb3,4Chan,Bitchute,4Chan__1,Bitchute__29,
2021-05-07,Node_927409cf,Node_5e66cdb3,4Chan,Bitchute,4Chan__1,Bitchute__29,
2021-05-09,Node_81147987,Node_5e66cdb3,Bitchute,Bitchute,Bitchute__5,Bitchute__29,
2021-03-13,Node_ba11bbbd,Node_5e66cdb3,Bitchute,Bitchute,Bitchute__34,Bitchute__29,
2020-06-04,Node_4e44d82e,Node_30ed85c2,Gab,TG,Gab__31,TG__482,
2020-12-28,Node_fd2f7b6e,Node_f2e29b8b,TG,YouTube,TG__503,YouTube__1226654,
2020-05-31,Node_4e44d82e,Node_5e66cdb3,Gab,Bitchute,Gab__31,Bitchute__29,
2020-02-27,Node_4e44d82e,Node_5e66cdb3,Gab,Bitchute,Gab__31,Bitchute__29,
2019-11-22,Node_4e44d82e,Node_5e66cdb3,Gab,Bitchute,Gab__31,Bitchute__29,
2020-09-03,Node_fd2f7b6e,Node_5e66cdb3,TG,Bitchute,TG__503,Bitchute__29,
2020-10-03,Node_fd2f7b6e,Node_5e66cdb3,TG,Bitchute,TG__503,Bitchute__29,
2020-10-22,Node_fd2f7b6e,Node_5e66cdb3,TG,Bitchute,TG__503,Bitchute__29,
2020-11-20,Node_fd2f7b6e,Node_5e66cdb3,TG,Bitchute,TG__503,Bitchute__29,
2020-12-04,Node_fd2f7b6e,Node_5e66cdb3,TG,Bitchute,TG__503,Bitchute__29,
2020-01-28,Node_41485d04,Node_5e66cdb3,TG,Bitchute,TG__72,Bitchute__29,
2020-01-29,Node_41485d04,Node_5e66cdb3,TG,Bitchute,TG__72,Bitchute__29,
2021-01-01,Node_41485d04,Node_5e66cdb3,TG,Bitchute,TG__72,Bitchute__29,
2021-01-01,Node_ae79230c,Node_5e66cdb3,TG,Bitchute,TG__150,Bitchute__29,
2021-07-15,Node_54210fcf,Node_5e66cdb3,Twitter,Odysee,Twitter__48,Odysee__1000237,
2021-07-15,Node_54210fcf,Node_5e66cdb3,Twitter,Odysee,Twitter__48,Odysee__1000237,
2021-09-29,Node_922dc05e,Node_5e66cdb3,Twitter,Odysee,Twitter__2,Odysee__1000237,
2022-08-27,Node_4e44d82e,Node_64a1bf65,Gab,Gab,Gab__31,Gab__1003714,
2019-12-12,Node_4e44d82e,Node_5e66cdb3,Gab,Bitchute,Gab__31,Bitchute__29,
2019-12-21,Node_4e44d82e,Node_30ed85c2,Gab,Bitchute,Gab__31,Bitchute__1000138,
2019-08-18,Node_4e44d82e,Node_30ed85c2,Gab,Bitchute,Gab__31,Bitchute__1000138,
2020-01-07,Node_4e44d82e,Node_30ed85c2,Gab,Bitchute,Gab__31,Bitchute__1000138,
2019-09-08,Node_4e44d82e,Node_5e66cdb3,Gab,Bitchute,Gab__31,Bitchute__29,
2020-02-21,Node_4e44d82e,Node_5e66cdb3,Gab,Bitchute,Gab__31,Bitchute__29,
2019-12-28,Node_4e44d82e,Node_5e66cdb3,Gab,Bitchute,Gab__31,Bitchute__29,
2019-12-11,Node_4e44d82e,Node_30ed85c2,Gab,Bitchute,Gab__31,Bitchute__1000138,
2019-09-21,Node_4e44d82e,Node_5e66cdb3,Gab,Bitchute,Gab__31,Bitchute__29,
2019-11-22,Node_3e20e468,Node_30ed85c2,Gab,Bitchute,Gab__146,Bitchute__1000138,
2020-01-02,Node_4e44d82e,Node_5e66cdb3,Gab,Bitchute,Gab__31,Bitchute__29,
2022-09-30,Node_8a1ee379,Node_5e66cdb3,Bitchute,Bitchute,Bitchute__167,Bitchute__29,
2022-10-01,Node_5305395e,Node_5e66cdb3,Bitchute,Bitchute,Bitchute__47,Bitchute__29,
2022-09-30,Node_35add1a4,Node_5e66cdb3,Bitchute,Bitchute,Bitchute__147,Bitchute__29,
2020-07-13,Node_4e44d82e,Node_30ed85c2,Gab,Bitchute,Gab__31,Bitchute__1000138,
2020-12-02,Node_b3fd1be7,Node_5e66cdb3,TG,TG,TG__524,TG__500,
2021-04-02,Node_b3fd1be7,Node_5e66cdb3,TG,TG,TG__524,TG__500,
2021-06-17,Node_fd2f7b6e,Node_5e66cdb3,TG,TG,TG__503,TG__500,
2021-06-22,Node_fd2f7b6e,Node_5e66cdb3,TG,TG,TG__503,TG__500,
2021-06-30,Node_fd2f7b6e,Node_5e66cdb3,TG,TG,TG__503,TG__500,
2021-08-17,Node_fd2f7b6e,Node_5e66cdb3,TG,TG,TG__503,TG__500,
2021-01-12,Node_b3fd1be7,Node_5e66cdb3,TG,TG,TG__524,TG__500,
2021-02-03,Node_b3fd1be7,Node_5e66cdb3,TG,TG,TG__524,TG__500,
2021-02-11,Node_b3fd1be7,Node_5e66cdb3,TG,TG,TG__524,TG__500,
2021-03-22,Node_b3fd1be7,Node_5e66cdb3,TG,TG,TG__524,TG__500,
2021-04-02,Node_b3fd1be7,Node_5e66cdb3,TG,TG,TG__524,TG__500,
2021-01-12,Node_fd2f7b6e,Node_5e66cdb3,TG,TG,TG__503,TG__500,
2021-08-09,Node_41485d04,Node_d79a0f32,TG,TG,TG__72,TG__1008789,
2020-10-23,Node_fd2f7b6e,Node_5e66cdb3,TG,Bitchute,TG__503,Bitchute__29,
2020-09-04,Node_41485d04,Node_5e66cdb3,TG,Bitchute,TG__72,Bitchute__29,
2021-03-05,Node_fd2f7b6e,Node_5e66cdb3,TG,Bitchute,TG__503,Bitchute__29,
2021-03-05,Node_b3fd1be7,Node_5e66cdb3,TG,Bitchute,TG__524,Bitchute__29,
2021-01-20,Node_fd2f7b6e,Node_30ed85c2,TG,Bitchute,TG__503,Bitchute__1000138,
2021-07-16,Node_fd2f7b6e,Node_5e66cdb3,TG,Bitchute,TG__503,Bitchute__29,
2020-10-11,Node_fd2f7b6e,Node_30ed85c2,TG,Bitchute,TG__503,Bitchute__1000138,
2021-01-15,Node_62628686,Node_5e66cdb3,TG,Bitchute,TG__99,Bitchute__29,
2023-12-15,Node_1501fb9a,Node_5e66cdb3,Bitchute,Bitchute,Bitchute__114,Bitchute__29,
2021-03-21,Node_fd2f7b6e,Node_5e66cdb3,TG,Odysee,TG__503,Odysee__1000237,
2021-05-19,Node_fd2f7b6e,Node_5e66cdb3,TG,Odysee,TG__503,Odysee__1000237,
2021-07-28,Node_fd2f7b6e,Node_5e66cdb3,TG,Odysee,TG__503,Odysee__1000237,
2021-04-14,Node_fd2f7b6e,Node_30ed85c2,TG,Odysee,TG__503,Odysee__1000416,
2021-06-09,Node_fd2f7b6e,Node_5e66cdb3,TG,Odysee,TG__503,Odysee__1000237,
2021-06-02,Node_b3fd1be7,Node_5e66cdb3,TG,Odysee,TG__524,Odysee__1000237,
2021-05-26,Node_fd2f7b6e,Node_5e66cdb3,TG,Odysee,TG__503,Odysee__1000237,
2021-06-30,Node_fd2f7b6e,Node_5e66cdb3,TG,Odysee,TG__503,Odysee__1000237,
2021-06-23,Node_fd2f7b6e,Node_5e66cdb3,TG,Odysee,TG__503,Odysee__1000237,
2021-03-22,Node_fd2f7b6e,Node_5e66cdb3,TG,Odysee,TG__503,Odysee__1000237,
2021-06-13,Node_fd2f7b6e,Node_5e66cdb3,TG,Odysee,TG__503,Odysee__1000237,
2021-03-25,Node_fd2f7b6e,Node_5e66cdb3,TG,Odysee,TG__503,Odysee__1000237,
2021-07-21,Node_fd2f7b6e,Node_5e66cdb3,TG,Odysee,TG__503,Odysee__1000237,
2023-01-11,Node_3e20e468,Node_5e66cdb3,Gab,Odysee,Gab__146,Odysee__1000237,
2022-08-10,Node_3e20e468,Node_5e66cdb3,Gab,Odysee,Gab__146,Odysee__1000237,
2020-03-08,Node_4e44d82e,Node_30ed85c2,Gab,Bitchute,Gab__31,Bitchute__1000138,
2020-03-12,Node_4e44d82e,Node_5e66cdb3,Gab,Bitchute,Gab__31,Bitchute__29,
2020-03-15,Node_4e44d82e,Node_30ed85c2,Gab,Bitchute,Gab__31,Bitchute__1000138,
2020-05-31,Node_fd2f7b6e,Node_5e66cdb3,TG,Bitchute,TG__503,Bitchute__29,
2020-06-12,Node_fd2f7b6e,Node_5e66cdb3,TG,Bitchute,TG__503,Bitchute__29,
2020-07-06,Node_fd2f7b6e,Node_30ed85c2,TG,Bitchute,TG__503,Bitchute__1000138,
2020-08-11,Node_fd2f7b6e,Node_30ed85c2,TG,Bitchute,TG__503,Bitchute__1000138,
2020-07-24,Node_fd2f7b6e,Node_5e66cdb3,TG,Bitchute,TG__503,Bitchute__29,
2020-09-01,Node_fd2f7b6e,Node_5e66cdb3,TG,Bitchute,TG__503,Bitchute__29,
2020-11-12,Node_fd2f7b6e,Node_5e66cdb3,TG,Bitchute,TG__503,Bitchute__29,
2021-01-24,Node_fd2f7b6e,Node_30ed85c2,TG,Bitchute,TG__503,Bitchute__1000138,
2021-08-09,Node_fb521d4b,Node_5e66cdb3,TG,Bitchute,TG__134,Bitchute__29,
2021-03-09,Node_35add1a4,Node_5e66cdb3,Bitchute,Bitchute,Bitchute__147,Bitchute__29,
2024-11-15,Node_f7c5962e,Node_5e66cdb3,Gab,Odysee,Gab__105,Odysee__1000237,
2021-01-26,Node_fd2f7b6e,Node_854b86cc,TG,Gab,TG__503,Gab__1004568,
2021-01-13,Node_fd2f7b6e,Node_854b86cc,TG,Gab,TG__503,Gab__1004568,
2020-12-29,Node_fd2f7b6e,Node_5e66cdb3,TG,TG,TG__503,TG__500,
2021-08-06,Node_41485d04,Node_d79a0f32,TG,TG,TG__72,TG__1008789,
2020-06-26,Node_fd2f7b6e,Node_5e66cdb3,TG,Bitchute,TG__503,Bitchute__29,
2020-10-16,Node_fd2f7b6e,Node_5e66cdb3,TG,Bitchute,TG__503,Bitchute__29,
2021-05-21,Node_fd2f7b6e,Node_5e66cdb3,TG,Bitchute,TG__503,Bitchute__29,
2020-08-14,Node_fd2f7b6e,Node_5e66cdb3,TG,Bitchute,TG__503,Bitchute__29,
2021-02-05,Node_fd2f7b6e,Node_5e66cdb3,TG,Bitchute,TG__503,Bitchute__29,
2023-12-28,Node_dae1c51e,Node_5e66cdb3,Bitchute,Bitchute,Bitchute__71,Bitchute__29,
2023-12-12,Node_8a1ee379,Node_5e66cdb3,Bitchute,Bitchute,Bitchute__167,Bitchute__29,
2020-07-17,Node_fd2f7b6e,Node_5e66cdb3,TG,Bitchute,TG__503,Bitchute__29,
2020-09-25,Node_fd2f7b6e,Node_5e66cdb3,TG,Bitchute,TG__503,Bitchute__29,
2021-01-27,Node_fd2f7b6e,Node_5e66cdb3,TG,Bitchute,TG__503,Bitchute__29,
2021-04-27,Node_fd2f7b6e,Node_5e66cdb3,TG,Odysee,TG__503,Odysee__1000237,
2021-10-28,Node_54210fcf,Node_5e66cdb3,Twitter,Odysee,Twitter__48,Odysee__1000237,
2021-07-15,Node_54210fcf,Node_5e66cdb3,Twitter,Odysee,Twitter__48,Odysee__1000237,
2021-10-15,Node_54210fcf,Node_5e66cdb3,Twitter,Odysee,Twitter__48,Odysee__1000237,
2021-07-04,Node_814462d0,Node_5e66cdb3,Twitter,Odysee,Twitter__9,Odysee__1000237,
2024-04-04,Node_bee550df,Node_5e66cdb3,TG,Odysee,TG__211,Odysee__1000237,
2022-11-03,Node_3e20e468,Node_5e66cdb3,Gab,Bitchute,Gab__146,Bitchute__29,
2022-12-02,Node_3e20e468,Node_5e66cdb3,Gab,Bitchute,Gab__146,Bitchute__29,
2019-11-30,Node_3e20e468,Node_30ed85c2,Gab,Bitchute,Gab__146,Bitchute__1000138,
2019-08-30,Node_4e44d82e,Node_5e66cdb3,Gab,Bitchute,Gab__31,Bitchute__29,
2019-11-03,Node_4e44d82e,Node_30ed85c2,Gab,Bitchute,Gab__31,Bitchute__1000138,
2019-10-24,Node_4e44d82e,Node_30ed85c2,Gab,Bitchute,Gab__31,Bitchute__1000138,
2019-11-23,Node_3e20e468,Node_30ed85c2,Gab,Bitchute,Gab__146,Bitchute__1000138,
2020-02-13,Node_4e44d82e,Node_5e66cdb3,Gab,Bitchute,Gab__31,Bitchute__29,
2019-11-26,Node_3e20e468,Node_30ed85c2,Gab,Bitchute,Gab__146,Bitchute__1000138,
2019-09-20,Node_4e44d82e,Node_5e66cdb3,Gab,Bitchute,Gab__31,Bitchute__29,
2019-08-22,Node_4e44d82e,Node_5e66cdb3,Gab,Bitchute,Gab__31,Bitchute__29,
2019-11-22,Node_4e44d82e,Node_30ed85c2,Gab,Bitchute,Gab__31,Bitchute__1000138,
2019-11-24,Node_3e20e468,Node_30ed85c2,Gab,Bitchute,Gab__146,Bitchute__1000138,
2019-11-30,Node_4e44d82e,Node_30ed85c2,Gab,Bitchute,Gab__31,Bitchute__1000138,
2019-11-26,Node_3e20e468,Node_30ed85c2,Gab,Bitchute,Gab__146,Bitchute__1000138,
2019-10-19,Node_4e44d82e,Node_5e66cdb3,Gab,Bitchute,Gab__31,Bitchute__29,
2019-10-24,Node_4e44d82e,Node_5e66cdb3,Gab,Bitchute,Gab__31,Bitchute__29,
2019-11-08,Node_41485d04,Node_5e66cdb3,TG,Bitchute,TG__72,Bitchute__29,
2020-11-10,Node_ca0c4f4b,Node_5e66cdb3,TG,Bitchute,TG__231,Bitchute__29,
2021-03-05,Node_ba11bbbd,Node_5e66cdb3,Bitchute,Bitchute,Bitchute__34,Bitchute__29,
2021-06-19,Node_8a1ee379,Node_5e66cdb3,Bitchute,Bitchute,Bitchute__167,Bitchute__29,
2021-01-16,Node_5305395e,Node_5e66cdb3,Bitchute,Bitchute,Bitchute__47,Bitchute__29,
2021-08-13,Node_8a1ee379,Node_5e66cdb3,Bitchute,Bitchute,Bitchute__167,Bitchute__29,
2021-08-05,Node_41485d04,Node_d79a0f32,TG,TG,TG__72,TG__1008789,
2020-10-25,Node_fd2f7b6e,Node_30ed85c2,TG,Bitchute,TG__503,Bitchute__1000138,
2021-03-19,Node_fd2f7b6e,Node_5e66cdb3,TG,Bitchute,TG__503,Bitchute__29,
2021-06-04,Node_fd2f7b6e,Node_5e66cdb3,TG,Bitchute,TG__503,Bitchute__29,
2021-01-23,Node_fd2f7b6e,Node_5e66cdb3,TG,Bitchute,TG__503,Bitchute__29,
2020-07-03,Node_fd2f7b6e,Node_5e66cdb3,TG,Bitchute,TG__503,Bitchute__29,
2023-01-27,Node_3e20e468,Node_5e66cdb3,Gab,Bitchute,Gab__146,Bitchute__29,
2023-09-01,Node_1501fb9a,Node_5e66cdb3,Bitchute,Bitchute,Bitchute__114,Bitchute__29,
2021-04-09,Node_fd2f7b6e,Node_5e66cdb3,TG,Bitchute,TG__503,Bitchute__29,
2020-09-20,Node_fd2f7b6e,Node_30ed85c2,TG,Bitchute,TG__503,Bitchute__1000138,
2021-05-28,Node_fd2f7b6e,Node_5e66cdb3,TG,Odysee,TG__503,Odysee__1000237,
2021-07-07,Node_fd2f7b6e,Node_5e66cdb3,TG,Odysee,TG__503,Odysee__1000237,
2022-11-23,Node_54210fcf,Node_5e66cdb3,Twitter,Odysee,Twitter__48,Odysee__1000237,
2021-03-26,Node_fd2f7b6e,Node_30ed85c2,TG,Odysee,TG__503,Odysee__1000416,
2021-07-26,Node_fd2f7b6e,Node_30ed85c2,TG,Odysee,TG__503,Odysee__1000416,
2021-05-12,Node_fd2f7b6e,Node_5e66cdb3,TG,Odysee,TG__503,Odysee__1000237,
2022-12-16,Node_3e20e468,Node_5e66cdb3,Gab,Bitchute,Gab__146,Bitchute__29,
2020-02-20,Node_4e44d82e,Node_5e66cdb3,Gab,Bitchute,Gab__31,Bitchute__29,
2019-09-27,Node_4e44d82e,Node_5e66cdb3,Gab,Bitchute,Gab__31,Bitchute__29,
2019-08-01,Node_4e44d82e,Node_5e66cdb3,Gab,Bitchute,Gab__31,Bitchute__29,
2019-11-02,Node_4e44d82e,Node_5e66cdb3,Gab,Bitchute,Gab__31,Bitchute__29,
2019-10-31,Node_4e44d82e,Node_5e66cdb3,Gab,Bitchute,Gab__31,Bitchute__29,
2019-11-14,Node_4e44d82e,Node_5e66cdb3,Gab,Bitchute,Gab__31,Bitchute__29,
2020-02-16,Node_4e44d82e,Node_30ed85c2,Gab,Bitchute,Gab__31,Bitchute__1000138,
2020-06-02,Node_4e44d82e,Node_30ed85c2,Gab,Bitchute,Gab__31,Bitchute__1000138,
2020-06-20,Node_4e44d82e,Node_5e66cdb3,Gab,Bitchute,Gab__31,Bitchute__29,
2020-07-17,Node_4e44d82e,Node_5e66cdb3,Gab,Bitchute,Gab__31,Bitchute__29,
2020-03-05,Node_4e44d82e,Node_5e66cdb3,Gab,Bitchute,Gab__31,Bitchute__29,
2019-11-22,Node_3e20e468,Node_5e66cdb3,Gab,Bitchute,Gab__146,Bitchute__29,
2021-05-07,Node_5305395e,Node_5e66cdb3,Bitchute,Bitchute,Bitchute__47,Bitchute__29,
2021-03-04,Node_ba11bbbd,Node_5e66cdb3,Bitchute,Bitchute,Bitchute__34,Bitchute__29,
2020-11-10,Node_922dc05e,Node_5e66cdb3,Twitter,TG,Twitter__2,TG__500,
2021-02-20,Node_fd2f7b6e,Node_30ed85c2,TG,Odysee,TG__503,Odysee__1000416,
2021-02-25,Node_fd2f7b6e,Node_5e66cdb3,TG,Odysee,TG__503,Odysee__1000237,
2021-03-31,Node_fd2f7b6e,Node_854b86cc,TG,Odysee,TG__503,Odysee__1000424,
2021-01-15,Node_fd2f7b6e,Node_5e66cdb3,TG,TG,TG__503,TG__500,
2023-02-11,Node_3e20e468,Node_5e66cdb3,Gab,Bitchute,Gab__146,Bitchute__29,
2021-01-16,Node_a79cda9f,Node_5e66cdb3,TG,Bitchute,TG__316,Bitchute__29,
2020-09-18,Node_fd2f7b6e,Node_5e66cdb3,TG,Bitchute,TG__503,Bitchute__29,
2020-08-07,Node_fd2f7b6e,Node_5e66cdb3,TG,Bitchute,TG__503,Bitchute__29,
2023-02-24,Node_35add1a4,Node_5e66cdb3,Bitchute,Bitchute,Bitchute__147,Bitchute__29,
2022-10-01,Node_35add1a4,Node_5e66cdb3,Bitchute,Bitchute,Bitchute__147,Bitchute__29,
2020-08-21,Node_fd2f7b6e,Node_5e66cdb3,TG,Bitchute,TG__503,Bitchute__29,
2020-11-20,Node_fd2f7b6e,Node_5e66cdb3,TG,Bitchute,TG__503,Bitchute__29,
2021-07-23,Node_fd2f7b6e,Node_5e66cdb3,TG,Bitchute,TG__503,Bitchute__29,
2021-03-20,Node_fd2f7b6e,Node_5e66cdb3,TG,Odysee,TG__503,Odysee__1000237,
2021-03-22,Node_fd2f7b6e,Node_5e66cdb3,TG,Odysee,TG__503,Odysee__1000237,
2021-08-15,Node_fd2f7b6e,Node_5e66cdb3,TG,Odysee,TG__503,Odysee__1000237,
2021-05-14,Node_fd2f7b6e,Node_5e66cdb3,TG,Odysee,TG__503,Odysee__1000237,
2021-04-07,Node_fd2f7b6e,Node_5e66cdb3,TG,Odysee,TG__503,Odysee__1000237,
2021-06-02,Node_fd2f7b6e,Node_5e66cdb3,TG,Odysee,TG__503,Odysee__1000237,
2021-05-05,Node_fd2f7b6e,Node_5e66cdb3,TG,Odysee,TG__503,Odysee__1000237,
2021-04-14,Node_fd2f7b6e,Node_5e66cdb3,TG,Odysee,TG__503,Odysee__1000237,
2021-07-25,Node_fd2f7b6e,Node_5e66cdb3,TG,Odysee,TG__503,Odysee__1000237,
2022-08-13,Node_3e20e468,Node_5e66cdb3,Gab,Odysee,Gab__146,Odysee__1000237,
2021-09-08,Node_cdd4d371,Node_5e66cdb3,Twitter,Odysee,Twitter__27,Odysee__1000237,
2020-08-16,Node_4e44d82e,Node_30ed85c2,Gab,Bitchute,Gab__31,Bitchute__1000138,
2021-08-21,Node_b3fd1be7,Node_5e66cdb3,TG,Bitchute,TG__524,Bitchute__29,
2020-09-06,Node_fd2f7b6e,Node_30ed85c2,TG,Bitchute,TG__503,Bitchute__1000138,
2021-05-22,Node_fd2f7b6e,Node_5e66cdb3,TG,Bitchute,TG__503,Bitchute__29,
2020-08-30,Node_fd2f7b6e,Node_5e66cdb3,TG,Bitchute,TG__503,Bitchute__29,
2022-10-19,Node_5305395e,Node_5e66cdb3,Bitchute,Bitchute,Bitchute__47,Bitchute__29,
2021-08-03,Node_41485d04,Node_d79a0f32,TG,TG,TG__72,TG__1008789,
2023-12-12,Node_8a1ee379,Node_5e66cdb3,Bitchute,Bitchute,Bitchute__167,Bitchute__29,
2020-09-04,Node_fd2f7b6e,Node_5e66cdb3,TG,Bitchute,TG__503,Bitchute__29,
2020-09-11,Node_fd2f7b6e,Node_5e66cdb3,TG,Bitchute,TG__503,Bitchute__29,
2021-01-15,Node_fd2f7b6e,Node_5e66cdb3,TG,Bitchute,TG__503,Bitchute__29,
2021-01-23,Node_62628686,Node_5e66cdb3,TG,Bitchute,TG__99,Bitchute__29,
2021-04-02,Node_fd2f7b6e,Node_5e66cdb3,TG,Bitchute,TG__503,Bitchute__29,
2023-12-12,Node_8a1ee379,Node_5e66cdb3,Bitchute,Bitchute,Bitchute__167,Bitchute__29,
2021-02-19,Node_fd2f7b6e,Node_5e66cdb3,TG,Bitchute,TG__503,Bitchute__29,
2021-03-12,Node_fd2f7b6e,Node_5e66cdb3,TG,Bitchute,TG__503,Bitchute__29,
2021-08-04,Node_fd2f7b6e,Node_5e66cdb3,TG,Odysee,TG__503,Odysee__1000237,
2021-08-18,Node_fd2f7b6e,Node_5e66cdb3,TG,Odysee,TG__503,Odysee__1000237,
2021-07-14,Node_fd2f7b6e,Node_5e66cdb3,TG,Odysee,TG__503,Odysee__1000237,
2021-07-30,Node_fd2f7b6e,Node_5e66cdb3,TG,Odysee,TG__503,Odysee__1000237,
2021-03-27,Node_fd2f7b6e,Node_5e66cdb3,TG,Odysee,TG__503,Odysee__1000237,
2021-04-21,Node_fd2f7b6e,Node_5e66cdb3,TG,Odysee,TG__503,Odysee__1000237,
2021-05-30,Node_fd2f7b6e,Node_5e66cdb3,TG,Odysee,TG__503,Odysee__1000237,
2021-04-28,Node_fd2f7b6e,Node_5e66cdb3,TG,Odysee,TG__503,Odysee__1000237,
2021-04-25,Node_fd2f7b6e,Node_5e66cdb3,TG,Odysee,TG__503,Odysee__1000237,
2021-04-23,Node_fd2f7b6e,Node_5e66cdb3,TG,Odysee,TG__503,Odysee__1000237,
2021-06-16,Node_fd2f7b6e,Node_5e66cdb3,TG,Odysee,TG__503,Odysee__1000237,
2021-03-23,Node_b3fd1be7,Node_5e66cdb3,TG,Odysee,TG__524,Odysee__1000237,
2021-04-30,Node_fd2f7b6e,Node_5e66cdb3,TG,Odysee,TG__503,Odysee__1000237,
2020-07-06,Node_4e44d82e,Node_30ed85c2,Gab,Bitchute,Gab__31,Bitchute__1000138,
2021-06-19,Node_97a99a10,Node_5e66cdb3,Bitchute,Bitchute,Bitchute__101,Bitchute__29,
2021-06-19,Node_97a99a10,Node_5e66cdb3,Bitchute,Bitchute,Bitchute__101,Bitchute__29,
2021-03-28,Node_f4925d78,Node_5e66cdb3,Bitchute,Bitchute,Bitchute__44,Bitchute__29,
2021-06-19,Node_97a99a10,Node_5e66cdb3,Bitchute,Bitchute,Bitchute__101,Bitchute__29,
2022-02-12,Node_97a99a10,Node_5e66cdb3,Bitchute,Bitchute,Bitchute__101,Bitchute__29,
2021-03-10,Node_dfac1701,Node_e3f8b349,TG,TG,TG__158,TG__1001782,
2021-10-18,Node_9f50e6d3,Node_5e66cdb3,Gab,TG,Gab__10,TG__500,
2020-06-04,Node_9f50e6d3,Node_30ed85c2,Gab,TG,Gab__10,TG__482,
2021-12-25,Node_f6a7eb3c,Node_5e66cdb3,Gab,TG,Gab__93,TG__500,
2020-11-12,Node_9f50e6d3,Node_5e66cdb3,Gab,TG,Gab__10,TG__500,
2021-07-31,Node_9f50e6d3,Node_5e66cdb3,Gab,TG,Gab__10,TG__500,
2020-12-23,Node_6d8ae659,Node_f2e29b8b,TG,YouTube,TG__497,YouTube__1226654,
2020-12-23,Node_6d8ae659,Node_f2e29b8b,TG,YouTube,TG__497,YouTube__1226654,
2020-12-23,Node_5e66cdb3,Node_f2e29b8b,TG,YouTube,TG__500,YouTube__1226654,PA
2020-12-28,Node_6d8ae659,Node_f2e29b8b,TG,YouTube,TG__497,YouTube__1226654,
2025-01-03,Node_5e66cdb3,Node_5e66cdb3,TG,Odysee,TG__500,Odysee__1000237,PA
2025-01-08,Node_5e66cdb3,Node_5e66cdb3,TG,Odysee,TG__500,Odysee__1000237,PA
2025-01-03,Node_5e66cdb3,Node_5e66cdb3,TG,Odysee,TG__500,Odysee__1000237,PA
2024-12-09,Node_5e66cdb3,Node_5e66cdb3,TG,Odysee,TG__500,Odysee__1000237,PA
2025-01-01,Node_5e66cdb3,Node_5e66cdb3,TG,Odysee,TG__500,Odysee__1000237,PA
2024-12-08,Node_5e66cdb3,Node_5e66cdb3,TG,Odysee,TG__500,Odysee__1000237,PA
2024-12-28,Node_5e66cdb3,Node_5e66cdb3,TG,Odysee,TG__500,Odysee__1000237,PA
2024-11-22,Node_e3e7ab35,Node_5e66cdb3,TG,Odysee,TG__313,Odysee__1000237,PA
2024-12-27,Node_5e66cdb3,Node_5e66cdb3,TG,Odysee,TG__500,Odysee__1000237,PA
2024-12-13,Node_e3e7ab35,Node_5e66cdb3,TG,Odysee,TG__313,Odysee__1000237,PA
2025-01-01,Node_5e66cdb3,Node_5e66cdb3,TG,Odysee,TG__500,Odysee__1000237,PA
2025-01-05,Node_5e66cdb3,Node_5e66cdb3,TG,Odysee,TG__500,Odysee__1000237,PA
2024-12-04,Node_5e66cdb3,Node_5e66cdb3,TG,Odysee,TG__500,Odysee__1000237,PA
2025-01-02,Node_1b8d2a7a,Node_5e66cdb3,Gab,Odysee,Gab__29,Odysee__1000237,
2025-01-09,Node_5e66cdb3,Node_5e66cdb3,TG,Odysee,TG__500,Odysee__1000237,PA
2024-12-05,Node_e3e7ab35,Node_5e66cdb3,TG,Odysee,TG__313,Odysee__1000237,PA
2024-12-11,Node_5e66cdb3,Node_5e66cdb3,TG,Odysee,TG__500,Odysee__1000237,PA
2024-12-11,Node_5e66cdb3,Node_5e66cdb3,TG,Odysee,TG__500,Odysee__1000237,PA
2024-11-21,Node_e3e7ab35,Node_5e66cdb3,TG,Odysee,TG__313,Odysee__1000237,PA
2025-01-05,Node_5e66cdb3,Node_5e66cdb3,TG,Odysee,TG__500,Odysee__1000237,PA
2024-12-20,Node_5e66cdb3,Node_5e66cdb3,TG,Odysee,TG__500,Odysee__1000237,PA
2024-12-18,Node_5e66cdb3,Node_5e66cdb3,TG,Odysee,TG__500,Odysee__1000237,PA
2024-12-05,Node_5e66cdb3,Node_5e66cdb3,TG,Odysee,TG__500,Odysee__1000237,PA
2024-12-06,Node_5e66cdb3,Node_5e66cdb3,TG,Odysee,TG__500,Odysee__1000237,PA
2024-12-09,Node_e3e7ab35,Node_5e66cdb3,TG,Odysee,TG__313,Odysee__1000237,PA
2024-01-29,Node_6d8ae659,Node_30ed85c2,TG,TG,TG__497,TG__482,
2020-05-31,Node_427d5b30,Node_5e66cdb3,Gab,Bitchute,Gab__5,Bitchute__29,
2020-05-31,Node_0d2904b3,Node_5e66cdb3,Gab,Bitchute,Gab__87,Bitchute__29,
2020-08-14,Node_9f50e6d3,Node_5e66cdb3,Gab,Bitchute,Gab__10,Bitchute__29,
2021-05-01,Node_9f50e6d3,Node_5e66cdb3,Gab,Bitchute,Gab__10,Bitchute__29,
2020-06-05,Node_9f50e6d3,Node_5e66cdb3,Gab,Bitchute,Gab__10,Bitchute__29,
2020-02-27,Node_24915fb5,Node_5e66cdb3,Gab,Bitchute,Gab__20,Bitchute__29,
2020-02-27,Node_427d5b30,Node_5e66cdb3,Gab,Bitchute,Gab__5,Bitchute__29,
2020-03-05,Node_427d5b30,Node_5e66cdb3,Gab,Bitchute,Gab__5,Bitchute__29,
2020-03-05,Node_24915fb5,Node_5e66cdb3,Gab,Bitchute,Gab__20,Bitchute__29,
2020-03-12,Node_24915fb5,Node_5e66cdb3,Gab,Bitchute,Gab__20,Bitchute__29,
2020-03-12,Node_427d5b30,Node_5e66cdb3,Gab,Bitchute,Gab__5,Bitchute__29,
2020-03-12,Node_9f50e6d3,Node_5e66cdb3,Gab,Bitchute,Gab__10,Bitchute__29,
2020-03-12,Node_9f50e6d3,Node_5e66cdb3,Gab,Bitchute,Gab__10,Bitchute__29,
2020-04-11,Node_0d2904b3,Node_5e66cdb3,Gab,Bitchute,Gab__87,Bitchute__29,
2020-04-16,Node_0d2904b3,Node_5e66cdb3,Gab,Bitchute,Gab__87,Bitchute__29,
2019-11-22,Node_24915fb5,Node_5e66cdb3,Gab,Bitchute,Gab__20,Bitchute__29,
2019-11-22,Node_0d2904b3,Node_5e66cdb3,Gab,Bitchute,Gab__87,Bitchute__29,
2021-01-21,Node_5e66cdb3,Node_5e66cdb3,TG,Bitchute,TG__500,Bitchute__29,PA
2021-02-04,Node_5e66cdb3,Node_5e66cdb3,TG,Bitchute,TG__500,Bitchute__29,PA
2021-02-18,Node_5e66cdb3,Node_5e66cdb3,TG,Bitchute,TG__500,Bitchute__29,PA
2019-11-08,Node_5e66cdb3,Node_5e66cdb3,TG,Bitchute,TG__500,Bitchute__29,PA
2021-02-25,Node_5e66cdb3,Node_5e66cdb3,TG,Bitchute,TG__500,Bitchute__29,PA
2021-03-01,Node_5e66cdb3,Node_5e66cdb3,TG,Bitchute,TG__500,Bitchute__29,PA
2021-03-05,Node_5e66cdb3,Node_5e66cdb3,TG,Bitchute,TG__500,Bitchute__29,PA
2021-03-16,Node_5e66cdb3,Node_5e66cdb3,TG,Bitchute,TG__500,Bitchute__29,PA
2019-11-21,Node_5e66cdb3,Node_5e66cdb3,TG,Bitchute,TG__500,Bitchute__29,PA
2021-04-26,Node_5e66cdb3,Node_5e66cdb3,TG,Bitchute,TG__500,Bitchute__29,PA
2019-12-12,Node_5e66cdb3,Node_5e66cdb3,TG,Bitchute,TG__500,Bitchute__29,PA
2020-01-16,Node_5e66cdb3,Node_5e66cdb3,TG,Bitchute,TG__500,Bitchute__29,PA
2020-01-23,Node_5e66cdb3,Node_5e66cdb3,TG,Bitchute,TG__500,Bitchute__29,PA
2020-02-06,Node_5e66cdb3,Node_5e66cdb3,TG,Bitchute,TG__500,Bitchute__29,PA
2020-03-26,Node_5e66cdb3,Node_5e66cdb3,TG,Bitchute,TG__500,Bitchute__29,PA
2020-04-02,Node_5e66cdb3,Node_5e66cdb3,TG,Bitchute,TG__500,Bitchute__29,PA
2020-04-16,Node_5e66cdb3,Node_5e66cdb3,TG,Bitchute,TG__500,Bitchute__29,PA
2020-04-23,Node_5e66cdb3,Node_5e66cdb3,TG,Bitchute,TG__500,Bitchute__29,PA
2020-05-22,Node_5e66cdb3,Node_5e66cdb3,TG,Bitchute,TG__500,Bitchute__29,PA
2020-06-11,Node_5e66cdb3,Node_5e66cdb3,TG,Bitchute,TG__500,Bitchute__29,PA
2020-06-12,Node_5e66cdb3,Node_5e66cdb3,TG,Bitchute,TG__500,Bitchute__29,PA
2020-06-18,Node_5e66cdb3,Node_5e66cdb3,TG,Bitchute,TG__500,Bitchute__29,PA
2020-06-25,Node_5e66cdb3,Node_5e66cdb3,TG,Bitchute,TG__500,Bitchute__29,PA
2020-07-02,Node_5e66cdb3,Node_5e66cdb3,TG,Bitchute,TG__500,Bitchute__29,PA
2020-07-11,Node_5e66cdb3,Node_5e66cdb3,TG,Bitchute,TG__500,Bitchute__29,PA
2020-07-16,Node_5e66cdb3,Node_5e66cdb3,TG,Bitchute,TG__500,Bitchute__29,PA
2020-07-23,Node_5e66cdb3,Node_5e66cdb3,TG,Bitchute,TG__500,Bitchute__29,PA
2020-07-24,Node_5e66cdb3,Node_5e66cdb3,TG,Bitchute,TG__500,Bitchute__29,PA
2020-07-30,Node_5e66cdb3,Node_5e66cdb3,TG,Bitchute,TG__500,Bitchute__29,PA
2020-08-06,Node_5e66cdb3,Node_5e66cdb3,TG,Bitchute,TG__500,Bitchute__29,PA
2020-08-13,Node_5e66cdb3,Node_5e66cdb3,TG,Bitchute,TG__500,Bitchute__29,PA
2020-08-30,Node_5e66cdb3,Node_5e66cdb3,TG,Bitchute,TG__500,Bitchute__29,PA
2020-09-03,Node_5e66cdb3,Node_5e66cdb3,TG,Bitchute,TG__500,Bitchute__29,PA
2020-09-24,Node_5e66cdb3,Node_5e66cdb3,TG,Bitchute,TG__500,Bitchute__29,PA
2020-10-01,Node_5e66cdb3,Node_5e66cdb3,TG,Bitchute,TG__500,Bitchute__29,PA
2020-10-02,Node_5e66cdb3,Node_5e66cdb3,TG,Bitchute,TG__500,Bitchute__29,PA
2020-10-08,Node_5e66cdb3,Node_5e66cdb3,TG,Bitchute,TG__500,Bitchute__29,PA
2020-10-15,Node_5e66cdb3,Node_5e66cdb3,TG,Bitchute,TG__500,Bitchute__29,PA
2020-10-22,Node_5e66cdb3,Node_5e66cdb3,TG,Bitchute,TG__500,Bitchute__29,PA
2020-10-29,Node_5e66cdb3,Node_5e66cdb3,TG,Bitchute,TG__500,Bitchute__29,PA
2019-09-30,Node_5e66cdb3,Node_5e66cdb3,TG,Bitchute,TG__500,Bitchute__29,PA
2020-11-03,Node_5e66cdb3,Node_5e66cdb3,TG,Bitchute,TG__500,Bitchute__29,PA
2020-11-05,Node_5e66cdb3,Node_5e66cdb3,TG,Bitchute,TG__500,Bitchute__29,PA
2020-11-19,Node_5e66cdb3,Node_5e66cdb3,TG,Bitchute,TG__500,Bitchute__29,PA
2020-11-26,Node_5e66cdb3,Node_5e66cdb3,TG,Bitchute,TG__500,Bitchute__29,PA
2020-12-04,Node_5e66cdb3,Node_5e66cdb3,TG,Bitchute,TG__500,Bitchute__29,PA
2020-12-10,Node_5e66cdb3,Node_5e66cdb3,TG,Bitchute,TG__500,Bitchute__29,PA
2020-12-17,Node_5e66cdb3,Node_5e66cdb3,TG,Bitchute,TG__500,Bitchute__29,PA
2019-09-05,Node_5e66cdb3,Node_5e66cdb3,TG,Bitchute,TG__500,Bitchute__29,PA
2019-09-12,Node_5e66cdb3,Node_5e66cdb3,TG,Bitchute,TG__500,Bitchute__29,PA
2019-09-19,Node_5e66cdb3,Node_5e66cdb3,TG,Bitchute,TG__500,Bitchute__29,PA
2019-09-23,Node_5e66cdb3,Node_5e66cdb3,TG,Bitchute,TG__500,Bitchute__29,PA
2019-09-26,Node_5e66cdb3,Node_5e66cdb3,TG,Bitchute,TG__500,Bitchute__29,PA
2019-10-01,Node_5e66cdb3,Node_5e66cdb3,TG,Bitchute,TG__500,Bitchute__29,PA
2019-10-03,Node_5e66cdb3,Node_5e66cdb3,TG,Bitchute,TG__500,Bitchute__29,PA
2019-11-28,Node_5e66cdb3,Node_5e66cdb3,TG,Bitchute,TG__500,Bitchute__29,PA
2019-12-05,Node_5e66cdb3,Node_5e66cdb3,TG,Bitchute,TG__500,Bitchute__29,PA
2020-02-20,Node_5e66cdb3,Node_5e66cdb3,TG,Bitchute,TG__500,Bitchute__29,PA
2020-03-05,Node_5e66cdb3,Node_5e66cdb3,TG,Bitchute,TG__500,Bitchute__29,PA
2020-03-19,Node_5e66cdb3,Node_5e66cdb3,TG,Bitchute,TG__500,Bitchute__29,PA
2020-09-10,Node_5e66cdb3,Node_5e66cdb3,TG,Bitchute,TG__500,Bitchute__29,PA
2020-10-22,Node_5e66cdb3,Node_5e66cdb3,TG,Bitchute,TG__500,Bitchute__29,PA
2020-11-12,Node_5e66cdb3,Node_5e66cdb3,TG,Bitchute,TG__500,Bitchute__29,PA
2020-11-20,Node_5e66cdb3,Node_5e66cdb3,TG,Bitchute,TG__500,Bitchute__29,PA
2020-12-24,Node_5e66cdb3,Node_5e66cdb3,TG,Bitchute,TG__500,Bitchute__29,PA
2021-03-18,Node_5e66cdb3,Node_5e66cdb3,TG,Bitchute,TG__500,Bitchute__29,PA
2021-07-28,Node_e3e7ab35,Node_5e66cdb3,TG,Bitchute,TG__313,Bitchute__29,PA
2020-05-14,Node_e3e7ab35,Node_5e66cdb3,TG,Bitchute,TG__313,Bitchute__29,PA
2020-05-16,Node_dfac1701,Node_5e66cdb3,TG,Bitchute,TG__158,Bitchute__29,
2021-01-01,Node_a25e0f9a,Node_5e66cdb3,TG,Bitchute,TG__68,Bitchute__29,
2020-07-24,Node_e3e7ab35,Node_5e66cdb3,TG,Bitchute,TG__313,Bitchute__29,PA
2020-10-02,Node_e3e7ab35,Node_5e66cdb3,TG,Bitchute,TG__313,Bitchute__29,PA
2020-12-10,Node_e3e7ab35,Node_5e66cdb3,TG,Bitchute,TG__313,Bitchute__29,PA
2021-01-09,Node_e3e7ab35,Node_5e66cdb3,TG,Bitchute,TG__313,Bitchute__29,PA
2020-06-26,Node_dfac1701,Node_5e66cdb3,TG,Bitchute,TG__158,Bitchute__29,
2021-06-23,Node_f4925d78,Node_5e66cdb3,Bitchute,Bitchute,Bitchute__44,Bitchute__29,
2021-06-19,Node_97a99a10,Node_5e66cdb3,Bitchute,Bitchute,Bitchute__101,Bitchute__29,
2021-06-19,Node_97a99a10,Node_5e66cdb3,Bitchute,Bitchute,Bitchute__101,Bitchute__29,
2021-07-08,Node_97a99a10,Node_5e66cdb3,Bitchute,Bitchute,Bitchute__101,Bitchute__29,
2021-11-15,Node_e3e7ab35,Node_79604ecf,TG,Odysee,TG__313,Odysee__1000617,PA
2021-08-10,Node_e3e7ab35,Node_854b86cc,TG,Odysee,TG__313,Odysee__1000424,PA
2021-08-10,Node_e3e7ab35,Node_ea45b86f,TG,Odysee,TG__313,Odysee__1000503,PA
2021-08-28,Node_e3e7ab35,Node_854b86cc,TG,Odysee,TG__313,Odysee__1000424,PA
2021-08-08,Node_e3e7ab35,Node_5e66cdb3,TG,Odysee,TG__313,Odysee__1000237,PA
2021-08-11,Node_e3e7ab35,Node_5e66cdb3,TG,Odysee,TG__313,Odysee__1000237,PA
2021-10-11,Node_5e66cdb3,Node_30ed85c2,TG,Odysee,TG__500,Odysee__1000416,PA
2021-03-20,Node_5e66cdb3,Node_5e66cdb3,TG,Odysee,TG__500,Odysee__1000237,PA
2021-07-31,Node_e3e7ab35,Node_5e66cdb3,TG,Odysee,TG__313,Odysee__1000237,PA
2021-05-09,Node_5e66cdb3,Node_5e66cdb3,TG,Odysee,TG__500,Odysee__1000237,PA
2021-07-09,Node_e3e7ab35,Node_5e66cdb3,TG,Odysee,TG__313,Odysee__1000237,PA
2021-08-28,Node_5e66cdb3,Node_854b86cc,TG,Odysee,TG__500,Odysee__1000424,PA
2022-05-26,Node_5e66cdb3,Node_5e66cdb3,TG,Odysee,TG__500,Odysee__1000237,PA
2021-05-03,Node_5e66cdb3,Node_5e66cdb3,TG,Odysee,TG__500,Odysee__1000237,PA
2021-08-10,Node_e3e7ab35,Node_854b86cc,TG,Odysee,TG__313,Odysee__1000424,PA
2021-11-05,Node_e3e7ab35,Node_5e66cdb3,TG,Odysee,TG__313,Odysee__1000237,PA
2022-05-27,Node_5e66cdb3,Node_5e66cdb3,TG,Odysee,TG__500,Odysee__1000237,PA
2022-06-01,Node_5e66cdb3,Node_5e66cdb3,TG,Odysee,TG__500,Odysee__1000237,PA
2022-06-03,Node_5e66cdb3,Node_5e66cdb3,TG,Odysee,TG__500,Odysee__1000237,PA
2022-06-08,Node_5e66cdb3,Node_5e66cdb3,TG,Odysee,TG__500,Odysee__1000237,PA
2022-06-12,Node_5e66cdb3,Node_5e66cdb3,TG,Odysee,TG__500,Odysee__1000237,PA
2022-06-15,Node_5e66cdb3,Node_5e66cdb3,TG,Odysee,TG__500,Odysee__1000237,PA
2022-06-17,Node_5e66cdb3,Node_5e66cdb3,TG,Odysee,TG__500,Odysee__1000237,PA
2022-06-19,Node_5e66cdb3,Node_5e66cdb3,TG,Odysee,TG__500,Odysee__1000237,PA
2022-06-22,Node_5e66cdb3,Node_5e66cdb3,TG,Odysee,TG__500,Odysee__1000237,PA
2022-06-24,Node_5e66cdb3,Node_5e66cdb3,TG,Odysee,TG__500,Odysee__1000237,PA
2022-06-26,Node_5e66cdb3,Node_5e66cdb3,TG,Odysee,TG__500,Odysee__1000237,PA
2022-06-29,Node_5e66cdb3,Node_5e66cdb3,TG,Odysee,TG__500,Odysee__1000237,PA
2022-07-01,Node_5e66cdb3,Node_5e66cdb3,TG,Odysee,TG__500,Odysee__1000237,PA
2022-07-06,Node_5e66cdb3,Node_5e66cdb3,TG,Odysee,TG__500,Odysee__1000237,PA
2022-07-08,Node_5e66cdb3,Node_5e66cdb3,TG,Odysee,TG__500,Odysee__1000237,PA
2022-07-10,Node_5e66cdb3,Node_5e66cdb3,TG,Odysee,TG__500,Odysee__1000237,PA
2020-10-16,Node_6d8ae659,Node_854b86cc,TG,Wikipedia,TG__497,Wikipedia__1013365,
2020-10-16,Node_e3e7ab35,Node_854b86cc,TG,Wikipedia,TG__313,Wikipedia__1013365,PA
2024-06-24,Node_9f50e6d3,Node_30ed85c2,Gab,TG,Gab__10,TG__482,
2024-02-13,Node_5e66cdb3,Node_30ed85c2,TG,TG,TG__500,TG__482,PA
2024-03-10,Node_6d8ae659,Node_30ed85c2,TG,TG,TG__497,TG__482,
2024-09-01,Node_5e66cdb3,Node_5e66cdb3,TG,Odysee,TG__500,Odysee__1000237,PA
2024-09-03,Node_e3e7ab35,Node_854b86cc,TG,Odysee,TG__313,Odysee__1000424,PA
2024-09-05,Node_5e66cdb3,Node_5e66cdb3,TG,Odysee,TG__500,Odysee__1000237,PA
2024-10-25,Node_5e66cdb3,Node_5e66cdb3,TG,Odysee,TG__500,Odysee__1000237,PA
2024-09-22,Node_e3e7ab35,Node_5e66cdb3,TG,Odysee,TG__313,Odysee__1000237,PA
2024-10-28,Node_5e66cdb3,Node_854b86cc,TG,Odysee,TG__500,Odysee__1000424,PA
2024-09-08,Node_5e66cdb3,Node_5e66cdb3,TG,Odysee,TG__500,Odysee__1000237,PA
2024-08-16,Node_5e66cdb3,Node_5e66cdb3,TG,Odysee,TG__500,Odysee__1000237,PA
2024-08-30,Node_5e66cdb3,Node_5e66cdb3,TG,Odysee,TG__500,Odysee__1000237,PA
2024-09-08,Node_5e66cdb3,Node_5e66cdb3,TG,Odysee,TG__500,Odysee__1000237,PA
2024-10-27,Node_5e66cdb3,Node_5e66cdb3,TG,Odysee,TG__500,Odysee__1000237,PA
2024-08-18,Node_5e66cdb3,Node_5e66cdb3,TG,Odysee,TG__500,Odysee__1000237,PA
2024-08-21,Node_5e66cdb3,Node_5e66cdb3,TG,Odysee,TG__500,Odysee__1000237,PA
2024-08-23,Node_5e66cdb3,Node_5e66cdb3,TG,Odysee,TG__500,Odysee__1000237,PA
2024-09-11,Node_e3e7ab35,Node_5e66cdb3,TG,Odysee,TG__313,Odysee__1000237,PA
2024-10-16,Node_5e66cdb3,Node_5e66cdb3,TG,Odysee,TG__500,Odysee__1000237,PA
2024-09-27,Node_e3e7ab35,Node_5e66cdb3,TG,Odysee,TG__313,Odysee__1000237,PA
2024-10-18,Node_5e66cdb3,Node_5e66cdb3,TG,Odysee,TG__500,Odysee__1000237,PA
2024-08-18,Node_5e66cdb3,Node_5e66cdb3,TG,Odysee,TG__500,Odysee__1000237,PA
2024-09-01,Node_5e66cdb3,Node_5e66cdb3,TG,Odysee,TG__500,Odysee__1000237,PA
2024-08-29,Node_5e66cdb3,Node_5e66cdb3,TG,Odysee,TG__500,Odysee__1000237,PA
2024-10-30,Node_5e66cdb3,Node_5e66cdb3,TG,Odysee,TG__500,Odysee__1000237,PA
2024-08-14,Node_5e66cdb3,Node_5e66cdb3,TG,Odysee,TG__500,Odysee__1000237,PA
2024-09-11,Node_5e66cdb3,Node_5e66cdb3,TG,Odysee,TG__500,Odysee__1000237,PA
2024-08-28,Node_5e66cdb3,Node_5e66cdb3,TG,Odysee,TG__500,Odysee__1000237,PA
2024-09-06,Node_5e66cdb3,Node_5e66cdb3,TG,Odysee,TG__500,Odysee__1000237,PA
2024-10-23,Node_5e66cdb3,Node_5e66cdb3,TG,Odysee,TG__500,Odysee__1000237,PA
2024-08-16,Node_5e66cdb3,Node_5e66cdb3,TG,Odysee,TG__500,Odysee__1000237,PA
2024-10-23,Node_5e66cdb3,Node_5e66cdb3,TG,Odysee,TG__500,Odysee__1000237,PA
2024-10-16,Node_5e66cdb3,Node_5e66cdb3,TG,Odysee,TG__500,Odysee__1000237,PA
2024-09-13,Node_5e66cdb3,Node_5e66cdb3,TG,Odysee,TG__500,Odysee__1000237,PA
2024-08-28,Node_5e66cdb3,Node_5e66cdb3,TG,Odysee,TG__500,Odysee__1000237,PA
2024-08-14,Node_5e66cdb3,Node_5e66cdb3,TG,Odysee,TG__500,Odysee__1000237,PA
2024-08-23,Node_5e66cdb3,Node_5e66cdb3,TG,Odysee,TG__500,Odysee__1000237,PA
2024-09-13,Node_5e66cdb3,Node_5e66cdb3,TG,Odysee,TG__500,Odysee__1000237,PA
2024-09-25,Node_e3e7ab35,Node_5e66cdb3,TG,Odysee,TG__313,Odysee__1000237,PA
2024-08-22,Node_5e66cdb3,Node_5e66cdb3,TG,Odysee,TG__500,Odysee__1000237,PA
2024-10-30,Node_5e66cdb3,Node_5e66cdb3,TG,Odysee,TG__500,Odysee__1000237,PA
2024-09-04,Node_5e66cdb3,Node_5e66cdb3,TG,Odysee,TG__500,Odysee__1000237,PA
2024-09-08,Node_5e66cdb3,Node_5e66cdb3,TG,Odysee,TG__500,Odysee__1000237,PA
2024-08-28,Node_e3e7ab35,Node_5e66cdb3,TG,Odysee,TG__313,Odysee__1000237,PA
2024-09-04,Node_e3e7ab35,Node_5e66cdb3,TG,Odysee,TG__313,Odysee__1000237,PA
2024-09-11,Node_5e66cdb3,Node_5e66cdb3,TG,Odysee,TG__500,Odysee__1000237,PA
2024-08-21,Node_5e66cdb3,Node_5e66cdb3,TG,Odysee,TG__500,Odysee__1000237,PA
2024-10-27,Node_5e66cdb3,Node_5e66cdb3,TG,Odysee,TG__500,Odysee__1000237,PA
2024-09-04,Node_5e66cdb3,Node_5e66cdb3,TG,Odysee,TG__500,Odysee__1000237,PA
2022-07-15,Node_5e66cdb3,Node_5e66cdb3,TG,Odysee,TG__500,Odysee__1000237,PA
2024-09-05,Node_5e66cdb3,Node_5e66cdb3,TG,Bitchute,TG__500,Bitchute__29,PA
2024-08-16,Node_5e66cdb3,Node_5e66cdb3,TG,Bitchute,TG__500,Bitchute__29,PA
2024-08-30,Node_5e66cdb3,Node_5e66cdb3,TG,Bitchute,TG__500,Bitchute__29,PA
2024-08-23,Node_5e66cdb3,Node_5e66cdb3,TG,Bitchute,TG__500,Bitchute__29,PA
2024-10-18,Node_5e66cdb3,Node_5e66cdb3,TG,Bitchute,TG__500,Bitchute__29,PA
2024-08-29,Node_5e66cdb3,Node_5e66cdb3,TG,Bitchute,TG__500,Bitchute__29,PA
2024-09-06,Node_5e66cdb3,Node_5e66cdb3,TG,Bitchute,TG__500,Bitchute__29,PA
2024-08-16,Node_5e66cdb3,Node_5e66cdb3,TG,Bitchute,TG__500,Bitchute__29,PA
2024-09-13,Node_5e66cdb3,Node_5e66cdb3,TG,Bitchute,TG__500,Bitchute__29,PA
2024-08-23,Node_5e66cdb3,Node_5e66cdb3,TG,Bitchute,TG__500,Bitchute__29,PA
2024-09-13,Node_5e66cdb3,Node_5e66cdb3,TG,Bitchute,TG__500,Bitchute__29,PA
2022-03-31,Node_6d8ae659,Node_3d20c4c2,TG,Gab,TG__497,Gab__1003879,
2022-08-26,Node_427d5b30,Node_64a1bf65,Gab,Gab,Gab__5,Gab__1003714,
2022-08-30,Node_427d5b30,Node_64a1bf65,Gab,Gab,Gab__5,Gab__1003714,
2022-07-31,Node_5e66cdb3,Node_ea45b86f,TG,TG,TG__500,TG__1004281,PA
2022-05-07,Node_5e66cdb3,Node_c3f68a2c,TG,TG,TG__500,TG__1001709,PA
2022-08-07,Node_5e66cdb3,Node_e3e7ab35,TG,TG,TG__500,TG__313,PA
2022-08-17,Node_5e66cdb3,Node_5e66cdb3,TG,TG,TG__500,TG__500,PA
2022-10-10,Node_5e66cdb3,Node_e3f8b349,TG,TG,TG__500,TG__1001782,PA
2022-10-11,Node_5e66cdb3,Node_e3f8b349,TG,TG,TG__500,TG__1001782,PA
2022-10-31,Node_e3e7ab35,Node_79604ecf,TG,TG,TG__313,TG__1006402,PA
2022-11-01,Node_e3e7ab35,Node_73980c34,TG,TG,TG__313,TG__1006403,PA
2022-11-24,Node_5e66cdb3,Node_5e66cdb3,TG,TG,TG__500,TG__500,PA
2022-12-17,Node_5e66cdb3,Node_30ed85c2,TG,TG,TG__500,TG__482,PA
2022-02-02,Node_6d8ae659,Node_30ed85c2,TG,TG,TG__497,TG__482,
2022-02-07,Node_6d8ae659,Node_5e66cdb3,TG,TG,TG__497,TG__500,
2022-02-14,Node_6d8ae659,Node_5e66cdb3,TG,TG,TG__497,TG__500,
2022-03-06,Node_6d8ae659,Node_5e66cdb3,TG,TG,TG__497,TG__500,
2022-03-18,Node_6d8ae659,Node_e3e7ab35,TG,TG,TG__497,TG__313,
2022-03-25,Node_6d8ae659,Node_5e66cdb3,TG,TG,TG__497,TG__500,
2022-04-12,Node_6d8ae659,Node_30ed85c2,TG,TG,TG__497,TG__482,
2022-04-28,Node_6d8ae659,Node_5e66cdb3,TG,TG,TG__497,TG__500,
2022-04-28,Node_6d8ae659,Node_30ed85c2,TG,TG,TG__497,TG__482,
2022-04-30,Node_6d8ae659,Node_30ed85c2,TG,TG,TG__497,TG__482,
2022-05-04,Node_6d8ae659,Node_30ed85c2,TG,TG,TG__497,TG__482,
2022-05-08,Node_6d8ae659,Node_30ed85c2,TG,TG,TG__497,TG__482,
2022-05-13,Node_6d8ae659,Node_30ed85c2,TG,TG,TG__497,TG__482,
2022-06-22,Node_6d8ae659,Node_c3f68a2c,TG,TG,TG__497,TG__1001709,
2022-07-27,Node_6d8ae659,Node_30ed85c2,TG,TG,TG__497,TG__482,
2022-08-04,Node_6d8ae659,Node_30ed85c2,TG,TG,TG__497,TG__482,
2022-08-06,Node_6d8ae659,Node_30ed85c2,TG,TG,TG__497,TG__482,
2022-08-18,Node_6d8ae659,Node_30ed85c2,TG,TG,TG__497,TG__482,
2022-10-24,Node_6d8ae659,Node_30ed85c2,TG,TG,TG__497,TG__482,
2022-12-16,Node_e3e7ab35,Node_5e66cdb3,TG,TG,TG__313,TG__500,PA
2019-10-31,Node_f5184a56,Node_5e66cdb3,Gab,Bitchute,Gab__7,Bitchute__29,
2019-12-12,Node_0d2904b3,Node_5e66cdb3,Gab,Bitchute,Gab__87,Bitchute__29,
2019-12-12,Node_f5184a56,Node_5e66cdb3,Gab,Bitchute,Gab__7,Bitchute__29,
2019-11-30,Node_0d2904b3,Node_30ed85c2,Gab,Bitchute,Gab__87,Bitchute__1000138,
2019-07-29,Node_9f50e6d3,Node_30ed85c2,Gab,Bitchute,Gab__10,Bitchute__1000138,
2020-01-02,Node_9f50e6d3,Node_5e66cdb3,Gab,Bitchute,Gab__10,Bitchute__29,
2020-02-16,Node_427d5b30,Node_30ed85c2,Gab,Bitchute,Gab__5,Bitchute__1000138,
2020-02-21,Node_f5184a56,Node_5e66cdb3,Gab,Bitchute,Gab__7,Bitchute__29,
2019-10-31,Node_427d5b30,Node_5e66cdb3,Gab,Bitchute,Gab__5,Bitchute__29,
2019-11-02,Node_0d2904b3,Node_5e66cdb3,Gab,Bitchute,Gab__87,Bitchute__29,
2019-09-08,Node_24915fb5,Node_5e66cdb3,Gab,Bitchute,Gab__20,Bitchute__29,
2019-07-01,Node_9f50e6d3,Node_30ed85c2,Gab,Bitchute,Gab__10,Bitchute__1000138,
2019-08-01,Node_9f50e6d3,Node_5e66cdb3,Gab,Bitchute,Gab__10,Bitchute__29,
2019-11-30,Node_24915fb5,Node_30ed85c2,Gab,Bitchute,Gab__20,Bitchute__1000138,
2019-10-19,Node_24915fb5,Node_5e66cdb3,Gab,Bitchute,Gab__20,Bitchute__29,
2019-12-12,Node_427d5b30,Node_5e66cdb3,Gab,Bitchute,Gab__5,Bitchute__29,
2019-11-26,Node_392854bc,Node_30ed85c2,Gab,Bitchute,Gab__112,Bitchute__1000138,
2020-01-19,Node_9f50e6d3,Node_30ed85c2,Gab,Bitchute,Gab__10,Bitchute__1000138,
2019-11-24,Node_9f50e6d3,Node_30ed85c2,Gab,Bitchute,Gab__10,Bitchute__1000138,
2019-11-02,Node_9f50e6d3,Node_5e66cdb3,Gab,Bitchute,Gab__10,Bitchute__29,
2019-12-28,Node_398faf13,Node_5e66cdb3,Gab,Bitchute,Gab__56,Bitchute__29,
2019-09-05,Node_9f50e6d3,Node_30ed85c2,Gab,Bitchute,Gab__10,Bitchute__1000138,
2020-02-06,Node_f5184a56,Node_5e66cdb3,Gab,Bitchute,Gab__7,Bitchute__29,
2019-09-28,Node_427d5b30,Node_5e66cdb3,Gab,Bitchute,Gab__5,Bitchute__29,
2020-02-16,Node_9f50e6d3,Node_5e66cdb3,Gab,Bitchute,Gab__10,Bitchute__29,
2019-06-07,Node_427d5b30,Node_5e66cdb3,Gab,Bitchute,Gab__5,Bitchute__29,
2019-10-19,Node_9f50e6d3,Node_5e66cdb3,Gab,Bitchute,Gab__10,Bitchute__29,
2019-10-19,Node_9f50e6d3,Node_5e66cdb3,Gab,Bitchute,Gab__10,Bitchute__29,
2019-10-24,Node_24915fb5,Node_5e66cdb3,Gab,Bitchute,Gab__20,Bitchute__29,
2019-11-15,Node_9f50e6d3,Node_5e66cdb3,Gab,Bitchute,Gab__10,Bitchute__29,
2019-09-27,Node_0d2904b3,Node_5e66cdb3,Gab,Bitchute,Gab__87,Bitchute__29,
2019-09-21,Node_427d5b30,Node_5e66cdb3,Gab,Bitchute,Gab__5,Bitchute__29,
2019-11-03,Node_1e5270d3,Node_30ed85c2,Gab,Bitchute,Gab__101,Bitchute__1000138,
2020-02-02,Node_9f50e6d3,Node_30ed85c2,Gab,Bitchute,Gab__10,Bitchute__1000138,
2020-01-02,Node_1e5270d3,Node_5e66cdb3,Gab,Bitchute,Gab__101,Bitchute__29,
2020-01-02,Node_0d2904b3,Node_5e66cdb3,Gab,Bitchute,Gab__87,Bitchute__29,
2019-12-12,Node_24915fb5,Node_5e66cdb3,Gab,Bitchute,Gab__20,Bitchute__29,
2019-10-31,Node_1e5270d3,Node_5e66cdb3,Gab,Bitchute,Gab__101,Bitchute__29,
2019-09-21,Node_0d2904b3,Node_5e66cdb3,Gab,Bitchute,Gab__87,Bitchute__29,
2019-09-08,Node_9f50e6d3,Node_5e66cdb3,Gab,Bitchute,Gab__10,Bitchute__29,
2019-08-09,Node_9f50e6d3,Node_5e66cdb3,Gab,Bitchute,Gab__10,Bitchute__29,
2019-12-11,Node_0d2904b3,Node_30ed85c2,Gab,Bitchute,Gab__87,Bitchute__1000138,
2019-11-26,Node_392854bc,Node_30ed85c2,Gab,Bitchute,Gab__112,Bitchute__1000138,
2021-03-28,Node_9f50e6d3,Node_5e66cdb3,Gab,Odysee,Gab__10,Odysee__1000237,
2021-08-23,Node_9f50e6d3,Node_5e66cdb3,Gab,Odysee,Gab__10,Odysee__1000237,
2021-05-27,Node_9f50e6d3,Node_5e66cdb3,Gab,Odysee,Gab__10,Odysee__1000237,
2021-04-13,Node_9f50e6d3,Node_30ed85c2,Gab,Odysee,Gab__10,Odysee__1000416,
2021-11-20,Node_9f50e6d3,Node_5e66cdb3,Gab,Odysee,Gab__10,Odysee__1000237,
2021-05-07,Node_9f50e6d3,Node_5e66cdb3,Gab,Odysee,Gab__10,Odysee__1000237,
2021-04-27,Node_9f50e6d3,Node_5e66cdb3,Gab,Odysee,Gab__10,Odysee__1000237,
2020-08-24,Node_9f50e6d3,Node_30ed85c2,Gab,Bitchute,Gab__10,Bitchute__1000138,
2020-08-27,Node_9f50e6d3,Node_30ed85c2,Gab,Bitchute,Gab__10,Bitchute__1000138,
2020-08-27,Node_9f50e6d3,Node_30ed85c2,Gab,Bitchute,Gab__10,Bitchute__1000138,
2020-08-28,Node_9f50e6d3,Node_30ed85c2,Gab,Bitchute,Gab__10,Bitchute__1000138,
2020-08-30,Node_9f50e6d3,Node_5e66cdb3,Gab,Bitchute,Gab__10,Bitchute__29,
2020-08-30,Node_9f50e6d3,Node_5e66cdb3,Gab,Bitchute,Gab__10,Bitchute__29,
2021-12-27,Node_9f50e6d3,Node_5e66cdb3,Gab,Bitchute,Gab__10,Bitchute__29,
2021-02-12,Node_a75c2102,Node_5e66cdb3,FB,Bitchute,FB__58,Bitchute__29,
2020-10-11,Node_9f50e6d3,Node_30ed85c2,Gab,Bitchute,Gab__10,Bitchute__1000138,
2020-07-13,Node_427d5b30,Node_30ed85c2,Gab,Bitchute,Gab__5,Bitchute__1000138,
2020-07-13,Node_0d2904b3,Node_30ed85c2,Gab,Bitchute,Gab__87,Bitchute__1000138,
2020-08-07,Node_9f50e6d3,Node_5e66cdb3,Gab,Bitchute,Gab__10,Bitchute__29,
2020-02-26,Node_9f50e6d3,Node_5e66cdb3,Gab,Bitchute,Gab__10,Bitchute__29,
2020-02-26,Node_9f50e6d3,Node_30ed85c2,Gab,Bitchute,Gab__10,Bitchute__1000138,
2020-02-27,Node_0d2904b3,Node_5e66cdb3,Gab,Bitchute,Gab__87,Bitchute__29,
2020-02-27,Node_398faf13,Node_5e66cdb3,Gab,Bitchute,Gab__56,Bitchute__29,
2020-02-27,Node_9f50e6d3,Node_5e66cdb3,Gab,Bitchute,Gab__10,Bitchute__29,
2021-03-10,Node_9f50e6d3,Node_5e66cdb3,Gab,Bitchute,Gab__10,Bitchute__29,
2021-03-11,Node_9f50e6d3,Node_5e66cdb3,Gab,Bitchute,Gab__10,Bitchute__29,
2021-04-02,Node_9f50e6d3,Node_5e66cdb3,Gab,Bitchute,Gab__10,Bitchute__29,
2020-05-04,Node_6d8ae659,Node_30ed85c2,TG,Bitchute,TG__497,Bitchute__1000138,
2020-08-24,Node_6d8ae659,Node_30ed85c2,TG,Bitchute,TG__497,Bitchute__1000138,
2020-11-05,Node_6d8ae659,Node_5e66cdb3,TG,Bitchute,TG__497,Bitchute__29,
2020-11-20,Node_6d8ae659,Node_5e66cdb3,TG,Bitchute,TG__497,Bitchute__29,
2021-03-01,Node_6d8ae659,Node_5e66cdb3,TG,Bitchute,TG__497,Bitchute__29,
2020-02-13,Node_6d8ae659,Node_5e66cdb3,TG,Bitchute,TG__497,Bitchute__29,
2021-06-19,Node_97a99a10,Node_5e66cdb3,Bitchute,Bitchute,Bitchute__101,Bitchute__29,
2021-07-04,Node_97a99a10,Node_5e66cdb3,Bitchute,Bitchute,Bitchute__101,Bitchute__29,
2021-06-19,Node_97a99a10,Node_5e66cdb3,Bitchute,Bitchute,Bitchute__101,Bitchute__29,
2021-03-22,Node_9f50e6d3,Node_5f04d110,Gab,Gab,Gab__10,Gab__284,
2020-05-05,Node_e3e7ab35,Node_5f04d110,TG,Gab,TG__313,Gab__284,PA
2020-05-05,Node_6d8ae659,Node_5f04d110,TG,Gab,TG__497,Gab__284,
2021-08-08,Node_9f50e6d3,Node_5e66cdb3,Gab,TG,Gab__10,TG__500,
2021-08-08,Node_9f50e6d3,Node_e3e7ab35,Gab,TG,Gab__10,TG__313,
2021-08-09,Node_9f50e6d3,Node_e3e7ab35,Gab,TG,Gab__10,TG__313,
2021-08-09,Node_9f50e6d3,Node_e3e7ab35,Gab,TG,Gab__10,TG__313,
2021-08-09,Node_9f50e6d3,Node_e3e7ab35,Gab,TG,Gab__10,TG__313,
2021-08-09,Node_9f50e6d3,Node_e3e7ab35,Gab,TG,Gab__10,TG__313,
2021-08-09,Node_9f50e6d3,Node_e3e7ab35,Gab,TG,Gab__10,TG__313,
2021-08-09,Node_9f50e6d3,Node_e3e7ab35,Gab,TG,Gab__10,TG__313,
2021-08-09,Node_9f50e6d3,Node_5e66cdb3,Gab,TG,Gab__10,TG__500,
2021-08-09,Node_9f50e6d3,Node_e3e7ab35,Gab,TG,Gab__10,TG__313,
2021-08-19,Node_9f50e6d3,Node_30ed85c2,Gab,TG,Gab__10,TG__482,
2021-09-01,Node_9f50e6d3,Node_30ed85c2,Gab,TG,Gab__10,TG__482,
2021-09-04,Node_f6a7eb3c,Node_5e66cdb3,Gab,TG,Gab__93,TG__500,
2021-06-06,Node_e3e7ab35,Node_5e66cdb3,TG,TG,TG__313,TG__500,PA
2021-02-19,Node_5e66cdb3,Node_30ed85c2,TG,TG,TG__500,TG__482,PA
2021-07-05,Node_5e66cdb3,Node_e3e7ab35,TG,TG,TG__500,TG__313,PA
2021-06-13,Node_6d8ae659,Node_5e66cdb3,TG,TG,TG__497,TG__500,
2020-03-18,Node_6d8ae659,Node_5e66cdb3,TG,TG,TG__497,TG__500,
2021-04-26,Node_2e755024,Node_30ed85c2,TG,TG,TG__499,TG__482,
2019-12-27,Node_47afdbe6,Node_5e66cdb3,TG,TG,TG__516,TG__500,
2021-10-03,Node_e3e7ab35,Node_e3e7ab35,TG,TG,TG__313,TG__313,PA
2021-10-31,Node_e3e7ab35,Node_30ed85c2,TG,TG,TG__313,TG__482,PA
2021-11-01,Node_e3e7ab35,Node_30ed85c2,TG,TG,TG__313,TG__482,PA
2021-11-04,Node_e3e7ab35,Node_e3e7ab35,TG,TG,TG__313,TG__313,PA
2021-12-29,Node_e3e7ab35,Node_5e66cdb3,TG,TG,TG__313,TG__500,PA
2022-01-09,Node_e3e7ab35,Node_5e66cdb3,TG,TG,TG__313,TG__500,PA
2022-01-16,Node_e3e7ab35,Node_5e66cdb3,TG,TG,TG__313,TG__500,PA
2022-11-26,Node_e3e7ab35,Node_21345e53,TG,TG,TG__313,TG__1001447,PA
2021-02-12,Node_e3e7ab35,Node_e3e7ab35,TG,TG,TG__313,TG__313,PA
2021-01-12,Node_5e66cdb3,Node_5e66cdb3,TG,TG,TG__500,TG__500,PA
2022-02-14,Node_6d8ae659,Node_79604ecf,TG,TG,TG__497,TG__1006402,
2022-02-26,Node_5e66cdb3,Node_5e66cdb3,TG,TG,TG__500,TG__500,PA
2023-06-28,Node_5e66cdb3,Node_5e66cdb3,TG,TG,TG__500,TG__500,PA
2023-07-21,Node_5e66cdb3,Node_5e66cdb3,TG,TG,TG__500,TG__500,PA
2023-07-24,Node_e3e7ab35,Node_73980c34,TG,TG,TG__313,TG__1006403,PA
2023-07-25,Node_5e66cdb3,Node_73980c34,TG,TG,TG__500,TG__1006403,PA
2021-11-29,Node_e3e7ab35,Node_30ed85c2,TG,TG,TG__313,TG__482,PA
2022-10-06,Node_5e66cdb3,Node_5e66cdb3,TG,TG,TG__500,TG__500,PA
2022-06-13,Node_5e66cdb3,Node_c3f68a2c,TG,TG,TG__500,TG__1001709,PA
2023-07-04,Node_e3e7ab35,Node_e3e7ab35,TG,TG,TG__313,TG__313,PA
2021-01-16,Node_e3e7ab35,Node_5e66cdb3,TG,TG,TG__313,TG__500,PA
2023-05-01,Node_5e66cdb3,Node_4330ae55,TG,TG,TG__500,TG__1004167,PA
2023-02-20,Node_5e66cdb3,Node_30ed85c2,TG,TG,TG__500,TG__482,PA
2019-11-15,Node_5e66cdb3,Node_5e66cdb3,TG,Bitchute,TG__500,Bitchute__29,PA
2023-11-09,Node_427d5b30,Node_5e66cdb3,Gab,Bitchute,Gab__5,Bitchute__29,
2022-08-13,Node_e3e7ab35,Node_5e66cdb3,TG,Bitchute,TG__313,Bitchute__29,PA
2021-10-22,Node_e3e7ab35,Node_5e66cdb3,TG,Bitchute,TG__313,Bitchute__29,PA
2021-06-04,Node_5e66cdb3,Node_5e66cdb3,TG,Bitchute,TG__500,Bitchute__29,PA
2021-01-29,Node_e3e7ab35,Node_5e66cdb3,TG,Bitchute,TG__313,Bitchute__29,PA
2021-08-06,Node_e3e7ab35,Node_5e66cdb3,TG,Bitchute,TG__313,Bitchute__29,PA
2023-08-18,Node_e3e7ab35,Node_5e66cdb3,TG,Bitchute,TG__313,Bitchute__29,PA
2022-03-18,Node_5e66cdb3,Node_5e66cdb3,TG,Bitchute,TG__500,Bitchute__29,PA
2022-07-08,Node_5e66cdb3,Node_5e66cdb3,TG,Bitchute,TG__500,Bitchute__29,PA
2021-04-02,Node_5e66cdb3,Node_5e66cdb3,TG,Bitchute,TG__500,Bitchute__29,PA
2023-07-28,Node_5e66cdb3,Node_5e66cdb3,TG,Bitchute,TG__500,Bitchute__29,PA
2023-09-01,Node_5e66cdb3,Node_5e66cdb3,TG,Bitchute,TG__500,Bitchute__29,PA
2021-04-02,Node_e3e7ab35,Node_5e66cdb3,TG,Bitchute,TG__313,Bitchute__29,PA
2022-11-25,Node_5e66cdb3,Node_5e66cdb3,TG,Bitchute,TG__500,Bitchute__29,PA
2021-03-12,Node_5e66cdb3,Node_5e66cdb3,TG,Bitchute,TG__500,Bitchute__29,PA
2021-12-11,Node_5e66cdb3,Node_5e66cdb3,TG,Bitchute,TG__500,Bitchute__29,PA
2023-03-10,Node_5e66cdb3,Node_5e66cdb3,TG,Bitchute,TG__500,Bitchute__29,PA
2023-12-01,Node_5e66cdb3,Node_5e66cdb3,TG,Bitchute,TG__500,Bitchute__29,PA
2021-02-05,Node_e3e7ab35,Node_5e66cdb3,TG,Bitchute,TG__313,Bitchute__29,PA
2022-11-04,Node_5e66cdb3,Node_5e66cdb3,TG,Bitchute,TG__500,Bitchute__29,PA
2021-10-15,Node_5e66cdb3,Node_5e66cdb3,TG,Bitchute,TG__500,Bitchute__29,PA
2023-09-15,Node_5e66cdb3,Node_5e66cdb3,TG,Bitchute,TG__500,Bitchute__29,PA
2021-04-15,Node_5e66cdb3,Node_5e66cdb3,TG,Bitchute,TG__500,Bitchute__29,PA
2021-01-23,Node_43f48a59,Node_5e66cdb3,TG,Bitchute,TG__259,Bitchute__29,
2021-07-09,Node_e3e7ab35,Node_5e66cdb3,TG,Bitchute,TG__313,Bitchute__29,PA
2022-04-01,Node_5e66cdb3,Node_5e66cdb3,TG,Bitchute,TG__500,Bitchute__29,PA
2023-06-30,Node_5e66cdb3,Node_5e66cdb3,TG,Bitchute,TG__500,Bitchute__29,PA
2021-07-16,Node_e3e7ab35,Node_30ed85c2,TG,Bitchute,TG__313,Bitchute__1000138,PA
2021-10-01,Node_e3e7ab35,Node_5e66cdb3,TG,Bitchute,TG__313,Bitchute__29,PA
2022-09-23,Node_e3e7ab35,Node_5e66cdb3,TG,Bitchute,TG__313,Bitchute__29,PA
2023-09-08,Node_e3e7ab35,Node_5e66cdb3,TG,Bitchute,TG__313,Bitchute__29,PA
2022-01-07,Node_e3e7ab35,Node_5e66cdb3,TG,Bitchute,TG__313,Bitchute__29,PA
2021-01-28,Node_5e66cdb3,Node_5e66cdb3,TG,Bitchute,TG__500,Bitchute__29,PA
2021-08-29,Node_5e66cdb3,Node_5e66cdb3,TG,Bitchute,TG__500,Bitchute__29,PA
2021-09-17,Node_5e66cdb3,Node_5e66cdb3,TG,Bitchute,TG__500,Bitchute__29,PA
2023-09-29,Node_5e66cdb3,Node_5e66cdb3,TG,Bitchute,TG__500,Bitchute__29,PA
2023-07-28,Node_e3e7ab35,Node_5e66cdb3,TG,Bitchute,TG__313,Bitchute__29,PA
2022-08-17,Node_5e66cdb3,Node_5e66cdb3,TG,Bitchute,TG__500,Bitchute__29,PA
2022-01-14,Node_5e66cdb3,Node_5e66cdb3,TG,Bitchute,TG__500,Bitchute__29,PA
2020-09-04,Node_5e66cdb3,Node_5e66cdb3,TG,Bitchute,TG__500,Bitchute__29,PA
2020-10-16,Node_e3e7ab35,Node_5e66cdb3,TG,Bitchute,TG__313,Bitchute__29,PA
2021-02-19,Node_5e66cdb3,Node_5e66cdb3,TG,Bitchute,TG__500,Bitchute__29,PA
2021-06-12,Node_6d8ae659,Node_5e66cdb3,TG,Bitchute,TG__497,Bitchute__29,
2023-03-10,Node_5e66cdb3,Node_5e66cdb3,TG,Bitchute,TG__500,Bitchute__29,PA
2023-07-21,Node_5e66cdb3,Node_5e66cdb3,TG,Bitchute,TG__500,Bitchute__29,PA
2023-06-16,Node_e3e7ab35,Node_5e66cdb3,TG,Bitchute,TG__313,Bitchute__29,PA
2023-11-10,Node_5e66cdb3,Node_5e66cdb3,TG,Bitchute,TG__500,Bitchute__29,PA
2021-07-16,Node_5e66cdb3,Node_5e66cdb3,TG,Bitchute,TG__500,Bitchute__29,PA
2023-03-17,Node_5e66cdb3,Node_5e66cdb3,TG,Bitchute,TG__500,Bitchute__29,PA
2022-09-09,Node_5e66cdb3,Node_5e66cdb3,TG,Bitchute,TG__500,Bitchute__29,PA
2021-11-05,Node_e3e7ab35,Node_5e66cdb3,TG,Bitchute,TG__313,Bitchute__29,PA
2023-05-04,Node_5e66cdb3,Node_5e66cdb3,TG,Bitchute,TG__500,Bitchute__29,PA
2021-03-25,Node_43f48a59,Node_5e66cdb3,TG,Bitchute,TG__259,Bitchute__29,
2021-09-27,Node_5e66cdb3,Node_5e66cdb3,TG,Bitchute,TG__500,Bitchute__29,PA
2021-12-17,Node_5e66cdb3,Node_5e66cdb3,TG,Bitchute,TG__500,Bitchute__29,PA
2023-02-17,Node_5e66cdb3,Node_5e66cdb3,TG,Bitchute,TG__500,Bitchute__29,PA
2023-08-11,Node_5e66cdb3,Node_5e66cdb3,TG,Bitchute,TG__500,Bitchute__29,PA
2022-12-23,Node_5e66cdb3,Node_5e66cdb3,TG,Bitchute,TG__500,Bitchute__29,PA
2021-04-23,Node_5e66cdb3,Node_5e66cdb3,TG,Bitchute,TG__500,Bitchute__29,PA
2023-09-22,Node_5e66cdb3,Node_5e66cdb3,TG,Bitchute,TG__500,Bitchute__29,PA
2021-05-07,Node_5e66cdb3,Node_5e66cdb3,TG,Bitchute,TG__500,Bitchute__29,PA
2023-07-02,Node_9f50e6d3,Node_5e66cdb3,Gab,Bitchute,Gab__10,Bitchute__29,
2022-10-02,Node_e3e7ab35,Node_79604ecf,TG,YouTube,TG__313,YouTube__1372150,PA
2021-03-26,Node_4f96b14d,Node_5e66cdb3,TG,Odysee,TG__34,Odysee__1000237,
2021-04-27,Node_5e66cdb3,Node_5e66cdb3,TG,Odysee,TG__500,Odysee__1000237,PA
2021-08-15,Node_5e66cdb3,Node_5e66cdb3,TG,Odysee,TG__500,Odysee__1000237,PA
2021-12-10,Node_5e66cdb3,Node_5e66cdb3,TG,Odysee,TG__500,Odysee__1000237,PA
2021-11-23,Node_e3e7ab35,Node_854b86cc,TG,Odysee,TG__313,Odysee__1000424,PA
2021-09-16,Node_5e66cdb3,Node_5e66cdb3,TG,Odysee,TG__500,Odysee__1000237,PA
2021-12-16,Node_e3e7ab35,Node_ea45b86f,TG,Odysee,TG__313,Odysee__1000503,PA
2021-08-10,Node_e3e7ab35,Node_854b86cc,TG,Odysee,TG__313,Odysee__1000424,PA
2021-08-10,Node_e3e7ab35,Node_854b86cc,TG,Odysee,TG__313,Odysee__1000424,PA
2021-07-04,Node_e3e7ab35,Node_5e66cdb3,TG,Odysee,TG__313,Odysee__1000237,PA
2021-08-02,Node_5e66cdb3,Node_5e66cdb3,TG,Odysee,TG__500,Odysee__1000237,PA
2021-07-07,Node_5e66cdb3,Node_5e66cdb3,TG,Odysee,TG__500,Odysee__1000237,PA
2021-12-09,Node_e3e7ab35,Node_5e66cdb3,TG,Odysee,TG__313,Odysee__1000237,PA
2021-08-08,Node_5e66cdb3,Node_5e66cdb3,TG,Odysee,TG__500,Odysee__1000237,PA
2021-09-25,Node_5e66cdb3,Node_5e66cdb3,TG,Odysee,TG__500,Odysee__1000237,PA
2021-09-16,Node_e3e7ab35,Node_5e66cdb3,TG,Odysee,TG__313,Odysee__1000237,PA
2022-02-10,Node_5e66cdb3,Node_5e66cdb3,TG,Odysee,TG__500,Odysee__1000237,PA
2021-03-27,Node_5e66cdb3,Node_5e66cdb3,TG,Odysee,TG__500,Odysee__1000237,PA
2022-02-19,Node_5e66cdb3,Node_5e66cdb3,TG,Odysee,TG__500,Odysee__1000237,PA
2022-02-21,Node_5e66cdb3,Node_5e66cdb3,TG,Odysee,TG__500,Odysee__1000237,PA
2022-03-10,Node_5e66cdb3,Node_5e66cdb3,TG,Odysee,TG__500,Odysee__1000237,PA
2022-03-11,Node_5e66cdb3,Node_5e66cdb3,TG,Odysee,TG__500,Odysee__1000237,PA
2022-03-13,Node_5e66cdb3,Node_5e66cdb3,TG,Odysee,TG__500,Odysee__1000237,PA
2022-03-16,Node_5e66cdb3,Node_5e66cdb3,TG,Odysee,TG__500,Odysee__1000237,PA
2022-03-18,Node_5e66cdb3,Node_5e66cdb3,TG,Odysee,TG__500,Odysee__1000237,PA
2021-09-08,Node_5e66cdb3,Node_5e66cdb3,TG,Odysee,TG__500,Odysee__1000237,PA
2022-05-25,Node_5e66cdb3,Node_5e66cdb3,TG,Odysee,TG__500,Odysee__1000237,PA
2023-03-30,Node_5e66cdb3,Node_854b86cc,TG,Odysee,TG__500,Odysee__1000424,PA
2023-06-14,Node_5e66cdb3,Node_5e66cdb3,TG,Odysee,TG__500,Odysee__1000237,PA
2023-11-03,Node_5e66cdb3,Node_5e66cdb3,TG,Odysee,TG__500,Odysee__1000237,PA
2022-07-11,Node_5e66cdb3,Node_30ed85c2,TG,Odysee,TG__500,Odysee__1000416,PA
2023-08-30,Node_e3e7ab35,Node_5e66cdb3,TG,Odysee,TG__313,Odysee__1000237,PA
2021-05-14,Node_5e66cdb3,Node_5e66cdb3,TG,Odysee,TG__500,Odysee__1000237,PA
2021-06-29,Node_5e66cdb3,Node_5e66cdb3,TG,Odysee,TG__500,Odysee__1000237,PA
2023-09-20,Node_5e66cdb3,Node_5e66cdb3,TG,Odysee,TG__500,Odysee__1000237,PA
2021-04-03,Node_5e66cdb3,Node_5e66cdb3,TG,Odysee,TG__500,Odysee__1000237,PA
2022-09-02,Node_5e66cdb3,Node_5e66cdb3,TG,Odysee,TG__500,Odysee__1000237,PA
2023-08-04,Node_5e66cdb3,Node_5e66cdb3,TG,Odysee,TG__500,Odysee__1000237,PA
2023-10-20,Node_e3e7ab35,Node_854b86cc,TG,Odysee,TG__313,Odysee__1000424,PA
2021-09-13,Node_5e66cdb3,Node_30ed85c2,TG,Odysee,TG__500,Odysee__1000416,PA
2023-10-19,Node_e3e7ab35,Node_854b86cc,TG,Odysee,TG__313,Odysee__1000424,PA
2023-11-16,Node_5e66cdb3,Node_5e66cdb3,TG,Odysee,TG__500,Odysee__1000237,PA
2023-06-19,Node_e3e7ab35,Node_854b86cc,TG,Odysee,TG__313,Odysee__1000424,PA
2022-02-18,Node_5e66cdb3,Node_5e66cdb3,TG,Odysee,TG__500,Odysee__1000237,PA
2022-11-06,Node_e3e7ab35,Node_854b86cc,TG,Odysee,TG__313,Odysee__1000424,PA
2022-05-02,Node_5e66cdb3,Node_30ed85c2,TG,Odysee,TG__500,Odysee__1000416,PA
2021-07-21,Node_e3e7ab35,Node_5e66cdb3,TG,Odysee,TG__313,Odysee__1000237,PA
2023-10-13,Node_5e66cdb3,Node_5e66cdb3,TG,Odysee,TG__500,Odysee__1000237,PA
2023-06-04,Node_5e66cdb3,Node_5e66cdb3,TG,Odysee,TG__500,Odysee__1000237,PA
2022-04-11,Node_5e66cdb3,Node_30ed85c2,TG,Odysee,TG__500,Odysee__1000416,PA
2023-05-10,Node_e3e7ab35,Node_5e66cdb3,TG,Odysee,TG__313,Odysee__1000237,PA
2023-10-09,Node_5e66cdb3,Node_30ed85c2,TG,Odysee,TG__500,Odysee__1000416,PA
2023-02-11,Node_e3e7ab35,Node_854b86cc,TG,Odysee,TG__313,Odysee__1000424,PA
2021-08-29,Node_5e66cdb3,Node_5e66cdb3,TG,Odysee,TG__500,Odysee__1000237,PA
2023-10-27,Node_5e66cdb3,Node_5e66cdb3,TG,Odysee,TG__500,Odysee__1000237,PA
2021-06-06,Node_5e66cdb3,Node_5e66cdb3,TG,Odysee,TG__500,Odysee__1000237,PA
2023-10-13,Node_5e66cdb3,Node_5e66cdb3,TG,Odysee,TG__500,Odysee__1000237,PA
2021-07-18,Node_e3e7ab35,Node_5e66cdb3,TG,Odysee,TG__313,Odysee__1000237,PA
2023-05-11,Node_5e66cdb3,Node_5e66cdb3,TG,Odysee,TG__500,Odysee__1000237,PA
2023-01-26,Node_e3e7ab35,Node_5e66cdb3,TG,Odysee,TG__313,Odysee__1000237,PA
2022-05-02,Node_e3e7ab35,Node_30ed85c2,TG,Odysee,TG__313,Odysee__1000416,PA
2023-04-26,Node_e3e7ab35,Node_5e66cdb3,TG,Odysee,TG__313,Odysee__1000237,PA
2022-03-11,Node_e3e7ab35,Node_5e66cdb3,TG,Odysee,TG__313,Odysee__1000237,PA
2022-05-13,Node_5e66cdb3,Node_5e66cdb3,TG,Odysee,TG__500,Odysee__1000237,PA
2021-06-20,Node_5e66cdb3,Node_5e66cdb3,TG,Odysee,TG__500,Odysee__1000237,PA
2023-05-24,Node_5e66cdb3,Node_5e66cdb3,TG,Odysee,TG__500,Odysee__1000237,PA
2022-09-21,Node_5e66cdb3,Node_5e66cdb3,TG,Odysee,TG__500,Odysee__1000237,PA
2021-08-10,Node_e3e7ab35,Node_854b86cc,TG,Odysee,TG__313,Odysee__1000424,PA
2021-08-15,Node_e3e7ab35,Node_5e66cdb3,TG,Odysee,TG__313,Odysee__1000237,PA
2023-12-03,Node_5e66cdb3,Node_5e66cdb3,TG,Odysee,TG__500,Odysee__1000237,PA
2023-09-08,Node_5e66cdb3,Node_5e66cdb3,TG,Odysee,TG__500,Odysee__1000237,PA
2021-11-07,Node_5e66cdb3,Node_30ed85c2,TG,Odysee,TG__500,Odysee__1000416,PA
2022-12-18,Node_5e66cdb3,Node_5e66cdb3,TG,Odysee,TG__500,Odysee__1000237,PA
2021-08-27,Node_5e66cdb3,Node_5e66cdb3,TG,Odysee,TG__500,Odysee__1000237,PA
2021-06-27,Node_e3e7ab35,Node_5e66cdb3,TG,Odysee,TG__313,Odysee__1000237,PA
2023-07-21,Node_e3e7ab35,Node_854b86cc,TG,Odysee,TG__313,Odysee__1000424,PA
2023-08-02,Node_5e66cdb3,Node_5e66cdb3,TG,Odysee,TG__500,Odysee__1000237,PA
2022-12-09,Node_5e66cdb3,Node_5e66cdb3,TG,Odysee,TG__500,Odysee__1000237,PA
2023-12-29,Node_5e66cdb3,Node_5e66cdb3,TG,Odysee,TG__500,Odysee__1000237,PA
2021-08-27,Node_e3e7ab35,Node_5e66cdb3,TG,Odysee,TG__313,Odysee__1000237,PA
2023-08-13,Node_e3e7ab35,Node_854b86cc,TG,Odysee,TG__313,Odysee__1000424,PA
2021-11-17,Node_e3e7ab35,Node_5e66cdb3,TG,Odysee,TG__313,Odysee__1000237,PA
2022-06-17,Node_e3e7ab35,Node_5e66cdb3,TG,Odysee,TG__313,Odysee__1000237,PA
2021-11-10,Node_e3e7ab35,Node_5e66cdb3,TG,Odysee,TG__313,Odysee__1000237,PA
2023-10-30,Node_5e66cdb3,Node_30ed85c2,TG,Odysee,TG__500,Odysee__1000416,PA
2021-09-20,Node_5e66cdb3,Node_5e66cdb3,TG,Odysee,TG__500,Odysee__1000237,PA
2023-05-17,Node_5e66cdb3,Node_5e66cdb3,TG,Odysee,TG__500,Odysee__1000237,PA
2023-01-04,Node_e3e7ab35,Node_5e66cdb3,TG,Odysee,TG__313,Odysee__1000237,PA
2023-01-18,Node_e3e7ab35,Node_854b86cc,TG,Odysee,TG__313,Odysee__1000424,PA
2023-04-16,Node_5e66cdb3,Node_5e66cdb3,TG,Odysee,TG__500,Odysee__1000237,PA
2022-11-07,Node_e3e7ab35,Node_854b86cc,TG,Odysee,TG__313,Odysee__1000424,PA
2023-10-14,Node_9f50e6d3,Node_5e66cdb3,Gab,Odysee,Gab__10,Odysee__1000237,
2023-10-29,Node_5e66cdb3,Node_5e66cdb3,TG,Odysee,TG__500,Odysee__1000237,PA
2023-09-27,Node_5e66cdb3,Node_5e66cdb3,TG,Odysee,TG__500,Odysee__1000237,PA
2023-12-15,Node_5e66cdb3,Node_5e66cdb3,TG,Odysee,TG__500,Odysee__1000237,PA
2022-09-28,Node_5e66cdb3,Node_5e66cdb3,TG,Odysee,TG__500,Odysee__1000237,PA
2022-04-24,Node_5e66cdb3,Node_5e66cdb3,TG,Odysee,TG__500,Odysee__1000237,PA
2023-07-19,Node_e3e7ab35,Node_5e66cdb3,TG,Odysee,TG__313,Odysee__1000237,PA
2022-01-31,Node_5e66cdb3,Node_30ed85c2,TG,Odysee,TG__500,Odysee__1000416,PA
2023-10-20,Node_5e66cdb3,Node_854b86cc,TG,Odysee,TG__500,Odysee__1000424,PA
2022-08-14,Node_5e66cdb3,Node_5e66cdb3,TG,Odysee,TG__500,Odysee__1000237,PA
2022-01-02,Node_5e66cdb3,Node_5e66cdb3,TG,Odysee,TG__500,Odysee__1000237,PA
2023-11-12,Node_5e66cdb3,Node_5e66cdb3,TG,Odysee,TG__500,Odysee__1000237,PA
2022-06-01,Node_5e66cdb3,Node_5e66cdb3,TG,Odysee,TG__500,Odysee__1000237,PA
2023-07-30,Node_5e66cdb3,Node_5e66cdb3,TG,Odysee,TG__500,Odysee__1000237,PA
2023-06-21,Node_e3e7ab35,Node_5e66cdb3,TG,Odysee,TG__313,Odysee__1000237,PA
2023-04-05,Node_5e66cdb3,Node_5e66cdb3,TG,Odysee,TG__500,Odysee__1000237,PA
2023-01-27,Node_5e66cdb3,Node_5e66cdb3,TG,Odysee,TG__500,Odysee__1000237,PA
2023-12-21,Node_5e66cdb3,Node_5e66cdb3,TG,Odysee,TG__500,Odysee__1000237,PA
2023-06-11,Node_5e66cdb3,Node_5e66cdb3,TG,Odysee,TG__500,Odysee__1000237,PA
2023-10-02,Node_e3e7ab35,Node_30ed85c2,TG,Odysee,TG__313,Odysee__1000416,PA
2021-09-24,Node_5e66cdb3,Node_5e66cdb3,TG,Odysee,TG__500,Odysee__1000237,PA
2022-03-02,Node_5e66cdb3,Node_5e66cdb3,TG,Odysee,TG__500,Odysee__1000237,PA
2021-09-06,Node_5e66cdb3,Node_30ed85c2,TG,Odysee,TG__500,Odysee__1000416,PA
2023-07-07,Node_e3e7ab35,Node_5e66cdb3,TG,Odysee,TG__313,Odysee__1000237,PA
2023-02-17,Node_5e66cdb3,Node_30ed85c2,TG,Odysee,TG__500,Odysee__1000416,PA
2022-11-28,Node_5e66cdb3,Node_30ed85c2,TG,Odysee,TG__500,Odysee__1000416,PA
2021-04-07,Node_5e66cdb3,Node_5e66cdb3,TG,Odysee,TG__500,Odysee__1000237,PA
2022-05-15,Node_5e66cdb3,Node_5e66cdb3,TG,Odysee,TG__500,Odysee__1000237,PA
2021-11-21,Node_5e66cdb3,Node_5e66cdb3,TG,Odysee,TG__500,Odysee__1000237,PA
2022-03-27,Node_e3e7ab35,Node_5e66cdb3,TG,Odysee,TG__313,Odysee__1000237,PA
2022-05-01,Node_e3e7ab35,Node_5e66cdb3,TG,Odysee,TG__313,Odysee__1000237,PA
2023-08-18,Node_5e66cdb3,Node_5e66cdb3,TG,Odysee,TG__500,Odysee__1000237,PA
2023-12-28,Node_e3e7ab35,Node_5e66cdb3,TG,Odysee,TG__313,Odysee__1000237,PA
2021-08-02,Node_5e66cdb3,Node_30ed85c2,TG,Odysee,TG__500,Odysee__1000416,PA
2021-09-15,Node_5e66cdb3,Node_5e66cdb3,TG,Odysee,TG__500,Odysee__1000237,PA
2023-05-24,Node_e3e7ab35,Node_5e66cdb3,TG,Odysee,TG__313,Odysee__1000237,PA
2023-01-20,Node_5e66cdb3,Node_5e66cdb3,TG,Odysee,TG__500,Odysee__1000237,PA
2023-07-04,Node_5e66cdb3,Node_854b86cc,TG,Odysee,TG__500,Odysee__1000424,PA
2023-06-11,Node_e3e7ab35,Node_854b86cc,TG,Odysee,TG__313,Odysee__1000424,PA
2021-04-07,Node_5e66cdb3,Node_5e66cdb3,TG,Odysee,TG__500,Odysee__1000237,PA
2023-11-03,Node_5e66cdb3,Node_5e66cdb3,TG,Odysee,TG__500,Odysee__1000237,PA
2022-05-18,Node_5e66cdb3,Node_5e66cdb3,TG,Odysee,TG__500,Odysee__1000237,PA
2023-06-05,Node_e3e7ab35,Node_30ed85c2,TG,Odysee,TG__313,Odysee__1000416,PA
2021-08-10,Node_e3e7ab35,Node_854b86cc,TG,Odysee,TG__313,Odysee__1000424,PA
2023-09-27,Node_5e66cdb3,Node_5e66cdb3,TG,Odysee,TG__500,Odysee__1000237,PA
2023-01-06,Node_5e66cdb3,Node_5e66cdb3,TG,Odysee,TG__500,Odysee__1000237,PA
2022-05-19,Node_5e66cdb3,Node_30ed85c2,TG,Odysee,TG__500,Odysee__1000416,PA
2023-08-15,Node_5e66cdb3,Node_5e66cdb3,TG,Odysee,TG__500,Odysee__1000237,PA
2022-04-24,Node_e3e7ab35,Node_5e66cdb3,TG,Odysee,TG__313,Odysee__1000237,PA
2021-11-08,Node_5e66cdb3,Node_30ed85c2,TG,Odysee,TG__500,Odysee__1000416,PA
2022-02-28,Node_e3e7ab35,Node_30ed85c2,TG,Odysee,TG__313,Odysee__1000416,PA
2023-05-18,Node_5e66cdb3,Node_5e66cdb3,TG,Odysee,TG__500,Odysee__1000237,PA
2023-12-22,Node_5e66cdb3,Node_5e66cdb3,TG,Odysee,TG__500,Odysee__1000237,PA
2021-09-22,Node_5e66cdb3,Node_5e66cdb3,TG,Odysee,TG__500,Odysee__1000237,PA
2022-09-19,Node_e3e7ab35,Node_30ed85c2,TG,Odysee,TG__313,Odysee__1000416,PA
2022-11-27,Node_5e66cdb3,Node_5e66cdb3,TG,Odysee,TG__500,Odysee__1000237,PA
2023-07-13,Node_5e66cdb3,Node_5e66cdb3,TG,Odysee,TG__500,Odysee__1000237,PA
2022-05-20,Node_5e66cdb3,Node_5e66cdb3,TG,Odysee,TG__500,Odysee__1000237,PA
2022-08-23,Node_6d8ae659,Node_79604ecf,TG,Odysee,TG__497,Odysee__1000617,
2023-09-20,Node_5e66cdb3,Node_30ed85c2,TG,Odysee,TG__500,Odysee__1000416,PA
2023-03-06,Node_e3e7ab35,Node_854b86cc,TG,Odysee,TG__313,Odysee__1000424,PA
2022-11-18,Node_5e66cdb3,Node_5e66cdb3,TG,Odysee,TG__500,Odysee__1000237,PA
2022-06-26,Node_5e66cdb3,Node_5e66cdb3,TG,Odysee,TG__500,Odysee__1000237,PA
2023-03-12,Node_5e66cdb3,Node_5e66cdb3,TG,Odysee,TG__500,Odysee__1000237,PA
2021-07-15,Node_e3e7ab35,Node_854b86cc,TG,Odysee,TG__313,Odysee__1000424,PA
2022-05-13,Node_6d8ae659,Node_5e66cdb3,TG,Odysee,TG__497,Odysee__1000237,
2022-02-13,Node_5e66cdb3,Node_5e66cdb3,TG,Odysee,TG__500,Odysee__1000237,PA
2021-11-07,Node_e3e7ab35,Node_30ed85c2,TG,Odysee,TG__313,Odysee__1000416,PA
2023-01-16,Node_e3e7ab35,Node_854b86cc,TG,Odysee,TG__313,Odysee__1000424,PA
2021-08-25,Node_e3e7ab35,Node_5e66cdb3,TG,Odysee,TG__313,Odysee__1000237,PA
2023-03-22,Node_5e66cdb3,Node_5e66cdb3,TG,Odysee,TG__500,Odysee__1000237,PA
2023-05-05,Node_e3e7ab35,Node_5e66cdb3,TG,Odysee,TG__313,Odysee__1000237,PA
2023-05-19,Node_5e66cdb3,Node_5e66cdb3,TG,Odysee,TG__500,Odysee__1000237,PA
2022-05-22,Node_5e66cdb3,Node_5e66cdb3,TG,Odysee,TG__500,Odysee__1000237,PA
2023-02-08,Node_5e66cdb3,Node_5e66cdb3,TG,Odysee,TG__500,Odysee__1000237,PA
2023-03-12,Node_5e66cdb3,Node_5e66cdb3,TG,Odysee,TG__500,Odysee__1000237,PA
2021-09-15,Node_5e66cdb3,Node_5e66cdb3,TG,Odysee,TG__500,Odysee__1000237,PA
2022-03-14,Node_5e66cdb3,Node_30ed85c2,TG,Odysee,TG__500,Odysee__1000416,PA
2023-12-30,Node_e3e7ab35,Node_5e66cdb3,TG,Odysee,TG__313,Odysee__1000237,PA
2023-06-16,Node_5e66cdb3,Node_5e66cdb3,TG,Odysee,TG__500,Odysee__1000237,PA
2021-06-05,Node_5e66cdb3,Node_5e66cdb3,TG,Odysee,TG__500,Odysee__1000237,PA
2022-07-31,Node_5e66cdb3,Node_5e66cdb3,TG,Odysee,TG__500,Odysee__1000237,PA
2021-12-01,Node_5e66cdb3,Node_5e66cdb3,TG,Odysee,TG__500,Odysee__1000237,PA
2022-08-24,Node_0db5e598,Node_5e66cdb3,TG,Odysee,TG__84,Odysee__1000237,
2022-04-25,Node_5e66cdb3,Node_30ed85c2,TG,Odysee,TG__500,Odysee__1000416,PA
2023-08-09,Node_5e66cdb3,Node_5e66cdb3,TG,Odysee,TG__500,Odysee__1000237,PA
2021-08-18,Node_5e66cdb3,Node_5e66cdb3,TG,Odysee,TG__500,Odysee__1000237,PA
2021-09-13,Node_5e66cdb3,Node_5e66cdb3,TG,Odysee,TG__500,Odysee__1000237,PA
2023-11-03,Node_e3e7ab35,Node_5e66cdb3,TG,Odysee,TG__313,Odysee__1000237,PA
2022-12-28,Node_5e66cdb3,Node_5e66cdb3,TG,Odysee,TG__500,Odysee__1000237,PA
2021-04-07,Node_e3e7ab35,Node_5e66cdb3,TG,Odysee,TG__313,Odysee__1000237,PA
2022-06-19,Node_5e66cdb3,Node_5e66cdb3,TG,Odysee,TG__500,Odysee__1000237,PA
2023-06-26,Node_e3e7ab35,Node_30ed85c2,TG,Odysee,TG__313,Odysee__1000416,PA
2022-11-06,Node_5e66cdb3,Node_5e66cdb3,TG,Odysee,TG__500,Odysee__1000237,PA
2023-03-10,Node_5e66cdb3,Node_5e66cdb3,TG,Odysee,TG__500,Odysee__1000237,PA
2023-03-29,Node_e3e7ab35,Node_5e66cdb3,TG,Odysee,TG__313,Odysee__1000237,PA
2023-02-03,Node_e3e7ab35,Node_5e66cdb3,TG,Odysee,TG__313,Odysee__1000237,PA
2022-08-22,Node_e3e7ab35,Node_30ed85c2,TG,Odysee,TG__313,Odysee__1000416,PA
2023-05-21,Node_e3e7ab35,Node_854b86cc,TG,Odysee,TG__313,Odysee__1000424,PA
2022-05-25,Node_e3e7ab35,Node_5e66cdb3,TG,Odysee,TG__313,Odysee__1000237,PA
2022-11-09,Node_5e66cdb3,Node_5e66cdb3,TG,Odysee,TG__500,Odysee__1000237,PA
2023-10-18,Node_5e66cdb3,Node_854b86cc,TG,Odysee,TG__500,Odysee__1000424,PA
2023-09-24,Node_5e66cdb3,Node_5e66cdb3,TG,Odysee,TG__500,Odysee__1000237,PA
2022-01-31,Node_e3e7ab35,Node_c3f68a2c,TG,Odysee,TG__313,Odysee__1000798,PA
2023-02-12,Node_5e66cdb3,Node_854b86cc,TG,Odysee,TG__500,Odysee__1000424,PA
2023-08-15,Node_e3e7ab35,Node_854b86cc,TG,Odysee,TG__313,Odysee__1000424,PA
2022-05-10,Node_e3e7ab35,Node_5e66cdb3,TG,Odysee,TG__313,Odysee__1000237,PA
2021-05-05,Node_5e66cdb3,Node_5e66cdb3,TG,Odysee,TG__500,Odysee__1000237,PA
2021-09-23,Node_5e66cdb3,Node_5e66cdb3,TG,Odysee,TG__500,Odysee__1000237,PA
2023-11-01,Node_5e66cdb3,Node_5e66cdb3,TG,Odysee,TG__500,Odysee__1000237,PA
2023-07-21,Node_5e66cdb3,Node_5e66cdb3,TG,Odysee,TG__500,Odysee__1000237,PA
2023-07-12,Node_5e66cdb3,Node_5e66cdb3,TG,Odysee,TG__500,Odysee__1000237,PA
2023-08-30,Node_5e66cdb3,Node_5e66cdb3,TG,Odysee,TG__500,Odysee__1000237,PA
2023-10-22,Node_e3e7ab35,Node_5e66cdb3,TG,Odysee,TG__313,Odysee__1000237,PA
2023-10-22,Node_e3e7ab35,Node_5e66cdb3,TG,Odysee,TG__313,Odysee__1000237,PA
2022-12-30,Node_e3e7ab35,Node_5e66cdb3,TG,Odysee,TG__313,Odysee__1000237,PA
2023-02-22,Node_5e66cdb3,Node_5e66cdb3,TG,Odysee,TG__500,Odysee__1000237,PA
2023-07-05,Node_5e66cdb3,Node_5e66cdb3,TG,Odysee,TG__500,Odysee__1000237,PA
2023-06-16,Node_e3e7ab35,Node_5e66cdb3,TG,Odysee,TG__313,Odysee__1000237,PA
2023-11-10,Node_5e66cdb3,Node_5e66cdb3,TG,Odysee,TG__500,Odysee__1000237,PA
2021-04-05,Node_5e66cdb3,Node_5e66cdb3,TG,Odysee,TG__500,Odysee__1000237,PA
2022-09-05,Node_5e66cdb3,Node_30ed85c2,TG,Odysee,TG__500,Odysee__1000416,PA
2021-11-03,Node_5e66cdb3,Node_5e66cdb3,TG,Odysee,TG__500,Odysee__1000237,PA
2023-11-09,Node_5e66cdb3,Node_5e66cdb3,TG,Odysee,TG__500,Odysee__1000237,PA
2021-04-26,Node_5e66cdb3,Node_5e66cdb3,TG,Odysee,TG__500,Odysee__1000237,PA
2023-03-17,Node_5e66cdb3,Node_5e66cdb3,TG,Odysee,TG__500,Odysee__1000237,PA
2021-08-11,Node_5e66cdb3,Node_5e66cdb3,TG,Odysee,TG__500,Odysee__1000237,PA
2023-05-31,Node_5e66cdb3,Node_5e66cdb3,TG,Odysee,TG__500,Odysee__1000237,PA
2023-03-19,Node_e3e7ab35,Node_854b86cc,TG,Odysee,TG__313,Odysee__1000424,PA
2022-09-09,Node_5e66cdb3,Node_5e66cdb3,TG,Odysee,TG__500,Odysee__1000237,PA
2021-09-04,Node_5e66cdb3,Node_5e66cdb3,TG,Odysee,TG__500,Odysee__1000237,PA
2022-08-03,Node_5e66cdb3,Node_5e66cdb3,TG,Odysee,TG__500,Odysee__1000237,PA
2022-12-18,Node_e3e7ab35,Node_5e66cdb3,TG,Odysee,TG__313,Odysee__1000237,PA
2023-08-30,Node_e3e7ab35,Node_5e66cdb3,TG,Odysee,TG__313,Odysee__1000237,PA
2023-06-07,Node_9f50e6d3,Node_5e66cdb3,Gab,Odysee,Gab__10,Odysee__1000237,
2023-05-12,Node_5e66cdb3,Node_5e66cdb3,TG,Odysee,TG__500,Odysee__1000237,PA
2022-03-06,Node_e3e7ab35,Node_5e66cdb3,TG,Odysee,TG__313,Odysee__1000237,PA
2021-10-10,Node_5e66cdb3,Node_5e66cdb3,TG,Odysee,TG__500,Odysee__1000237,PA
2023-02-12,Node_9f50e6d3,Node_5e66cdb3,Gab,Odysee,Gab__10,Odysee__1000237,
2022-11-20,Node_5e66cdb3,Node_5e66cdb3,TG,Odysee,TG__500,Odysee__1000237,PA
2021-11-05,Node_e3e7ab35,Node_5e66cdb3,TG,Odysee,TG__313,Odysee__1000237,PA
2023-11-01,Node_e3e7ab35,Node_5e66cdb3,TG,Odysee,TG__313,Odysee__1000237,PA
2023-03-01,Node_e3e7ab35,Node_854b86cc,TG,Odysee,TG__313,Odysee__1000424,PA
2023-05-04,Node_5e66cdb3,Node_5e66cdb3,TG,Odysee,TG__500,Odysee__1000237,PA
2023-10-16,Node_e3e7ab35,Node_30ed85c2,TG,Odysee,TG__313,Odysee__1000416,PA
2021-09-01,Node_5e66cdb3,Node_5e66cdb3,TG,Odysee,TG__500,Odysee__1000237,PA
2021-09-19,Node_e3e7ab35,Node_5e66cdb3,TG,Odysee,TG__313,Odysee__1000237,PA
2023-04-16,Node_5e66cdb3,Node_5e66cdb3,TG,Odysee,TG__500,Odysee__1000237,PA
2021-08-29,Node_5e66cdb3,Node_5e66cdb3,TG,Odysee,TG__500,Odysee__1000237,PA
2021-09-26,Node_5e66cdb3,Node_5e66cdb3,TG,Odysee,TG__500,Odysee__1000237,PA
2022-04-04,Node_5e66cdb3,Node_30ed85c2,TG,Odysee,TG__500,Odysee__1000416,PA
2023-05-24,Node_5e66cdb3,Node_5e66cdb3,TG,Odysee,TG__500,Odysee__1000237,PA
2023-04-12,Node_e3e7ab35,Node_5e66cdb3,TG,Odysee,TG__313,Odysee__1000237,PA
2022-09-04,Node_5e66cdb3,Node_5e66cdb3,TG,Odysee,TG__500,Odysee__1000237,PA
2023-11-24,Node_5e66cdb3,Node_5e66cdb3,TG,Odysee,TG__500,Odysee__1000237,PA
2021-08-23,Node_5e66cdb3,Node_30ed85c2,TG,Odysee,TG__500,Odysee__1000416,PA
2022-01-28,Node_e3e7ab35,Node_5e66cdb3,TG,Odysee,TG__313,Odysee__1000237,PA
2021-11-06,Node_e3e7ab35,Node_854b86cc,TG,Odysee,TG__313,Odysee__1000424,PA
2021-08-30,Node_e3e7ab35,Node_854b86cc,TG,Odysee,TG__313,Odysee__1000424,PA
2023-07-09,Node_5e66cdb3,Node_5e66cdb3,TG,Odysee,TG__500,Odysee__1000237,PA
2022-09-25,Node_e3e7ab35,Node_5e66cdb3,TG,Odysee,TG__313,Odysee__1000237,PA
2022-03-14,Node_6d8ae659,Node_854b86cc,TG,Odysee,TG__497,Odysee__1000424,
2023-03-15,Node_5e66cdb3,Node_5e66cdb3,TG,Odysee,TG__500,Odysee__1000237,PA
2023-11-01,Node_e3e7ab35,Node_5e66cdb3,TG,Odysee,TG__313,Odysee__1000237,PA
2023-08-18,Node_0db5e598,Node_5e66cdb3,TG,Odysee,TG__84,Odysee__1000237,
2021-04-11,Node_5e66cdb3,Node_5e66cdb3,TG,Odysee,TG__500,Odysee__1000237,PA
2023-12-02,Node_5e66cdb3,Node_5e66cdb3,TG,Odysee,TG__500,Odysee__1000237,PA
2023-05-14,Node_5e66cdb3,Node_5e66cdb3,TG,Odysee,TG__500,Odysee__1000237,PA
2022-05-22,Node_5e66cdb3,Node_5e66cdb3,TG,Odysee,TG__500,Odysee__1000237,PA
2022-03-06,Node_5e66cdb3,Node_5e66cdb3,TG,Odysee,TG__500,Odysee__1000237,PA
2023-11-21,Node_e3e7ab35,Node_30ed85c2,TG,Odysee,TG__313,Odysee__1000416,PA
2021-09-19,Node_5e66cdb3,Node_5e66cdb3,TG,Odysee,TG__500,Odysee__1000237,PA
2023-03-20,Node_e3e7ab35,Node_30ed85c2,TG,Odysee,TG__313,Odysee__1000416,PA
2022-12-24,Node_e3e7ab35,Node_854b86cc,TG,Odysee,TG__313,Odysee__1000424,PA
2023-11-26,Node_5e66cdb3,Node_5e66cdb3,TG,Odysee,TG__500,Odysee__1000237,PA
2022-11-09,Node_e3e7ab35,Node_5e66cdb3,TG,Odysee,TG__313,Odysee__1000237,PA
2022-09-05,Node_e3e7ab35,Node_30ed85c2,TG,Odysee,TG__313,Odysee__1000416,PA
2023-09-08,Node_5e66cdb3,Node_5e66cdb3,TG,Odysee,TG__500,Odysee__1000237,PA
2022-09-11,Node_5e66cdb3,Node_5e66cdb3,TG,Odysee,TG__500,Odysee__1000237,PA
2021-10-17,Node_5e66cdb3,Node_5e66cdb3,TG,Odysee,TG__500,Odysee__1000237,PA
2021-08-02,Node_5e66cdb3,Node_5e66cdb3,TG,Odysee,TG__500,Odysee__1000237,PA
2022-06-17,Node_5e66cdb3,Node_5e66cdb3,TG,Odysee,TG__500,Odysee__1000237,PA
2022-01-31,Node_e3e7ab35,Node_30ed85c2,TG,Odysee,TG__313,Odysee__1000416,PA
2023-11-23,Node_5e66cdb3,Node_5e66cdb3,TG,Odysee,TG__500,Odysee__1000237,PA
2022-01-16,Node_5e66cdb3,Node_5e66cdb3,TG,Odysee,TG__500,Odysee__1000237,PA
2023-01-16,Node_e3e7ab35,Node_854b86cc,TG,Odysee,TG__313,Odysee__1000424,PA
2023-02-26,Node_5e66cdb3,Node_5e66cdb3,TG,Odysee,TG__500,Odysee__1000237,PA
2022-08-10,Node_5e66cdb3,Node_5e66cdb3,TG,Odysee,TG__500,Odysee__1000237,PA
2023-08-23,Node_5e66cdb3,Node_5e66cdb3,TG,Odysee,TG__500,Odysee__1000237,PA
2023-12-27,Node_5e66cdb3,Node_5e66cdb3,TG,Odysee,TG__500,Odysee__1000237,PA
2023-04-30,Node_e3e7ab35,Node_5e66cdb3,TG,Odysee,TG__313,Odysee__1000237,PA
2021-06-03,Node_5e66cdb3,Node_5e66cdb3,TG,Odysee,TG__500,Odysee__1000237,PA
2021-11-19,Node_e3e7ab35,Node_5e66cdb3,TG,Odysee,TG__313,Odysee__1000237,PA
2023-05-10,Node_5e66cdb3,Node_5e66cdb3,TG,Odysee,TG__500,Odysee__1000237,PA
2021-10-10,Node_e3e7ab35,Node_5e66cdb3,TG,Odysee,TG__313,Odysee__1000237,PA
2023-12-07,Node_5e66cdb3,Node_5e66cdb3,TG,Odysee,TG__500,Odysee__1000237,PA
2023-09-20,Node_5e66cdb3,Node_5e66cdb3,TG,Odysee,TG__500,Odysee__1000237,PA
2023-09-06,Node_5e66cdb3,Node_5e66cdb3,TG,Odysee,TG__500,Odysee__1000237,PA
2022-08-27,Node_5e66cdb3,Node_79604ecf,TG,Odysee,TG__500,Odysee__1000617,PA
2021-11-19,Node_5e66cdb3,Node_5e66cdb3,TG,Odysee,TG__500,Odysee__1000237,PA
2021-11-13,Node_5e66cdb3,Node_5e66cdb3,TG,Odysee,TG__500,Odysee__1000237,PA
2022-11-06,Node_5e66cdb3,Node_854b86cc,TG,Odysee,TG__500,Odysee__1000424,PA
2021-08-18,Node_e3e7ab35,Node_5e66cdb3,TG,Odysee,TG__313,Odysee__1000237,PA
2023-05-02,Node_9f50e6d3,Node_5e66cdb3,Gab,Odysee,Gab__10,Odysee__1000237,
2021-08-30,Node_5e66cdb3,Node_5e66cdb3,TG,Odysee,TG__500,Odysee__1000237,PA
2023-10-25,Node_e3e7ab35,Node_5e66cdb3,TG,Odysee,TG__313,Odysee__1000237,PA
2022-08-16,Node_5e66cdb3,Node_854b86cc,TG,Odysee,TG__500,Odysee__1000424,PA
2023-07-19,Node_e3e7ab35,Node_854b86cc,TG,Odysee,TG__313,Odysee__1000424,PA
2021-11-07,Node_5e66cdb3,Node_5e66cdb3,TG,Odysee,TG__500,Odysee__1000237,PA
2021-09-13,Node_5e66cdb3,Node_30ed85c2,TG,Odysee,TG__500,Odysee__1000416,PA
2023-09-01,Node_e3e7ab35,Node_5e66cdb3,TG,Odysee,TG__313,Odysee__1000237,PA
2023-10-04,Node_e3e7ab35,Node_5e66cdb3,TG,Odysee,TG__313,Odysee__1000237,PA
2023-07-26,Node_5e66cdb3,Node_5e66cdb3,TG,Odysee,TG__500,Odysee__1000237,PA
2022-05-19,Node_5e66cdb3,Node_30ed85c2,TG,Odysee,TG__500,Odysee__1000416,PA
2023-09-13,Node_e3e7ab35,Node_5e66cdb3,TG,Odysee,TG__313,Odysee__1000237,PA
2021-08-30,Node_5e66cdb3,Node_30ed85c2,TG,Odysee,TG__500,Odysee__1000416,PA
2022-03-27,Node_5e66cdb3,Node_5e66cdb3,TG,Odysee,TG__500,Odysee__1000237,PA
2023-06-21,Node_5e66cdb3,Node_5e66cdb3,TG,Odysee,TG__500,Odysee__1000237,PA
2021-07-07,Node_5e66cdb3,Node_5e66cdb3,TG,Odysee,TG__500,Odysee__1000237,PA
2022-02-16,Node_e3e7ab35,Node_5e66cdb3,TG,Odysee,TG__313,Odysee__1000237,PA
2022-04-13,Node_5e66cdb3,Node_5e66cdb3,TG,Odysee,TG__500,Odysee__1000237,PA
2022-11-02,Node_e3e7ab35,Node_5e66cdb3,TG,Odysee,TG__313,Odysee__1000237,PA
2023-05-25,Node_e3e7ab35,Node_854b86cc,TG,Odysee,TG__313,Odysee__1000424,PA
2021-05-28,Node_5e66cdb3,Node_5e66cdb3,TG,Odysee,TG__500,Odysee__1000237,PA
2020-04-29,Node_d3a4793a,Node_5f04d110,Gab,Gab,Gab__89,Gab__284,
2021-07-14,Node_96021df0,Node_5e66cdb3,TG,TG,TG__50,TG__500,
2021-07-17,Node_96021df0,Node_30ed85c2,TG,TG,TG__50,TG__482,
2021-08-03,Node_96021df0,Node_5e66cdb3,TG,TG,TG__50,TG__500,
2021-08-05,Node_a656754f,Node_d79a0f32,TG,TG,TG__52,TG__1008789,
2021-05-08,Node_96021df0,Node_5e66cdb3,TG,Bitchute,TG__50,Bitchute__29,
2021-01-15,Node_96021df0,Node_5e66cdb3,TG,Bitchute,TG__50,Bitchute__29,
2020-09-04,Node_96021df0,Node_5e66cdb3,TG,Bitchute,TG__50,Bitchute__29,
2019-10-09,Node_cee1b343,Node_5e66cdb3,TG,Bitchute,TG__65,Bitchute__29,
2023-09-09,Node_7fff8e18,Node_5e66cdb3,Gab,Odysee,Gab__411,Odysee__1000237,
2021-11-07,Node_cee1b343,Node_30ed85c2,TG,Odysee,TG__65,Odysee__1000416,
2021-08-29,Node_96021df0,Node_30ed85c2,TG,Odysee,TG__50,Odysee__1000416,
2021-07-12,Node_e788e7ba,Node_5e66cdb3,TG,Odysee,TG__23,Odysee__1000237,
2020-03-08,Node_25b49ebc,Node_30ed85c2,Gab,Bitchute,Gab__13,Bitchute__1000138,
2020-10-03,Node_fccedece,Node_5e66cdb3,FB,Bitchute,FB__190,Bitchute__29,
2021-07-03,Node_96021df0,Node_5e66cdb3,TG,Bitchute,TG__50,Bitchute__29,
2022-07-11,Node_7fff8e18,Node_5e66cdb3,Gab,Bitchute,Gab__411,Bitchute__29,
2020-02-06,Node_25b49ebc,Node_5e66cdb3,Gab,Bitchute,Gab__13,Bitchute__29,
2020-02-09,Node_25b49ebc,Node_30ed85c2,Gab,Bitchute,Gab__13,Bitchute__1000138,
2019-10-24,Node_25b49ebc,Node_30ed85c2,Gab,Bitchute,Gab__13,Bitchute__1000138,
2019-12-28,Node_25b49ebc,Node_5e66cdb3,Gab,Bitchute,Gab__13,Bitchute__29,
2020-02-06,Node_25b49ebc,Node_5e66cdb3,Gab,Bitchute,Gab__13,Bitchute__29,
2020-01-27,Node_e10a2ee2,Node_5e66cdb3,TG,Bitchute,TG__215,Bitchute__29,
2020-01-28,Node_e10a2ee2,Node_5e66cdb3,TG,Bitchute,TG__215,Bitchute__29,
2021-01-01,Node_e10a2ee2,Node_5e66cdb3,TG,Bitchute,TG__215,Bitchute__29,
2021-01-01,Node_a656754f,Node_5e66cdb3,TG,Bitchute,TG__52,Bitchute__29,
2021-01-22,Node_96021df0,Node_5e66cdb3,TG,TG,TG__50,TG__500,
2021-01-25,Node_96021df0,Node_5e66cdb3,TG,TG,TG__50,TG__500,
2021-01-29,Node_96021df0,Node_5e66cdb3,TG,TG,TG__50,TG__500,
2021-08-03,Node_a656754f,Node_d79a0f32,TG,TG,TG__52,TG__1008789,
2020-10-23,Node_96021df0,Node_5e66cdb3,TG,Bitchute,TG__50,Bitchute__29,
2021-01-28,Node_96021df0,Node_5e66cdb3,TG,Bitchute,TG__50,Bitchute__29,
2021-02-12,Node_96021df0,Node_5e66cdb3,TG,Bitchute,TG__50,Bitchute__29,
2023-09-26,Node_475b3554,Node_5e66cdb3,Bitchute,Bitchute,Bitchute__25,Bitchute__29,
2020-10-17,Node_96021df0,Node_5e66cdb3,TG,Bitchute,TG__50,Bitchute__29,
2021-07-16,Node_96021df0,Node_5e66cdb3,TG,Bitchute,TG__50,Bitchute__29,
2023-09-26,Node_475b3554,Node_5e66cdb3,Bitchute,Bitchute,Bitchute__25,Bitchute__29,
2020-09-18,Node_96021df0,Node_5e66cdb3,TG,Bitchute,TG__50,Bitchute__29,
2023-08-26,Node_7fff8e18,Node_5e66cdb3,Gab,Odysee,Gab__411,Odysee__1000237,
2021-05-03,Node_96021df0,Node_5e66cdb3,TG,Odysee,TG__50,Odysee__1000237,
2021-10-25,Node_cee1b343,Node_30ed85c2,TG,Odysee,TG__65,Odysee__1000416,
2019-11-30,Node_25b49ebc,Node_30ed85c2,Gab,Bitchute,Gab__13,Bitchute__1000138,
2020-02-20,Node_25b49ebc,Node_5e66cdb3,Gab,Bitchute,Gab__13,Bitchute__29,
2020-05-27,Node_14dff231,Node_30ed85c2,VK,Bitchute,VK__148,Bitchute__1000138,
2020-12-02,Node_72356f3e,Node_5e66cdb3,TG,TG,TG__143,TG__500,
2020-11-22,Node_a656754f,Node_5e66cdb3,TG,TG,TG__52,TG__500,
2024-01-10,Node_58a5e846,Node_5e66cdb3,TG,Odysee,TG__87,Odysee__1000237,
2021-07-09,Node_96021df0,Node_5e66cdb3,TG,Bitchute,TG__50,Bitchute__29,
2021-09-29,Node_58a5e846,Node_5e66cdb3,TG,Odysee,TG__87,Odysee__1000237,
2023-10-12,Node_cee1b343,Node_5e66cdb3,TG,Odysee,TG__65,Odysee__1000237,
2021-11-30,Node_cee1b343,Node_30ed85c2,TG,Odysee,TG__65,Odysee__1000416,
2021-02-26,Node_96021df0,Node_5e66cdb3,TG,TG,TG__50,TG__500,
2021-04-25,Node_e788e7ba,Node_30ed85c2,TG,TG,TG__23,TG__482,
2020-08-12,Node_4ca65758,Node_5e66cdb3,TG,TG,TG__194,TG__500,
2021-08-03,Node_a656754f,Node_d79a0f32,TG,TG,TG__52,TG__1008789,
2021-01-22,Node_96021df0,Node_5e66cdb3,TG,Bitchute,TG__50,Bitchute__29,
2023-09-26,Node_475b3554,Node_5e66cdb3,Bitchute,Bitchute,Bitchute__25,Bitchute__29,
2020-05-27,Node_14dff231,Node_30ed85c2,VK,TG,VK__148,TG__482,
2020-02-27,Node_25b49ebc,Node_5e66cdb3,Gab,Bitchute,Gab__13,Bitchute__29,
2020-03-05,Node_25b49ebc,Node_5e66cdb3,Gab,Bitchute,Gab__13,Bitchute__29,
2020-03-12,Node_25b49ebc,Node_5e66cdb3,Gab,Bitchute,Gab__13,Bitchute__29,
2020-01-28,Node_7d9e30ea,Node_5e66cdb3,TG,Bitchute,TG__116,Bitchute__29,
2021-01-01,Node_d2057a59,Node_5e66cdb3,TG,Bitchute,TG__208,Bitchute__29,
2021-09-29,Node_90f76dc5,Node_5e66cdb3,Twitter,Odysee,Twitter__16,Odysee__1000237,
2022-08-27,Node_7fff8e18,Node_64a1bf65,Gab,Gab,Gab__411,Gab__1003714,
2022-08-26,Node_7fff8e18,Node_64a1bf65,Gab,Gab,Gab__411,Gab__1003714,
2019-12-11,Node_25b49ebc,Node_30ed85c2,Gab,Bitchute,Gab__13,Bitchute__1000138,
2019-12-21,Node_25b49ebc,Node_30ed85c2,Gab,Bitchute,Gab__13,Bitchute__1000138,
2019-12-12,Node_25b49ebc,Node_5e66cdb3,Gab,Bitchute,Gab__13,Bitchute__29,
2020-01-02,Node_25b49ebc,Node_5e66cdb3,Gab,Bitchute,Gab__13,Bitchute__29,
2020-01-07,Node_25b49ebc,Node_30ed85c2,Gab,Bitchute,Gab__13,Bitchute__1000138,
2020-02-21,Node_25b49ebc,Node_5e66cdb3,Gab,Bitchute,Gab__13,Bitchute__29,
2020-02-13,Node_25b49ebc,Node_5e66cdb3,Gab,Bitchute,Gab__13,Bitchute__29,
2021-03-28,Node_e5b72e5c,Node_5e66cdb3,Bitchute,Bitchute,Bitchute__28,Bitchute__29,
2020-12-02,Node_ac3e9ffa,Node_5e66cdb3,TG,TG,TG__75,TG__500,
2019-11-03,Node_10e1056b,Node_30ed85c2,Gab,Bitchute,Gab__30,Bitchute__1000138,
2023-09-05,Node_f8fe62cb,Node_5e66cdb3,TG,TG,TG__47,TG__500,
2021-01-22,Node_bd1a19bf,Node_5e66cdb3,TG,Bitchute,TG__276,Bitchute__29,
2021-04-17,Node_6855f70f,Node_5e66cdb3,TG,Bitchute,TG__519,Bitchute__29,
2020-01-02,Node_10e1056b,Node_5e66cdb3,Gab,Bitchute,Gab__30,Bitchute__29,
2019-10-24,Node_10e1056b,Node_30ed85c2,Gab,Bitchute,Gab__30,Bitchute__1000138,
2019-10-31,Node_10e1056b,Node_5e66cdb3,Gab,Bitchute,Gab__30,Bitchute__29,
2019-11-22,Node_10e1056b,Node_30ed85c2,Gab,Bitchute,Gab__30,Bitchute__1000138,
2019-11-14,Node_10e1056b,Node_5e66cdb3,Gab,Bitchute,Gab__30,Bitchute__29,
2020-01-07,Node_10e1056b,Node_30ed85c2,Gab,Bitchute,Gab__30,Bitchute__1000138,
2019-11-30,Node_10e1056b,Node_30ed85c2,Gab,Bitchute,Gab__30,Bitchute__1000138,
2019-11-02,Node_10e1056b,Node_5e66cdb3,Gab,Bitchute,Gab__30,Bitchute__29,
2019-09-08,Node_ad43ad3a,Node_5e66cdb3,Gab,Bitchute,Gab__35,Bitchute__29,
2021-12-09,Node_0e3882d1,Node_5e66cdb3,Twitter,Odysee,Twitter__26,Odysee__1000237,
2021-04-29,Node_92e5d04a,Node_5e66cdb3,Gab,Odysee,Gab__335,Odysee__1000237,
2021-11-25,Node_0e3882d1,Node_5e66cdb3,Twitter,Odysee,Twitter__26,Odysee__1000237,
2020-03-06,Node_10e1056b,Node_5e66cdb3,Gab,Bitchute,Gab__30,Bitchute__29,
2019-11-22,Node_91448dd6,Node_5e66cdb3,Gab,Bitchute,Gab__147,Bitchute__29,
2019-11-22,Node_10e1056b,Node_5e66cdb3,Gab,Bitchute,Gab__30,Bitchute__29,
2019-11-22,Node_ad43ad3a,Node_5e66cdb3,Gab,Bitchute,Gab__35,Bitchute__29,
2021-12-26,Node_927409cf,Node_5f6045ac,4Chan,TG,4Chan__1,TG__1001787,
2021-08-15,Node_927409cf,Node_854b86cc,4Chan,YouTube,4Chan__1,YouTube__1258245,
2024-11-04,Node_927409cf,Node_5e66cdb3,4Chan,Odysee,4Chan__1,Odysee__1000237,
2024-11-04,Node_927409cf,Node_854b86cc,4Chan,Odysee,4Chan__1,Odysee__1000424,
2024-07-05,Node_5f04d110,Node_5e66cdb3,Gab,Odysee,Gab__284,Odysee__1000237,PA
2024-07-28,Node_927409cf,Node_5e66cdb3,4Chan,Odysee,4Chan__1,Odysee__1000237,
2024-07-20,Node_927409cf,Node_854b86cc,4Chan,Odysee,4Chan__1,Odysee__1000424,
2021-01-28,Node_3d50c777,Node_854b86cc,TG,Gab,TG__325,Gab__1004568,
2021-01-11,Node_e3b6ee80,Node_5e66cdb3,TG,TG,TG__320,TG__500,
2021-01-12,Node_3d50c777,Node_0c44367b,TG,TG,TG__325,TG__321,
2021-02-07,Node_3d50c777,Node_5e66cdb3,TG,Bitchute,TG__325,Bitchute__29,
2020-03-31,Node_3181f07e,Node_5e66cdb3,Twitter,Bitchute,Twitter__21,Bitchute__29,
2023-07-24,Node_927409cf,Node_30ed85c2,4Chan,Bitchute,4Chan__1,Bitchute__1000138,
2021-02-06,Node_3d50c777,Node_5e66cdb3,TG,Bitchute,TG__325,Bitchute__29,
2020-07-31,Node_5af58985,Node_5e66cdb3,TG,Bitchute,TG__73,Bitchute__29,
2022-04-18,Node_927409cf,Node_21345e53,4Chan,Odysee,4Chan__1,Odysee__1000193,
2022-03-27,Node_927409cf,Node_5e66cdb3,4Chan,Odysee,4Chan__1,Odysee__1000237,
2022-12-11,Node_927409cf,Node_5e66cdb3,4Chan,Odysee,4Chan__1,Odysee__1000237,
2023-12-19,Node_927409cf,Node_5e66cdb3,4Chan,Odysee,4Chan__1,Odysee__1000237,
2023-12-18,Node_927409cf,Node_5e66cdb3,4Chan,Odysee,4Chan__1,Odysee__1000237,
2021-04-30,Node_3181f07e,Node_5e66cdb3,Twitter,Odysee,Twitter__21,Odysee__1000237,
2023-03-14,Node_927409cf,Node_854b86cc,4Chan,Wikipedia,4Chan__1,Wikipedia__1013365,
2023-01-03,Node_927409cf,Node_854b86cc,4Chan,Wikipedia,4Chan__1,Wikipedia__1013365,
2024-03-05,Node_67a97337,Node_5e66cdb3,Bitchute,Odysee,Bitchute__146,Odysee__1000237,
2024-03-13,Node_927409cf,Node_5e66cdb3,4Chan,Odysee,4Chan__1,Odysee__1000237,
2024-03-01,Node_927409cf,Node_5e66cdb3,4Chan,Odysee,4Chan__1,Odysee__1000237,
2024-06-07,Node_927409cf,Node_5e66cdb3,4Chan,Odysee,4Chan__1,Odysee__1000237,
2024-03-02,Node_927409cf,Node_5e66cdb3,4Chan,Odysee,4Chan__1,Odysee__1000237,
2024-04-28,Node_927409cf,Node_5e66cdb3,4Chan,Odysee,4Chan__1,Odysee__1000237,
2024-03-01,Node_927409cf,Node_5e66cdb3,4Chan,Odysee,4Chan__1,Odysee__1000237,
2024-04-16,Node_927409cf,Node_5e66cdb3,4Chan,Odysee,4Chan__1,Odysee__1000237,
2024-03-12,Node_927409cf,Node_5e66cdb3,4Chan,Odysee,4Chan__1,Odysee__1000237,
2024-03-01,Node_927409cf,Node_5e66cdb3,4Chan,Odysee,4Chan__1,Odysee__1000237,
2024-03-01,Node_927409cf,Node_5e66cdb3,4Chan,Odysee,4Chan__1,Odysee__1000237,
2022-01-28,Node_927409cf,Node_4330ae55,4Chan,TG,4Chan__1,TG__1004167,
2022-02-20,Node_927409cf,Node_e3e7ab35,4Chan,TG,4Chan__1,TG__313,
2022-05-16,Node_927409cf,Node_5e66cdb3,4Chan,Bitchute,4Chan__1,Bitchute__29,
2022-02-27,Node_927409cf,Node_5e66cdb3,4Chan,Bitchute,4Chan__1,Bitchute__29,
2019-12-11,Node_406acb92,Node_30ed85c2,Gab,Bitchute,Gab__14,Bitchute__1000138,
2019-08-11,Node_927409cf,Node_30ed85c2,4Chan,Bitchute,4Chan__1,Bitchute__1000138,
2019-11-14,Node_406acb92,Node_5e66cdb3,Gab,Bitchute,Gab__14,Bitchute__29,
2019-11-02,Node_406acb92,Node_5e66cdb3,Gab,Bitchute,Gab__14,Bitchute__29,
2019-11-10,Node_927409cf,Node_30ed85c2,4Chan,Bitchute,4Chan__1,Bitchute__1000138,
2019-09-04,Node_927409cf,Node_5e66cdb3,4Chan,Bitchute,4Chan__1,Bitchute__29,
2020-02-16,Node_406acb92,Node_30ed85c2,Gab,Bitchute,Gab__14,Bitchute__1000138,
2019-11-30,Node_406acb92,Node_30ed85c2,Gab,Bitchute,Gab__14,Bitchute__1000138,
2020-01-07,Node_406acb92,Node_30ed85c2,Gab,Bitchute,Gab__14,Bitchute__1000138,
2019-10-24,Node_927409cf,Node_5e66cdb3,4Chan,Bitchute,4Chan__1,Bitchute__29,
2019-09-20,Node_406acb92,Node_5e66cdb3,Gab,Bitchute,Gab__14,Bitchute__29,
2019-12-12,Node_406acb92,Node_5e66cdb3,Gab,Bitchute,Gab__14,Bitchute__29,
2019-10-19,Node_406acb92,Node_5e66cdb3,Gab,Bitchute,Gab__14,Bitchute__29,
2019-10-31,Node_406acb92,Node_5e66cdb3,Gab,Bitchute,Gab__14,Bitchute__29,
2019-09-21,Node_406acb92,Node_5e66cdb3,Gab,Bitchute,Gab__14,Bitchute__29,
2019-10-30,Node_927409cf,Node_5e66cdb3,4Chan,Bitchute,4Chan__1,Bitchute__29,
2021-03-26,Node_5f04d110,Node_30ed85c2,Gab,Odysee,Gab__284,Odysee__1000416,PA
2019-11-22,Node_5af58985,Node_30ed85c2,TG,Bitchute,TG__73,Bitchute__1000138,
2019-10-31,Node_5af58985,Node_5e66cdb3,TG,Bitchute,TG__73,Bitchute__29,
2019-10-31,Node_5af58985,Node_5e66cdb3,TG,Bitchute,TG__73,Bitchute__29,
2019-11-03,Node_5af58985,Node_5e66cdb3,TG,Bitchute,TG__73,Bitchute__29,
2019-11-07,Node_5af58985,Node_5e66cdb3,TG,Bitchute,TG__73,Bitchute__29,
2019-11-08,Node_5af58985,Node_5e66cdb3,TG,Bitchute,TG__73,Bitchute__29,
2019-11-21,Node_5af58985,Node_5e66cdb3,TG,Bitchute,TG__73,Bitchute__29,
2019-11-23,Node_5af58985,Node_5e66cdb3,TG,Bitchute,TG__73,Bitchute__29,
2019-11-30,Node_5af58985,Node_30ed85c2,TG,Bitchute,TG__73,Bitchute__1000138,
2019-12-09,Node_5af58985,Node_30ed85c2,TG,Bitchute,TG__73,Bitchute__1000138,
2019-12-11,Node_5af58985,Node_30ed85c2,TG,Bitchute,TG__73,Bitchute__1000138,
2019-12-11,Node_5af58985,Node_30ed85c2,TG,Bitchute,TG__73,Bitchute__1000138,
2019-11-28,Node_5af58985,Node_5e66cdb3,TG,Bitchute,TG__73,Bitchute__29,
2019-12-05,Node_5af58985,Node_5e66cdb3,TG,Bitchute,TG__73,Bitchute__29,
2019-12-12,Node_5af58985,Node_5e66cdb3,TG,Bitchute,TG__73,Bitchute__29,
2019-12-12,Node_5af58985,Node_5e66cdb3,TG,Bitchute,TG__73,Bitchute__29,
2019-12-28,Node_5af58985,Node_5e66cdb3,TG,Bitchute,TG__73,Bitchute__29,
2020-01-02,Node_5af58985,Node_5e66cdb3,TG,Bitchute,TG__73,Bitchute__29,
2020-01-02,Node_5af58985,Node_5e66cdb3,TG,Bitchute,TG__73,Bitchute__29,
2020-01-08,Node_5af58985,Node_30ed85c2,TG,Bitchute,TG__73,Bitchute__1000138,
2020-01-12,Node_5af58985,Node_30ed85c2,TG,Bitchute,TG__73,Bitchute__1000138,
2020-01-12,Node_5af58985,Node_30ed85c2,TG,Bitchute,TG__73,Bitchute__1000138,
2020-01-13,Node_5af58985,Node_30ed85c2,TG,Bitchute,TG__73,Bitchute__1000138,
2020-01-26,Node_5af58985,Node_30ed85c2,TG,Bitchute,TG__73,Bitchute__1000138,
2020-01-26,Node_5af58985,Node_30ed85c2,TG,Bitchute,TG__73,Bitchute__1000138,
2020-02-02,Node_5af58985,Node_30ed85c2,TG,Bitchute,TG__73,Bitchute__1000138,
2020-02-16,Node_5af58985,Node_30ed85c2,TG,Bitchute,TG__73,Bitchute__1000138,
2020-01-09,Node_5af58985,Node_5e66cdb3,TG,Bitchute,TG__73,Bitchute__29,
2020-01-10,Node_5af58985,Node_5e66cdb3,TG,Bitchute,TG__73,Bitchute__29,
2020-01-16,Node_5af58985,Node_5e66cdb3,TG,Bitchute,TG__73,Bitchute__29,
2020-01-17,Node_5af58985,Node_5e66cdb3,TG,Bitchute,TG__73,Bitchute__29,
2020-01-18,Node_5af58985,Node_5e66cdb3,TG,Bitchute,TG__73,Bitchute__29,
2020-02-21,Node_5af58985,Node_30ed85c2,TG,Bitchute,TG__73,Bitchute__1000138,
2020-03-22,Node_5af58985,Node_30ed85c2,TG,Bitchute,TG__73,Bitchute__1000138,
2020-03-30,Node_5af58985,Node_30ed85c2,TG,Bitchute,TG__73,Bitchute__1000138,
2020-02-20,Node_5af58985,Node_5e66cdb3,TG,Bitchute,TG__73,Bitchute__29,
2020-02-28,Node_5af58985,Node_5e66cdb3,TG,Bitchute,TG__73,Bitchute__29,
2020-06-12,Node_5af58985,Node_5e66cdb3,TG,Bitchute,TG__73,Bitchute__29,
2020-07-30,Node_5af58985,Node_5e66cdb3,TG,Bitchute,TG__73,Bitchute__29,
2021-01-01,Node_5af58985,Node_5e66cdb3,TG,Bitchute,TG__73,Bitchute__29,
2021-01-16,Node_3d50c777,Node_30ed85c2,TG,Bitchute,TG__325,Bitchute__1000138,
2021-01-11,Node_5af58985,Node_5e66cdb3,TG,Bitchute,TG__73,Bitchute__29,
2021-01-24,Node_3d50c777,Node_30ed85c2,TG,Bitchute,TG__325,Bitchute__1000138,
2021-01-22,Node_3d50c777,Node_5e66cdb3,TG,Bitchute,TG__325,Bitchute__29,
2020-04-30,Node_927409cf,Node_5e66cdb3,4Chan,Bitchute,4Chan__1,Bitchute__29,
2020-04-30,Node_927409cf,Node_5e66cdb3,4Chan,Bitchute,4Chan__1,Bitchute__29,
2020-05-01,Node_927409cf,Node_5e66cdb3,4Chan,Bitchute,4Chan__1,Bitchute__29,
2020-05-01,Node_927409cf,Node_5e66cdb3,4Chan,Bitchute,4Chan__1,Bitchute__29,
2020-05-01,Node_927409cf,Node_5e66cdb3,4Chan,Bitchute,4Chan__1,Bitchute__29,
2020-05-01,Node_927409cf,Node_5e66cdb3,4Chan,Bitchute,4Chan__1,Bitchute__29,
2020-05-01,Node_927409cf,Node_5e66cdb3,4Chan,Bitchute,4Chan__1,Bitchute__29,
2020-05-02,Node_927409cf,Node_5e66cdb3,4Chan,Bitchute,4Chan__1,Bitchute__29,
2020-05-03,Node_927409cf,Node_5e66cdb3,4Chan,Bitchute,4Chan__1,Bitchute__29,
2020-05-03,Node_927409cf,Node_5e66cdb3,4Chan,Bitchute,4Chan__1,Bitchute__29,
2021-12-06,Node_5e66cdb3,Node_30ed85c2,TG,Odysee,TG__500,Odysee__1000416,PA
2021-06-14,Node_e3e7ab35,Node_5e66cdb3,TG,Odysee,TG__313,Odysee__1000237,PA
2021-06-25,Node_5e66cdb3,Node_5e66cdb3,TG,Odysee,TG__500,Odysee__1000237,PA
2023-09-29,Node_f4925d78,Node_5e66cdb3,Bitchute,Odysee,Bitchute__44,Odysee__1000237,
2021-10-03,Node_e3e7ab35,Node_5e66cdb3,TG,Odysee,TG__313,Odysee__1000237,PA
2021-10-10,Node_5e66cdb3,Node_5e66cdb3,TG,Odysee,TG__500,Odysee__1000237,PA
2023-01-16,Node_e3e7ab35,Node_854b86cc,TG,Odysee,TG__313,Odysee__1000424,PA
2023-01-13,Node_5e66cdb3,Node_5e66cdb3,TG,Odysee,TG__500,Odysee__1000237,PA
2023-11-30,Node_5e66cdb3,Node_5e66cdb3,TG,Odysee,TG__500,Odysee__1000237,PA
2022-12-14,Node_e3e7ab35,Node_5e66cdb3,TG,Odysee,TG__313,Odysee__1000237,PA
2022-07-01,Node_5e66cdb3,Node_5e66cdb3,TG,Odysee,TG__500,Odysee__1000237,PA
2023-03-08,Node_5e66cdb3,Node_5e66cdb3,TG,Odysee,TG__500,Odysee__1000237,PA
2021-08-27,Node_5e66cdb3,Node_5e66cdb3,TG,Odysee,TG__500,Odysee__1000237,PA
2023-05-03,Node_5e66cdb3,Node_5e66cdb3,TG,Odysee,TG__500,Odysee__1000237,PA
2022-05-15,Node_5e66cdb3,Node_5e66cdb3,TG,Odysee,TG__500,Odysee__1000237,PA
2023-06-12,Node_5e66cdb3,Node_30ed85c2,TG,Odysee,TG__500,Odysee__1000416,PA
2021-08-29,Node_e3e7ab35,Node_5e66cdb3,TG,Odysee,TG__313,Odysee__1000237,PA
2022-05-01,Node_5e66cdb3,Node_5e66cdb3,TG,Odysee,TG__500,Odysee__1000237,PA
2021-04-08,Node_5e66cdb3,Node_854b86cc,TG,Odysee,TG__500,Odysee__1000424,PA
2023-04-23,Node_5e66cdb3,Node_5e66cdb3,TG,Odysee,TG__500,Odysee__1000237,PA
2021-10-03,Node_5e66cdb3,Node_5e66cdb3,TG,Odysee,TG__500,Odysee__1000237,PA
2024-01-04,Node_5e66cdb3,Node_5e66cdb3,TG,Odysee,TG__500,Odysee__1000237,PA
2022-06-05,Node_5e66cdb3,Node_5e66cdb3,TG,Odysee,TG__500,Odysee__1000237,PA
2023-12-30,Node_5e66cdb3,Node_5e66cdb3,TG,Odysee,TG__500,Odysee__1000237,PA
2023-06-02,Node_e3e7ab35,Node_5e66cdb3,TG,Odysee,TG__313,Odysee__1000237,PA
2021-11-03,Node_e3e7ab35,Node_5e66cdb3,TG,Odysee,TG__313,Odysee__1000237,PA
2022-05-29,Node_e3e7ab35,Node_5e66cdb3,TG,Odysee,TG__313,Odysee__1000237,PA
2021-11-12,Node_5e66cdb3,Node_5e66cdb3,TG,Odysee,TG__500,Odysee__1000237,PA
2023-03-06,Node_5e66cdb3,Node_30ed85c2,TG,Odysee,TG__500,Odysee__1000416,PA
2022-05-27,Node_e3e7ab35,Node_5e66cdb3,TG,Odysee,TG__313,Odysee__1000237,PA
2023-12-06,Node_5e66cdb3,Node_5e66cdb3,TG,Odysee,TG__500,Odysee__1000237,PA
2023-03-03,Node_5e66cdb3,Node_5e66cdb3,TG,Odysee,TG__500,Odysee__1000237,PA
2022-05-01,Node_e3e7ab35,Node_5e66cdb3,TG,Odysee,TG__313,Odysee__1000237,PA
2021-12-13,Node_e3e7ab35,Node_30ed85c2,TG,Odysee,TG__313,Odysee__1000416,PA
2023-11-21,Node_5e66cdb3,Node_30ed85c2,TG,Odysee,TG__500,Odysee__1000416,PA
2023-04-05,Node_e3e7ab35,Node_5e66cdb3,TG,Odysee,TG__313,Odysee__1000237,PA
2023-10-09,Node_e3e7ab35,Node_30ed85c2,TG,Odysee,TG__313,Odysee__1000416,PA
2023-08-25,Node_e3e7ab35,Node_5e66cdb3,TG,Odysee,TG__313,Odysee__1000237,PA
2022-03-07,Node_5e66cdb3,Node_30ed85c2,TG,Odysee,TG__500,Odysee__1000416,PA
2021-07-05,Node_e3e7ab35,Node_5e66cdb3,TG,Odysee,TG__313,Odysee__1000237,PA
2023-01-06,Node_5e66cdb3,Node_5e66cdb3,TG,Odysee,TG__500,Odysee__1000237,PA
2023-09-13,Node_e3e7ab35,Node_5e66cdb3,TG,Odysee,TG__313,Odysee__1000237,PA
2023-01-09,Node_5e66cdb3,Node_5e66cdb3,TG,Odysee,TG__500,Odysee__1000237,PA
2023-08-13,Node_5e66cdb3,Node_854b86cc,TG,Odysee,TG__500,Odysee__1000424,PA
2022-05-19,Node_6d8ae659,Node_30ed85c2,TG,Odysee,TG__497,Odysee__1000416,
2021-04-28,Node_e3e7ab35,Node_5e66cdb3,TG,Odysee,TG__313,Odysee__1000237,PA
2023-10-19,Node_5e66cdb3,Node_854b86cc,TG,Odysee,TG__500,Odysee__1000424,PA
2023-06-19,Node_e3e7ab35,Node_854b86cc,TG,Odysee,TG__313,Odysee__1000424,PA
2021-10-15,Node_e3e7ab35,Node_854b86cc,TG,Odysee,TG__313,Odysee__1000424,PA
2022-01-21,Node_5e66cdb3,Node_5e66cdb3,TG,Odysee,TG__500,Odysee__1000237,PA
2022-10-03,Node_5e66cdb3,Node_30ed85c2,TG,Odysee,TG__500,Odysee__1000416,PA
2021-10-03,Node_e3e7ab35,Node_5e66cdb3,TG,Odysee,TG__313,Odysee__1000237,PA
2021-11-29,Node_e3e7ab35,Node_30ed85c2,TG,Odysee,TG__313,Odysee__1000416,PA
2023-03-09,Node_5e66cdb3,Node_5e66cdb3,TG,Odysee,TG__500,Odysee__1000237,PA
2022-01-12,Node_5e66cdb3,Node_5e66cdb3,TG,Odysee,TG__500,Odysee__1000237,PA
2021-12-05,Node_e3e7ab35,Node_5e66cdb3,TG,Odysee,TG__313,Odysee__1000237,PA
2021-05-16,Node_6d8ae659,Node_5e66cdb3,TG,Odysee,TG__497,Odysee__1000237,
2023-09-25,Node_5e66cdb3,Node_5e66cdb3,TG,Odysee,TG__500,Odysee__1000237,PA
2022-05-23,Node_5e66cdb3,Node_5e66cdb3,TG,Odysee,TG__500,Odysee__1000237,PA
2023-06-28,Node_e3e7ab35,Node_5e66cdb3,TG,Odysee,TG__313,Odysee__1000237,PA
2021-10-29,Node_e3e7ab35,Node_5e66cdb3,TG,Odysee,TG__313,Odysee__1000237,PA
2022-05-25,Node_5e66cdb3,Node_5e66cdb3,TG,Odysee,TG__500,Odysee__1000237,PA
2021-12-25,Node_e3e7ab35,Node_854b86cc,TG,Odysee,TG__313,Odysee__1000424,PA
2021-08-10,Node_e3e7ab35,Node_854b86cc,TG,Odysee,TG__313,Odysee__1000424,PA
2021-07-26,Node_e3e7ab35,Node_30ed85c2,TG,Odysee,TG__313,Odysee__1000416,PA
2023-07-18,Node_e3e7ab35,Node_854b86cc,TG,Odysee,TG__313,Odysee__1000424,PA
2022-08-27,Node_e3e7ab35,Node_79604ecf,TG,Odysee,TG__313,Odysee__1000617,PA
2023-04-28,Node_5e66cdb3,Node_5e66cdb3,TG,Odysee,TG__500,Odysee__1000237,PA
2023-09-22,Node_e3e7ab35,Node_5e66cdb3,TG,Odysee,TG__313,Odysee__1000237,PA
2021-09-18,Node_5e66cdb3,Node_854b86cc,TG,Odysee,TG__500,Odysee__1000424,PA
2021-09-26,Node_e3e7ab35,Node_5e66cdb3,TG,Odysee,TG__313,Odysee__1000237,PA
2022-08-05,Node_5e66cdb3,Node_5e66cdb3,TG,Odysee,TG__500,Odysee__1000237,PA
2023-07-31,Node_5e66cdb3,Node_30ed85c2,TG,Odysee,TG__500,Odysee__1000416,PA
2022-04-27,Node_5e66cdb3,Node_5e66cdb3,TG,Odysee,TG__500,Odysee__1000237,PA
2023-01-12,Node_5e66cdb3,Node_5e66cdb3,TG,Odysee,TG__500,Odysee__1000237,PA
2022-10-23,Node_5e66cdb3,Node_5e66cdb3,TG,Odysee,TG__500,Odysee__1000237,PA
2023-04-12,Node_5e66cdb3,Node_5e66cdb3,TG,Odysee,TG__500,Odysee__1000237,PA
2022-07-03,Node_5e66cdb3,Node_5e66cdb3,TG,Odysee,TG__500,Odysee__1000237,PA
2022-11-14,Node_5e66cdb3,Node_30ed85c2,TG,Odysee,TG__500,Odysee__1000416,PA
2021-09-15,Node_5e66cdb3,Node_5e66cdb3,TG,Odysee,TG__500,Odysee__1000237,PA
2023-05-26,Node_e3e7ab35,Node_5e66cdb3,TG,Odysee,TG__313,Odysee__1000237,PA
2022-04-06,Node_5e66cdb3,Node_5e66cdb3,TG,Odysee,TG__500,Odysee__1000237,PA
2023-08-17,Node_5e66cdb3,Node_854b86cc,TG,Odysee,TG__500,Odysee__1000424,PA
2023-04-14,Node_e3e7ab35,Node_5e66cdb3,TG,Odysee,TG__313,Odysee__1000237,PA
2021-05-23,Node_5e66cdb3,Node_5e66cdb3,TG,Odysee,TG__500,Odysee__1000237,PA
2023-07-19,Node_5e66cdb3,Node_5e66cdb3,TG,Odysee,TG__500,Odysee__1000237,PA
2021-10-15,Node_9f50e6d3,Node_5e66cdb3,Gab,Odysee,Gab__10,Odysee__1000237,
2021-05-26,Node_9f50e6d3,Node_5e66cdb3,Gab,Odysee,Gab__10,Odysee__1000237,
2021-05-22,Node_9f50e6d3,Node_5e66cdb3,Gab,Odysee,Gab__10,Odysee__1000237,
2021-12-05,Node_9f50e6d3,Node_5e66cdb3,Gab,Odysee,Gab__10,Odysee__1000237,
2021-11-27,Node_9f50e6d3,Node_5e66cdb3,Gab,Odysee,Gab__10,Odysee__1000237,
2022-08-01,Node_9f50e6d3,Node_30ed85c2,Gab,Odysee,Gab__10,Odysee__1000416,
2021-03-24,Node_9f50e6d3,Node_5e66cdb3,Gab,Odysee,Gab__10,Odysee__1000237,
2021-04-18,Node_9f50e6d3,Node_5e66cdb3,Gab,Odysee,Gab__10,Odysee__1000237,
2021-03-22,Node_9f50e6d3,Node_5e66cdb3,Gab,Odysee,Gab__10,Odysee__1000237,
2021-12-10,Node_9f50e6d3,Node_5e66cdb3,Gab,Odysee,Gab__10,Odysee__1000237,
2021-12-02,Node_9f50e6d3,Node_5e66cdb3,Gab,Odysee,Gab__10,Odysee__1000237,
2021-11-30,Node_9f50e6d3,Node_5e66cdb3,Gab,Odysee,Gab__10,Odysee__1000237,
2021-05-11,Node_9f50e6d3,Node_5e66cdb3,Gab,Odysee,Gab__10,Odysee__1000237,
2021-11-30,Node_9f50e6d3,Node_5e66cdb3,Gab,Odysee,Gab__10,Odysee__1000237,
2021-05-03,Node_9f50e6d3,Node_5e66cdb3,Gab,Bitchute,Gab__10,Bitchute__29,
2020-06-05,Node_9f50e6d3,Node_5e66cdb3,Gab,Bitchute,Gab__10,Bitchute__29,
2020-03-08,Node_0d2904b3,Node_30ed85c2,Gab,Bitchute,Gab__87,Bitchute__1000138,
2020-03-08,Node_24915fb5,Node_30ed85c2,Gab,Bitchute,Gab__20,Bitchute__1000138,
2020-03-08,Node_427d5b30,Node_30ed85c2,Gab,Bitchute,Gab__5,Bitchute__1000138,
2020-03-12,Node_0d2904b3,Node_5e66cdb3,Gab,Bitchute,Gab__87,Bitchute__29,
2020-03-14,Node_427d5b30,Node_5e66cdb3,Gab,Bitchute,Gab__5,Bitchute__29,
2020-03-15,Node_0d2904b3,Node_30ed85c2,Gab,Bitchute,Gab__87,Bitchute__1000138,
2020-03-15,Node_24915fb5,Node_30ed85c2,Gab,Bitchute,Gab__20,Bitchute__1000138,
2019-10-24,Node_5e66cdb3,Node_5e66cdb3,TG,Bitchute,TG__500,Bitchute__29,PA
2019-10-31,Node_5e66cdb3,Node_5e66cdb3,TG,Bitchute,TG__500,Bitchute__29,PA
2019-11-07,Node_5e66cdb3,Node_5e66cdb3,TG,Bitchute,TG__500,Bitchute__29,PA
2019-11-14,Node_5e66cdb3,Node_5e66cdb3,TG,Bitchute,TG__500,Bitchute__29,PA
2020-02-13,Node_5e66cdb3,Node_5e66cdb3,TG,Bitchute,TG__500,Bitchute__29,PA
2020-01-12,Node_6d8ae659,Node_30ed85c2,TG,Bitchute,TG__497,Bitchute__1000138,
2020-01-02,Node_5e66cdb3,Node_5e66cdb3,TG,Bitchute,TG__500,Bitchute__29,PA
2020-01-09,Node_5e66cdb3,Node_5e66cdb3,TG,Bitchute,TG__500,Bitchute__29,PA
2020-01-27,Node_5e66cdb3,Node_5e66cdb3,TG,Bitchute,TG__500,Bitchute__29,PA
2020-01-30,Node_5e66cdb3,Node_5e66cdb3,TG,Bitchute,TG__500,Bitchute__29,PA
2020-05-23,Node_6d8ae659,Node_30ed85c2,TG,Bitchute,TG__497,Bitchute__1000138,
2020-05-14,Node_5e66cdb3,Node_5e66cdb3,TG,Bitchute,TG__500,Bitchute__29,PA
2020-09-01,Node_5e66cdb3,Node_5e66cdb3,TG,Bitchute,TG__500,Bitchute__29,PA
2020-11-12,Node_5e66cdb3,Node_5e66cdb3,TG,Bitchute,TG__500,Bitchute__29,PA
2020-12-31,Node_5e66cdb3,Node_5e66cdb3,TG,Bitchute,TG__500,Bitchute__29,PA
2021-01-07,Node_5e66cdb3,Node_5e66cdb3,TG,Bitchute,TG__500,Bitchute__29,PA
2021-01-12,Node_5e66cdb3,Node_5e66cdb3,TG,Bitchute,TG__500,Bitchute__29,PA
2021-01-13,Node_5e66cdb3,Node_5e66cdb3,TG,Bitchute,TG__500,Bitchute__29,PA
2021-02-03,Node_5e66cdb3,Node_5e66cdb3,TG,Bitchute,TG__500,Bitchute__29,PA
2021-02-11,Node_5e66cdb3,Node_5e66cdb3,TG,Bitchute,TG__500,Bitchute__29,PA
2021-03-11,Node_5e66cdb3,Node_5e66cdb3,TG,Bitchute,TG__500,Bitchute__29,PA
2021-04-26,Node_6d8ae659,Node_5e66cdb3,TG,Bitchute,TG__497,Bitchute__29,
2021-06-19,Node_97a99a10,Node_5e66cdb3,Bitchute,Bitchute,Bitchute__101,Bitchute__29,
2021-06-19,Node_97a99a10,Node_5e66cdb3,Bitchute,Bitchute,Bitchute__101,Bitchute__29,
2021-06-19,Node_97a99a10,Node_5e66cdb3,Bitchute,Bitchute,Bitchute__101,Bitchute__29,
2021-06-23,Node_f4925d78,Node_5e66cdb3,Bitchute,Bitchute,Bitchute__44,Bitchute__29,
2021-06-23,Node_f4925d78,Node_5e66cdb3,Bitchute,Bitchute,Bitchute__44,Bitchute__29,
2021-06-26,Node_f4925d78,Node_5e66cdb3,Bitchute,Bitchute,Bitchute__44,Bitchute__29,
2021-08-09,Node_9f50e6d3,Node_e3f8b349,Gab,TG,Gab__10,TG__1001782,
2021-08-09,Node_9f50e6d3,Node_4330ae55,Gab,TG,Gab__10,TG__1004167,
2021-08-09,Node_9f50e6d3,Node_4330ae55,Gab,TG,Gab__10,TG__1004167,
2021-09-12,Node_9f50e6d3,Node_e3f8b349,Gab,TG,Gab__10,TG__1001782,
2021-09-10,Node_0db5e598,Node_e3f8b349,TG,TG,TG__84,TG__1001782,
2021-08-19,Node_dfac1701,Node_c3f68a2c,TG,TG,TG__158,TG__1001709,
2024-11-03,Node_5e66cdb3,Node_5e66cdb3,TG,Odysee,TG__500,Odysee__1000237,PA
2024-11-01,Node_5e66cdb3,Node_5e66cdb3,TG,Odysee,TG__500,Odysee__1000237,PA
2024-11-15,Node_5e66cdb3,Node_5e66cdb3,TG,Odysee,TG__500,Odysee__1000237,PA
2024-11-03,Node_5e66cdb3,Node_5e66cdb3,TG,Odysee,TG__500,Odysee__1000237,PA
2024-11-06,Node_5e66cdb3,Node_5e66cdb3,TG,Odysee,TG__500,Odysee__1000237,PA
2024-11-08,Node_5e66cdb3,Node_5e66cdb3,TG,Odysee,TG__500,Odysee__1000237,PA
2024-11-14,Node_9f50e6d3,Node_5e66cdb3,Gab,Odysee,Gab__10,Odysee__1000237,
2024-11-05,Node_e3e7ab35,Node_5e66cdb3,TG,Odysee,TG__313,Odysee__1000237,PA
2024-11-15,Node_5e66cdb3,Node_5e66cdb3,TG,Odysee,TG__500,Odysee__1000237,PA
2024-11-06,Node_5e66cdb3,Node_5e66cdb3,TG,Odysee,TG__500,Odysee__1000237,PA
2024-11-13,Node_5e66cdb3,Node_5e66cdb3,TG,Odysee,TG__500,Odysee__1000237,PA
2024-11-01,Node_5e66cdb3,Node_5e66cdb3,TG,Odysee,TG__500,Odysee__1000237,PA
2024-11-13,Node_5e66cdb3,Node_5e66cdb3,TG,Odysee,TG__500,Odysee__1000237,PA
2024-11-08,Node_5e66cdb3,Node_5e66cdb3,TG,Odysee,TG__500,Odysee__1000237,PA
2024-07-07,Node_5e66cdb3,Node_5e66cdb3,TG,Odysee,TG__500,Odysee__1000237,PA
2024-08-07,Node_5e66cdb3,Node_5e66cdb3,TG,Odysee,TG__500,Odysee__1000237,PA
2024-08-09,Node_5e66cdb3,Node_5e66cdb3,TG,Odysee,TG__500,Odysee__1000237,PA
2024-07-11,Node_5e66cdb3,Node_5e66cdb3,TG,Odysee,TG__500,Odysee__1000237,PA
2024-08-09,Node_5e66cdb3,Node_5e66cdb3,TG,Odysee,TG__500,Odysee__1000237,PA
2024-07-18,Node_5e66cdb3,Node_5e66cdb3,TG,Odysee,TG__500,Odysee__1000237,PA
2024-07-21,Node_5e66cdb3,Node_5e66cdb3,TG,Odysee,TG__500,Odysee__1000237,PA
2024-06-30,Node_5e66cdb3,Node_5e66cdb3,TG,Odysee,TG__500,Odysee__1000237,PA
2024-08-01,Node_9f50e6d3,Node_5e66cdb3,Gab,Odysee,Gab__10,Odysee__1000237,
2024-07-07,Node_5e66cdb3,Node_5e66cdb3,TG,Odysee,TG__500,Odysee__1000237,PA
2024-07-28,Node_5e66cdb3,Node_5e66cdb3,TG,Odysee,TG__500,Odysee__1000237,PA
2024-07-03,Node_5e66cdb3,Node_5e66cdb3,TG,Odysee,TG__500,Odysee__1000237,PA
2024-07-17,Node_5e66cdb3,Node_5e66cdb3,TG,Odysee,TG__500,Odysee__1000237,PA
2024-07-19,Node_5e66cdb3,Node_5e66cdb3,TG,Odysee,TG__500,Odysee__1000237,PA
2024-08-02,Node_e3e7ab35,Node_5e66cdb3,TG,Odysee,TG__313,Odysee__1000237,PA
2024-06-30,Node_5e66cdb3,Node_5e66cdb3,TG,Odysee,TG__500,Odysee__1000237,PA
2024-07-12,Node_5e66cdb3,Node_5e66cdb3,TG,Odysee,TG__500,Odysee__1000237,PA
2024-07-10,Node_5e66cdb3,Node_5e66cdb3,TG,Odysee,TG__500,Odysee__1000237,PA
2024-07-03,Node_5e66cdb3,Node_5e66cdb3,TG,Odysee,TG__500,Odysee__1000237,PA
2024-07-26,Node_5e66cdb3,Node_5e66cdb3,TG,Odysee,TG__500,Odysee__1000237,PA
2024-07-17,Node_5e66cdb3,Node_5e66cdb3,TG,Odysee,TG__500,Odysee__1000237,PA
2024-07-12,Node_5e66cdb3,Node_5e66cdb3,TG,Odysee,TG__500,Odysee__1000237,PA
2024-07-24,Node_5e66cdb3,Node_5e66cdb3,TG,Odysee,TG__500,Odysee__1000237,PA
2024-08-02,Node_5e66cdb3,Node_5e66cdb3,TG,Odysee,TG__500,Odysee__1000237,PA
2024-08-04,Node_5e66cdb3,Node_5e66cdb3,TG,Odysee,TG__500,Odysee__1000237,PA
2024-08-04,Node_5e66cdb3,Node_5e66cdb3,TG,Odysee,TG__500,Odysee__1000237,PA
2024-07-31,Node_5e66cdb3,Node_5e66cdb3,TG,Odysee,TG__500,Odysee__1000237,PA
2024-07-05,Node_5e66cdb3,Node_5e66cdb3,TG,Odysee,TG__500,Odysee__1000237,PA
2024-07-31,Node_5e66cdb3,Node_5e66cdb3,TG,Odysee,TG__500,Odysee__1000237,PA
2024-07-05,Node_5e66cdb3,Node_5e66cdb3,TG,Odysee,TG__500,Odysee__1000237,PA
2024-08-07,Node_5e66cdb3,Node_5e66cdb3,TG,Odysee,TG__500,Odysee__1000237,PA
2021-01-13,Node_e3e7ab35,Node_854b86cc,TG,Gab,TG__313,Gab__1004568,PA
2023-07-04,Node_5e66cdb3,Node_e3e7ab35,TG,TG,TG__500,TG__313,PA
2023-05-01,Node_e3e7ab35,Node_4330ae55,TG,TG,TG__313,TG__1004167,PA
2021-02-10,Node_e3e7ab35,Node_e3e7ab35,TG,TG,TG__313,TG__313,PA
2022-08-08,Node_e3e7ab35,Node_e3e7ab35,TG,TG,TG__313,TG__313,PA
2021-11-01,Node_e3e7ab35,Node_30ed85c2,TG,TG,TG__313,TG__482,PA
2021-10-26,Node_5e66cdb3,Node_21345e53,TG,TG,TG__500,TG__1001447,PA
2023-05-28,Node_5e66cdb3,Node_4330ae55,TG,TG,TG__500,TG__1004167,PA
2022-06-30,Node_e3e7ab35,Node_e3f8b349,TG,TG,TG__313,TG__1001782,PA
2020-12-29,Node_e3e7ab35,Node_5e66cdb3,TG,TG,TG__313,TG__500,PA
2021-04-13,Node_6d8ae659,Node_21345e53,TG,TG,TG__497,TG__1001447,
2022-02-12,Node_e3e7ab35,Node_73980c34,TG,TG,TG__313,TG__1006403,PA
2023-02-28,Node_9f50e6d3,Node_73980c34,Gab,TG,Gab__10,TG__1006403,
2022-10-07,Node_5e66cdb3,Node_5e66cdb3,TG,TG,TG__500,TG__500,PA
2020-10-11,Node_e3e7ab35,Node_30ed85c2,TG,Bitchute,TG__313,Bitchute__1000138,PA
2021-12-10,Node_5e66cdb3,Node_5e66cdb3,TG,Bitchute,TG__500,Bitchute__29,PA
2022-04-08,Node_5e66cdb3,Node_5e66cdb3,TG,Bitchute,TG__500,Bitchute__29,PA
2023-06-08,Node_5e66cdb3,Node_5e66cdb3,TG,Bitchute,TG__500,Bitchute__29,PA
2023-07-07,Node_5e66cdb3,Node_5e66cdb3,TG,Bitchute,TG__500,Bitchute__29,PA
2022-08-12,Node_5e66cdb3,Node_5e66cdb3,TG,Bitchute,TG__500,Bitchute__29,PA
2023-12-22,Node_5e66cdb3,Node_5e66cdb3,TG,Bitchute,TG__500,Bitchute__29,PA
2020-09-11,Node_5e66cdb3,Node_5e66cdb3,TG,Bitchute,TG__500,Bitchute__29,PA
2022-12-16,Node_5e66cdb3,Node_5e66cdb3,TG,Bitchute,TG__500,Bitchute__29,PA
2021-07-23,Node_e3e7ab35,Node_5e66cdb3,TG,Bitchute,TG__313,Bitchute__29,PA
2021-08-12,Node_5e66cdb3,Node_5e66cdb3,TG,Bitchute,TG__500,Bitchute__29,PA
2023-03-03,Node_5e66cdb3,Node_5e66cdb3,TG,Bitchute,TG__500,Bitchute__29,PA
2022-02-11,Node_5e66cdb3,Node_5e66cdb3,TG,Bitchute,TG__500,Bitchute__29,PA
2020-10-23,Node_5e66cdb3,Node_5e66cdb3,TG,Bitchute,TG__500,Bitchute__29,PA
2023-07-01,Node_e3e7ab35,Node_5e66cdb3,TG,Bitchute,TG__313,Bitchute__29,PA
2023-11-24,Node_e3e7ab35,Node_5e66cdb3,TG,Bitchute,TG__313,Bitchute__29,PA
2021-10-23,Node_5e66cdb3,Node_5e66cdb3,TG,Bitchute,TG__500,Bitchute__29,PA
2023-10-20,Node_5e66cdb3,Node_5e66cdb3,TG,Bitchute,TG__500,Bitchute__29,PA
2022-02-04,Node_5e66cdb3,Node_5e66cdb3,TG,Bitchute,TG__500,Bitchute__29,PA
2021-07-23,Node_5e66cdb3,Node_5e66cdb3,TG,Bitchute,TG__500,Bitchute__29,PA
2022-04-22,Node_5e66cdb3,Node_5e66cdb3,TG,Bitchute,TG__500,Bitchute__29,PA
2021-07-15,Node_e3e7ab35,Node_5e66cdb3,TG,Bitchute,TG__313,Bitchute__29,PA
2021-07-16,Node_e3e7ab35,Node_5e66cdb3,TG,Bitchute,TG__313,Bitchute__29,PA
2021-01-15,Node_b4ae980a,Node_5e66cdb3,TG,Bitchute,TG__331,Bitchute__29,
2022-10-29,Node_e3e7ab35,Node_5e66cdb3,TG,Bitchute,TG__313,Bitchute__29,PA
2020-07-31,Node_5e66cdb3,Node_5e66cdb3,TG,Bitchute,TG__500,Bitchute__29,PA
2021-09-10,Node_5e66cdb3,Node_5e66cdb3,TG,Bitchute,TG__500,Bitchute__29,PA
2023-05-19,Node_5e66cdb3,Node_5e66cdb3,TG,Bitchute,TG__500,Bitchute__29,PA
2022-05-06,Node_5e66cdb3,Node_5e66cdb3,TG,Bitchute,TG__500,Bitchute__29,PA
2022-09-02,Node_5e66cdb3,Node_5e66cdb3,TG,Bitchute,TG__500,Bitchute__29,PA
2021-09-03,Node_5e66cdb3,Node_5e66cdb3,TG,Bitchute,TG__500,Bitchute__29,PA
2020-07-17,Node_5e66cdb3,Node_5e66cdb3,TG,Bitchute,TG__500,Bitchute__29,PA
2023-10-13,Node_5e66cdb3,Node_5e66cdb3,TG,Bitchute,TG__500,Bitchute__29,PA
2019-12-06,Node_5268f32f,Node_5e66cdb3,TG,Bitchute,TG__151,Bitchute__29,
2023-10-27,Node_5e66cdb3,Node_5e66cdb3,TG,Bitchute,TG__500,Bitchute__29,PA
2023-10-13,Node_5e66cdb3,Node_5e66cdb3,TG,Bitchute,TG__500,Bitchute__29,PA
2023-05-11,Node_5e66cdb3,Node_5e66cdb3,TG,Bitchute,TG__500,Bitchute__29,PA
2022-03-11,Node_e3e7ab35,Node_5e66cdb3,TG,Bitchute,TG__313,Bitchute__29,PA
2023-09-08,Node_5e66cdb3,Node_5e66cdb3,TG,Bitchute,TG__500,Bitchute__29,PA
2021-10-10,Node_5e66cdb3,Node_5e66cdb3,TG,Bitchute,TG__500,Bitchute__29,PA
2023-01-13,Node_5e66cdb3,Node_5e66cdb3,TG,Bitchute,TG__500,Bitchute__29,PA
2021-04-09,Node_e3e7ab35,Node_5e66cdb3,TG,Bitchute,TG__313,Bitchute__29,PA
2020-08-21,Node_e3e7ab35,Node_5e66cdb3,TG,Bitchute,TG__313,Bitchute__29,PA
2020-09-18,Node_5e66cdb3,Node_5e66cdb3,TG,Bitchute,TG__500,Bitchute__29,PA
2019-10-02,Node_5e66cdb3,Node_5e66cdb3,TG,Bitchute,TG__500,Bitchute__29,PA
2021-01-22,Node_5e66cdb3,Node_5e66cdb3,TG,Bitchute,TG__500,Bitchute__29,PA
2021-11-12,Node_5e66cdb3,Node_5e66cdb3,TG,Bitchute,TG__500,Bitchute__29,PA
2021-09-10,Node_e3e7ab35,Node_5e66cdb3,TG,Bitchute,TG__313,Bitchute__29,PA
2023-08-25,Node_e3e7ab35,Node_5e66cdb3,TG,Bitchute,TG__313,Bitchute__29,PA
2021-06-11,Node_e3e7ab35,Node_5e66cdb3,TG,Bitchute,TG__313,Bitchute__29,PA
2023-01-06,Node_5e66cdb3,Node_5e66cdb3,TG,Bitchute,TG__500,Bitchute__29,PA
2019-10-09,Node_5e66cdb3,Node_5e66cdb3,TG,Bitchute,TG__500,Bitchute__29,PA
2022-01-21,Node_5e66cdb3,Node_5e66cdb3,TG,Bitchute,TG__500,Bitchute__29,PA
2021-10-29,Node_e3e7ab35,Node_5e66cdb3,TG,Bitchute,TG__313,Bitchute__29,PA
2021-05-23,Node_5e66cdb3,Node_5e66cdb3,TG,Odysee,TG__500,Odysee__1000237,PA
2021-06-23,Node_5e66cdb3,Node_5e66cdb3,TG,Odysee,TG__500,Odysee__1000237,PA
2021-12-23,Node_e3e7ab35,Node_21345e53,TG,Odysee,TG__313,Odysee__1000193,PA
2021-07-16,Node_5e66cdb3,Node_5e66cdb3,TG,Odysee,TG__500,Odysee__1000237,PA
2021-08-01,Node_e3e7ab35,Node_5e66cdb3,TG,Odysee,TG__313,Odysee__1000237,PA
2021-08-29,Node_e3e7ab35,Node_5e66cdb3,TG,Odysee,TG__313,Odysee__1000237,PA
2021-10-20,Node_5e66cdb3,Node_5e66cdb3,TG,Odysee,TG__500,Odysee__1000237,PA
2021-10-22,Node_5e66cdb3,Node_5e66cdb3,TG,Odysee,TG__500,Odysee__1000237,PA
2021-07-28,Node_5e66cdb3,Node_5e66cdb3,TG,Odysee,TG__500,Odysee__1000237,PA
2021-10-24,Node_5e66cdb3,Node_5e66cdb3,TG,Odysee,TG__500,Odysee__1000237,PA
2021-08-13,Node_0db5e598,Node_5e66cdb3,TG,Odysee,TG__84,Odysee__1000237,
2021-09-12,Node_e3e7ab35,Node_5e66cdb3,TG,Odysee,TG__313,Odysee__1000237,PA
2021-03-18,Node_e3e7ab35,Node_5e66cdb3,TG,Odysee,TG__313,Odysee__1000237,PA
2021-10-29,Node_5e66cdb3,Node_5e66cdb3,TG,Odysee,TG__500,Odysee__1000237,PA
2021-11-05,Node_5e66cdb3,Node_5e66cdb3,TG,Odysee,TG__500,Odysee__1000237,PA
2021-08-10,Node_e3e7ab35,Node_854b86cc,TG,Odysee,TG__313,Odysee__1000424,PA
2022-01-31,Node_5e66cdb3,Node_5e66cdb3,TG,Odysee,TG__500,Odysee__1000237,PA
2022-02-03,Node_5e66cdb3,Node_5e66cdb3,TG,Odysee,TG__500,Odysee__1000237,PA
2022-02-07,Node_5e66cdb3,Node_5e66cdb3,TG,Odysee,TG__500,Odysee__1000237,PA
2022-02-24,Node_5e66cdb3,Node_5e66cdb3,TG,Odysee,TG__500,Odysee__1000237,PA
2021-07-09,Node_5e66cdb3,Node_5e66cdb3,TG,Odysee,TG__500,Odysee__1000237,PA
2021-09-30,Node_5e66cdb3,Node_5e66cdb3,TG,Odysee,TG__500,Odysee__1000237,PA
2022-03-31,Node_5e66cdb3,Node_5e66cdb3,TG,Odysee,TG__500,Odysee__1000237,PA
2022-04-03,Node_5e66cdb3,Node_5e66cdb3,TG,Odysee,TG__500,Odysee__1000237,PA
2022-04-06,Node_5e66cdb3,Node_5e66cdb3,TG,Odysee,TG__500,Odysee__1000237,PA
2022-11-02,Node_5e66cdb3,Node_5e66cdb3,TG,Odysee,TG__500,Odysee__1000237,PA
2021-07-18,Node_5e66cdb3,Node_5e66cdb3,TG,Odysee,TG__500,Odysee__1000237,PA
2021-11-15,Node_e3e7ab35,Node_30ed85c2,TG,Odysee,TG__313,Odysee__1000416,PA
2021-11-17,Node_5e66cdb3,Node_5e66cdb3,TG,Odysee,TG__500,Odysee__1000237,PA
2021-09-29,Node_e3e7ab35,Node_5e66cdb3,TG,Odysee,TG__313,Odysee__1000237,PA
2023-11-08,Node_5e66cdb3,Node_5e66cdb3,TG,Odysee,TG__500,Odysee__1000237,PA
2022-12-02,Node_e3e7ab35,Node_c3f68a2c,TG,Odysee,TG__313,Odysee__1000798,PA
2022-06-22,Node_e3e7ab35,Node_5e66cdb3,TG,Odysee,TG__313,Odysee__1000237,PA
2023-08-16,Node_e3e7ab35,Node_5e66cdb3,TG,Odysee,TG__313,Odysee__1000237,PA
2022-03-10,Node_e3e7ab35,Node_854b86cc,TG,Odysee,TG__313,Odysee__1000424,PA
2023-10-22,Node_5e66cdb3,Node_5e66cdb3,TG,Odysee,TG__500,Odysee__1000237,PA
2023-10-22,Node_5e66cdb3,Node_5e66cdb3,TG,Odysee,TG__500,Odysee__1000237,PA
2022-07-20,Node_5e66cdb3,Node_5e66cdb3,TG,Odysee,TG__500,Odysee__1000237,PA
2023-10-09,Node_9f50e6d3,Node_5e66cdb3,Gab,Odysee,Gab__10,Odysee__1000237,
2023-01-19,Node_5e66cdb3,Node_5e66cdb3,TG,Odysee,TG__500,Odysee__1000237,PA
2022-09-06,Node_e3e7ab35,Node_79604ecf,TG,Odysee,TG__313,Odysee__1000617,PA
2023-07-12,Node_5e66cdb3,Node_5e66cdb3,TG,Odysee,TG__500,Odysee__1000237,PA
2021-07-27,Node_e3e7ab35,Node_30ed85c2,TG,Odysee,TG__313,Odysee__1000416,PA
2021-07-21,Node_e3e7ab35,Node_5e66cdb3,TG,Odysee,TG__313,Odysee__1000237,PA
2021-12-15,Node_5e66cdb3,Node_5e66cdb3,TG,Odysee,TG__500,Odysee__1000237,PA
2022-11-30,Node_5e66cdb3,Node_5e66cdb3,TG,Odysee,TG__500,Odysee__1000237,PA
2021-07-04,Node_5e66cdb3,Node_5e66cdb3,TG,Odysee,TG__500,Odysee__1000237,PA
2021-06-16,Node_5e66cdb3,Node_5e66cdb3,TG,Odysee,TG__500,Odysee__1000237,PA
2023-08-06,Node_e3e7ab35,Node_5e66cdb3,TG,Odysee,TG__313,Odysee__1000237,PA
2023-01-12,Node_e3e7ab35,Node_5e66cdb3,TG,Odysee,TG__313,Odysee__1000237,PA
2023-01-27,Node_e3e7ab35,Node_5e66cdb3,TG,Odysee,TG__313,Odysee__1000237,PA
2021-11-06,Node_5e66cdb3,Node_854b86cc,TG,Odysee,TG__500,Odysee__1000424,PA
2023-01-16,Node_5e66cdb3,Node_30ed85c2,TG,Odysee,TG__500,Odysee__1000416,PA
2023-01-23,Node_5e66cdb3,Node_30ed85c2,TG,Odysee,TG__500,Odysee__1000416,PA
2021-03-22,Node_5e66cdb3,Node_5e66cdb3,TG,Odysee,TG__500,Odysee__1000237,PA
2021-10-25,Node_5e66cdb3,Node_30ed85c2,TG,Odysee,TG__500,Odysee__1000416,PA
2021-12-19,Node_5e66cdb3,Node_5e66cdb3,TG,Odysee,TG__500,Odysee__1000237,PA
2021-12-24,Node_5e66cdb3,Node_5e66cdb3,TG,Odysee,TG__500,Odysee__1000237,PA
2021-06-02,Node_e3e7ab35,Node_5e66cdb3,TG,Odysee,TG__313,Odysee__1000237,PA
2023-05-12,Node_e3e7ab35,Node_5e66cdb3,TG,Odysee,TG__313,Odysee__1000237,PA
2022-12-09,Node_e3e7ab35,Node_854b86cc,TG,Odysee,TG__313,Odysee__1000424,PA
2023-02-15,Node_5e66cdb3,Node_5e66cdb3,TG,Odysee,TG__500,Odysee__1000237,PA
2023-09-06,Node_e3e7ab35,Node_5e66cdb3,TG,Odysee,TG__313,Odysee__1000237,PA
2021-05-28,Node_6d8ae659,Node_5e66cdb3,TG,Odysee,TG__497,Odysee__1000237,
2021-10-24,Node_e3e7ab35,Node_5e66cdb3,TG,Odysee,TG__313,Odysee__1000237,PA
2023-02-23,Node_e3e7ab35,Node_5e66cdb3,TG,Odysee,TG__313,Odysee__1000237,PA
2021-10-18,Node_e3e7ab35,Node_30ed85c2,TG,Odysee,TG__313,Odysee__1000416,PA
2023-04-07,Node_5e66cdb3,Node_5e66cdb3,TG,Odysee,TG__500,Odysee__1000237,PA
2023-05-03,Node_5e66cdb3,Node_5e66cdb3,TG,Odysee,TG__500,Odysee__1000237,PA
2021-11-20,Node_e3e7ab35,Node_854b86cc,TG,Odysee,TG__313,Odysee__1000424,PA
2022-03-12,Node_5e66cdb3,Node_854b86cc,TG,Odysee,TG__500,Odysee__1000424,PA
2023-12-13,Node_e3e7ab35,Node_5e66cdb3,TG,Odysee,TG__313,Odysee__1000237,PA
2021-10-12,Node_e3e7ab35,Node_30ed85c2,TG,Odysee,TG__313,Odysee__1000416,PA
2022-12-18,Node_e3e7ab35,Node_5e66cdb3,TG,Odysee,TG__313,Odysee__1000237,PA
2021-08-04,Node_5e66cdb3,Node_5e66cdb3,TG,Odysee,TG__500,Odysee__1000237,PA
2022-11-06,Node_e3e7ab35,Node_854b86cc,TG,Odysee,TG__313,Odysee__1000424,PA
2022-06-13,Node_5e66cdb3,Node_30ed85c2,TG,Odysee,TG__500,Odysee__1000416,PA
2021-05-14,Node_6d8ae659,Node_5e66cdb3,TG,Odysee,TG__497,Odysee__1000237,
2022-07-13,Node_5e66cdb3,Node_5e66cdb3,TG,Odysee,TG__500,Odysee__1000237,PA
2022-02-21,Node_e3e7ab35,Node_30ed85c2,TG,Odysee,TG__313,Odysee__1000416,PA
2022-03-30,Node_5e66cdb3,Node_5e66cdb3,TG,Odysee,TG__500,Odysee__1000237,PA
2022-02-20,Node_5e66cdb3,Node_5e66cdb3,TG,Odysee,TG__500,Odysee__1000237,PA
2021-10-08,Node_5e66cdb3,Node_5e66cdb3,TG,Odysee,TG__500,Odysee__1000237,PA
2024-01-05,Node_5e66cdb3,Node_5e66cdb3,TG,Odysee,TG__500,Odysee__1000237,PA
2021-09-02,Node_5e66cdb3,Node_5e66cdb3,TG,Odysee,TG__500,Odysee__1000237,PA
2023-11-24,Node_5e66cdb3,Node_5e66cdb3,TG,Odysee,TG__500,Odysee__1000237,PA
2021-08-17,Node_5e66cdb3,Node_5e66cdb3,TG,Odysee,TG__500,Odysee__1000237,PA
2021-12-12,Node_e3e7ab35,Node_5e66cdb3,TG,Odysee,TG__313,Odysee__1000237,PA
2021-10-10,Node_6d8ae659,Node_5e66cdb3,TG,Odysee,TG__497,Odysee__1000237,
2023-04-14,Node_5e66cdb3,Node_5e66cdb3,TG,Odysee,TG__500,Odysee__1000237,PA
2023-03-18,Node_e3e7ab35,Node_854b86cc,TG,Odysee,TG__313,Odysee__1000424,PA
2023-10-09,Node_e3e7ab35,Node_30ed85c2,TG,Odysee,TG__313,Odysee__1000416,PA
2021-09-27,Node_5e66cdb3,Node_30ed85c2,TG,Odysee,TG__500,Odysee__1000416,PA
2022-02-04,Node_e3e7ab35,Node_5e66cdb3,TG,Odysee,TG__313,Odysee__1000237,PA
2022-04-13,Node_e3e7ab35,Node_5e66cdb3,TG,Odysee,TG__313,Odysee__1000237,PA
2021-10-15,Node_e3e7ab35,Node_5e66cdb3,TG,Odysee,TG__313,Odysee__1000237,PA
2022-05-01,Node_6d8ae659,Node_5e66cdb3,TG,Odysee,TG__497,Odysee__1000237,
2024-01-07,Node_5e66cdb3,Node_5e66cdb3,TG,Odysee,TG__500,Odysee__1000237,PA
2021-06-08,Node_5e66cdb3,Node_5e66cdb3,TG,Odysee,TG__500,Odysee__1000237,PA
2022-01-05,Node_5e66cdb3,Node_5e66cdb3,TG,Odysee,TG__500,Odysee__1000237,PA
2021-04-07,Node_5e66cdb3,Node_5e66cdb3,TG,Odysee,TG__500,Odysee__1000237,PA
2022-09-28,Node_e3e7ab35,Node_5e66cdb3,TG,Odysee,TG__313,Odysee__1000237,PA
2023-08-27,Node_5e66cdb3,Node_5e66cdb3,TG,Odysee,TG__500,Odysee__1000237,PA
2023-02-23,Node_5e66cdb3,Node_5e66cdb3,TG,Odysee,TG__500,Odysee__1000237,PA
2023-03-30,Node_e3e7ab35,Node_854b86cc,TG,Odysee,TG__313,Odysee__1000424,PA
2022-07-13,Node_5e66cdb3,Node_5e66cdb3,TG,Odysee,TG__500,Odysee__1000237,PA
2022-04-06,Node_e3e7ab35,Node_c3f68a2c,TG,Odysee,TG__313,Odysee__1000798,PA
2022-08-07,Node_5e66cdb3,Node_5e66cdb3,TG,Odysee,TG__500,Odysee__1000237,PA
2024-02-28,Node_e3e7ab35,Node_5e66cdb3,TG,Odysee,TG__313,Odysee__1000237,PA
2024-05-15,Node_5e66cdb3,Node_5e66cdb3,TG,Odysee,TG__500,Odysee__1000237,PA
2024-04-07,Node_5e66cdb3,Node_5e66cdb3,TG,Odysee,TG__500,Odysee__1000237,PA
2024-05-19,Node_e3e7ab35,Node_5e66cdb3,TG,Odysee,TG__313,Odysee__1000237,PA
2024-06-23,Node_5e66cdb3,Node_5e66cdb3,TG,Odysee,TG__500,Odysee__1000237,PA
2024-02-26,Node_5e66cdb3,Node_5e66cdb3,TG,Odysee,TG__500,Odysee__1000237,PA
2024-05-29,Node_5e66cdb3,Node_5e66cdb3,TG,Odysee,TG__500,Odysee__1000237,PA
2024-02-23,Node_5e66cdb3,Node_5e66cdb3,TG,Odysee,TG__500,Odysee__1000237,PA
2024-05-17,Node_5e66cdb3,Node_5e66cdb3,TG,Odysee,TG__500,Odysee__1000237,PA
2024-04-21,Node_5e66cdb3,Node_5e66cdb3,TG,Odysee,TG__500,Odysee__1000237,PA
2024-05-22,Node_e3e7ab35,Node_5e66cdb3,TG,Odysee,TG__313,Odysee__1000237,PA
2024-06-26,Node_5e66cdb3,Node_5e66cdb3,TG,Odysee,TG__500,Odysee__1000237,PA
2024-05-01,Node_e3e7ab35,Node_5e66cdb3,TG,Odysee,TG__313,Odysee__1000237,PA
2024-05-01,Node_5e66cdb3,Node_5e66cdb3,TG,Odysee,TG__500,Odysee__1000237,PA
2024-03-01,Node_5e66cdb3,Node_5e66cdb3,TG,Odysee,TG__500,Odysee__1000237,PA
2024-04-11,Node_5e66cdb3,Node_5e66cdb3,TG,Odysee,TG__500,Odysee__1000237,PA
2024-06-07,Node_e3e7ab35,Node_5e66cdb3,TG,Odysee,TG__313,Odysee__1000237,PA
2024-03-17,Node_5e66cdb3,Node_5e66cdb3,TG,Odysee,TG__500,Odysee__1000237,PA
2024-02-29,Node_5e66cdb3,Node_5e66cdb3,TG,Odysee,TG__500,Odysee__1000237,PA
2024-06-21,Node_5e66cdb3,Node_5e66cdb3,TG,Odysee,TG__500,Odysee__1000237,PA
2024-04-21,Node_5e66cdb3,Node_5e66cdb3,TG,Odysee,TG__500,Odysee__1000237,PA
2024-06-23,Node_5e66cdb3,Node_5e66cdb3,TG,Odysee,TG__500,Odysee__1000237,PA
2024-06-16,Node_5e66cdb3,Node_5e66cdb3,TG,Odysee,TG__500,Odysee__1000237,PA
2024-06-07,Node_5e66cdb3,Node_5e66cdb3,TG,Odysee,TG__500,Odysee__1000237,PA
2024-06-21,Node_5e66cdb3,Node_5e66cdb3,TG,Odysee,TG__500,Odysee__1000237,PA
2024-03-22,Node_5e66cdb3,Node_5e66cdb3,TG,Odysee,TG__500,Odysee__1000237,PA
2024-02-08,Node_5e66cdb3,Node_5e66cdb3,TG,Odysee,TG__500,Odysee__1000237,PA
2024-05-09,Node_5e66cdb3,Node_5e66cdb3,TG,Odysee,TG__500,Odysee__1000237,PA
2024-05-29,Node_5e66cdb3,Node_5e66cdb3,TG,Odysee,TG__500,Odysee__1000237,PA
2024-05-24,Node_5e66cdb3,Node_5e66cdb3,TG,Odysee,TG__500,Odysee__1000237,PA
2024-05-29,Node_e3e7ab35,Node_5e66cdb3,TG,Odysee,TG__313,Odysee__1000237,PA
2024-05-01,Node_e3e7ab35,Node_5e66cdb3,TG,Odysee,TG__313,Odysee__1000237,PA
2024-02-14,Node_e3e7ab35,Node_5e66cdb3,TG,Odysee,TG__313,Odysee__1000237,PA
2024-03-29,Node_5e66cdb3,Node_5e66cdb3,TG,Odysee,TG__500,Odysee__1000237,PA
2024-06-28,Node_5e66cdb3,Node_5e66cdb3,TG,Odysee,TG__500,Odysee__1000237,PA
2024-04-07,Node_5e66cdb3,Node_5e66cdb3,TG,Odysee,TG__500,Odysee__1000237,PA
2024-04-04,Node_5e66cdb3,Node_5e66cdb3,TG,Odysee,TG__500,Odysee__1000237,PA
2024-05-31,Node_e3e7ab35,Node_5e66cdb3,TG,Odysee,TG__313,Odysee__1000237,PA
2024-04-03,Node_5e66cdb3,Node_5e66cdb3,TG,Odysee,TG__500,Odysee__1000237,PA
2024-05-15,Node_e3e7ab35,Node_5e66cdb3,TG,Odysee,TG__313,Odysee__1000237,PA
2024-05-08,Node_5e66cdb3,Node_5e66cdb3,TG,Odysee,TG__500,Odysee__1000237,PA
2024-06-12,Node_5e66cdb3,Node_5e66cdb3,TG,Odysee,TG__500,Odysee__1000237,PA
2024-04-26,Node_5e66cdb3,Node_5e66cdb3,TG,Odysee,TG__500,Odysee__1000237,PA
2024-05-03,Node_5e66cdb3,Node_5e66cdb3,TG,Odysee,TG__500,Odysee__1000237,PA
2024-04-03,Node_5e66cdb3,Node_5e66cdb3,TG,Odysee,TG__500,Odysee__1000237,PA
2024-02-22,Node_5e66cdb3,Node_5e66cdb3,TG,Odysee,TG__500,Odysee__1000237,PA
2024-02-16,Node_e3e7ab35,Node_5e66cdb3,TG,Odysee,TG__313,Odysee__1000237,PA
2024-04-17,Node_5e66cdb3,Node_5e66cdb3,TG,Odysee,TG__500,Odysee__1000237,PA
2024-03-29,Node_e3e7ab35,Node_5e66cdb3,TG,Odysee,TG__313,Odysee__1000237,PA
2024-05-31,Node_5e66cdb3,Node_5e66cdb3,TG,Odysee,TG__500,Odysee__1000237,PA
2024-05-30,Node_5e66cdb3,Node_5e66cdb3,TG,Odysee,TG__500,Odysee__1000237,PA
2024-02-14,Node_5e66cdb3,Node_5e66cdb3,TG,Odysee,TG__500,Odysee__1000237,PA
2024-05-08,Node_5e66cdb3,Node_5e66cdb3,TG,Odysee,TG__500,Odysee__1000237,PA
2024-04-28,Node_5e66cdb3,Node_5e66cdb3,TG,Odysee,TG__500,Odysee__1000237,PA
2024-05-12,Node_5e66cdb3,Node_5e66cdb3,TG,Odysee,TG__500,Odysee__1000237,PA
2024-06-12,Node_5e66cdb3,Node_5e66cdb3,TG,Odysee,TG__500,Odysee__1000237,PA
2024-02-10,Node_5e66cdb3,Node_5e66cdb3,TG,Odysee,TG__500,Odysee__1000237,PA
2024-02-09,Node_5e66cdb3,Node_5e66cdb3,TG,Odysee,TG__500,Odysee__1000237,PA
2024-05-22,Node_5e66cdb3,Node_5e66cdb3,TG,Odysee,TG__500,Odysee__1000237,PA
2024-05-03,Node_e3e7ab35,Node_5e66cdb3,TG,Odysee,TG__313,Odysee__1000237,PA
2024-05-19,Node_5e66cdb3,Node_5e66cdb3,TG,Odysee,TG__500,Odysee__1000237,PA
2024-06-05,Node_5e66cdb3,Node_5e66cdb3,TG,Odysee,TG__500,Odysee__1000237,PA
2024-06-28,Node_5e66cdb3,Node_5e66cdb3,TG,Odysee,TG__500,Odysee__1000237,PA
2024-05-03,Node_5e66cdb3,Node_5e66cdb3,TG,Odysee,TG__500,Odysee__1000237,PA
2024-05-29,Node_33e9c1c9,Node_5e66cdb3,Gab,Odysee,Gab__11,Odysee__1000237,
2024-05-24,Node_5e66cdb3,Node_5e66cdb3,TG,Odysee,TG__500,Odysee__1000237,PA
2024-06-09,Node_5e66cdb3,Node_5e66cdb3,TG,Odysee,TG__500,Odysee__1000237,PA
2024-06-26,Node_e3e7ab35,Node_5e66cdb3,TG,Odysee,TG__313,Odysee__1000237,PA
2024-04-05,Node_5e66cdb3,Node_5e66cdb3,TG,Odysee,TG__500,Odysee__1000237,PA
2024-05-03,Node_e3e7ab35,Node_5e66cdb3,TG,Odysee,TG__313,Odysee__1000237,PA
2024-03-27,Node_e3e7ab35,Node_5e66cdb3,TG,Odysee,TG__313,Odysee__1000237,PA
2024-03-17,Node_e3e7ab35,Node_5e66cdb3,TG,Odysee,TG__313,Odysee__1000237,PA
2024-05-10,Node_e3e7ab35,Node_5e66cdb3,TG,Odysee,TG__313,Odysee__1000237,PA
2024-05-15,Node_5e66cdb3,Node_5e66cdb3,TG,Odysee,TG__500,Odysee__1000237,PA
2024-04-24,Node_5e66cdb3,Node_5e66cdb3,TG,Odysee,TG__500,Odysee__1000237,PA
2024-04-12,Node_e3e7ab35,Node_5e66cdb3,TG,Odysee,TG__313,Odysee__1000237,PA
2024-03-27,Node_5e66cdb3,Node_5e66cdb3,TG,Odysee,TG__500,Odysee__1000237,PA
2024-02-22,Node_e3e7ab35,Node_5e66cdb3,TG,Odysee,TG__313,Odysee__1000237,PA
2024-06-16,Node_5e66cdb3,Node_5e66cdb3,TG,Odysee,TG__500,Odysee__1000237,PA
2024-04-24,Node_5e66cdb3,Node_5e66cdb3,TG,Odysee,TG__500,Odysee__1000237,PA
2024-05-10,Node_5e66cdb3,Node_5e66cdb3,TG,Odysee,TG__500,Odysee__1000237,PA
2024-05-12,Node_5e66cdb3,Node_5e66cdb3,TG,Odysee,TG__500,Odysee__1000237,PA
2024-03-20,Node_5e66cdb3,Node_5e66cdb3,TG,Odysee,TG__500,Odysee__1000237,PA
2024-04-05,Node_5e66cdb3,Node_5e66cdb3,TG,Odysee,TG__500,Odysee__1000237,PA
2024-03-20,Node_5e66cdb3,Node_5e66cdb3,TG,Odysee,TG__500,Odysee__1000237,PA
2024-02-18,Node_5e66cdb3,Node_5e66cdb3,TG,Odysee,TG__500,Odysee__1000237,PA
2024-02-29,Node_e3e7ab35,Node_5e66cdb3,TG,Odysee,TG__313,Odysee__1000237,PA
2024-04-18,Node_5e66cdb3,Node_5e66cdb3,TG,Odysee,TG__500,Odysee__1000237,PA
2024-05-10,Node_5e66cdb3,Node_5e66cdb3,TG,Odysee,TG__500,Odysee__1000237,PA
2024-02-25,Node_5e66cdb3,Node_5e66cdb3,TG,Odysee,TG__500,Odysee__1000237,PA
2024-06-07,Node_5e66cdb3,Node_5e66cdb3,TG,Odysee,TG__500,Odysee__1000237,PA
2024-06-21,Node_e3e7ab35,Node_5e66cdb3,TG,Odysee,TG__313,Odysee__1000237,PA
2024-04-10,Node_e3e7ab35,Node_5e66cdb3,TG,Odysee,TG__313,Odysee__1000237,PA
2024-04-17,Node_5e66cdb3,Node_5e66cdb3,TG,Odysee,TG__500,Odysee__1000237,PA
2024-06-18,Node_5e66cdb3,Node_5e66cdb3,TG,Odysee,TG__500,Odysee__1000237,PA
2024-04-19,Node_5e66cdb3,Node_5e66cdb3,TG,Odysee,TG__500,Odysee__1000237,PA
2024-05-31,Node_5e66cdb3,Node_5e66cdb3,TG,Odysee,TG__500,Odysee__1000237,PA
2024-02-23,Node_5e66cdb3,Node_5e66cdb3,TG,Odysee,TG__500,Odysee__1000237,PA
2024-06-12,Node_e3e7ab35,Node_5e66cdb3,TG,Odysee,TG__313,Odysee__1000237,PA
2024-02-16,Node_5e66cdb3,Node_5e66cdb3,TG,Odysee,TG__500,Odysee__1000237,PA
2024-04-26,Node_5e66cdb3,Node_5e66cdb3,TG,Odysee,TG__500,Odysee__1000237,PA
2024-02-23,Node_5e66cdb3,Node_5e66cdb3,TG,Odysee,TG__500,Odysee__1000237,PA
2024-02-09,Node_5e66cdb3,Node_5e66cdb3,TG,Odysee,TG__500,Odysee__1000237,PA
2024-05-01,Node_5e66cdb3,Node_5e66cdb3,TG,Odysee,TG__500,Odysee__1000237,PA
2024-05-19,Node_5e66cdb3,Node_5e66cdb3,TG,Odysee,TG__500,Odysee__1000237,PA
2024-03-20,Node_e3e7ab35,Node_5e66cdb3,TG,Odysee,TG__313,Odysee__1000237,PA
2024-02-11,Node_5e66cdb3,Node_5e66cdb3,TG,Odysee,TG__500,Odysee__1000237,PA
2024-06-09,Node_5e66cdb3,Node_5e66cdb3,TG,Odysee,TG__500,Odysee__1000237,PA
2024-04-28,Node_5e66cdb3,Node_5e66cdb3,TG,Odysee,TG__500,Odysee__1000237,PA
2024-04-10,Node_5e66cdb3,Node_5e66cdb3,TG,Odysee,TG__500,Odysee__1000237,PA
2024-03-01,Node_5e66cdb3,Node_5e66cdb3,TG,Odysee,TG__500,Odysee__1000237,PA
2024-06-19,Node_5e66cdb3,Node_5e66cdb3,TG,Odysee,TG__500,Odysee__1000237,PA
2024-06-14,Node_5e66cdb3,Node_5e66cdb3,TG,Odysee,TG__500,Odysee__1000237,PA
2024-04-14,Node_5e66cdb3,Node_5e66cdb3,TG,Odysee,TG__500,Odysee__1000237,PA
2024-06-26,Node_5e66cdb3,Node_5e66cdb3,TG,Odysee,TG__500,Odysee__1000237,PA
2024-03-22,Node_e3e7ab35,Node_5e66cdb3,TG,Odysee,TG__313,Odysee__1000237,PA
2024-02-25,Node_e3e7ab35,Node_5e66cdb3,TG,Odysee,TG__313,Odysee__1000237,PA
2024-03-29,Node_e3e7ab35,Node_5e66cdb3,TG,Odysee,TG__313,Odysee__1000237,PA
2024-03-17,Node_5e66cdb3,Node_5e66cdb3,TG,Odysee,TG__500,Odysee__1000237,PA
2024-02-28,Node_5e66cdb3,Node_5e66cdb3,TG,Odysee,TG__500,Odysee__1000237,PA
2024-04-05,Node_e3e7ab35,Node_5e66cdb3,TG,Odysee,TG__313,Odysee__1000237,PA
2024-05-22,Node_5e66cdb3,Node_5e66cdb3,TG,Odysee,TG__500,Odysee__1000237,PA
2024-06-05,Node_5e66cdb3,Node_5e66cdb3,TG,Odysee,TG__500,Odysee__1000237,PA
2024-02-15,Node_5e66cdb3,Node_30ed85c2,TG,Odysee,TG__500,Odysee__1000416,PA
2024-02-16,Node_5e66cdb3,Node_5e66cdb3,TG,Odysee,TG__500,Odysee__1000237,PA
2024-04-10,Node_5e66cdb3,Node_5e66cdb3,TG,Odysee,TG__500,Odysee__1000237,PA
2024-04-12,Node_5e66cdb3,Node_5e66cdb3,TG,Odysee,TG__500,Odysee__1000237,PA
2024-06-19,Node_5e66cdb3,Node_5e66cdb3,TG,Odysee,TG__500,Odysee__1000237,PA
2024-02-15,Node_5e66cdb3,Node_5e66cdb3,TG,Odysee,TG__500,Odysee__1000237,PA
2024-05-17,Node_5e66cdb3,Node_5e66cdb3,TG,Odysee,TG__500,Odysee__1000237,PA
2024-02-19,Node_5e66cdb3,Node_5e66cdb3,TG,Odysee,TG__500,Odysee__1000237,PA
2024-02-24,Node_5e66cdb3,Node_5e66cdb3,TG,Odysee,TG__500,Odysee__1000237,PA
2024-02-07,Node_5e66cdb3,Node_5e66cdb3,TG,Odysee,TG__500,Odysee__1000237,PA
2024-04-03,Node_e3e7ab35,Node_5e66cdb3,TG,Odysee,TG__313,Odysee__1000237,PA
2024-02-21,Node_5e66cdb3,Node_5e66cdb3,TG,Odysee,TG__500,Odysee__1000237,PA
2024-04-14,Node_5e66cdb3,Node_5e66cdb3,TG,Odysee,TG__500,Odysee__1000237,PA
2024-03-22,Node_5e66cdb3,Node_5e66cdb3,TG,Odysee,TG__500,Odysee__1000237,PA
2024-03-15,Node_5e66cdb3,Node_5e66cdb3,TG,Odysee,TG__500,Odysee__1000237,PA
2024-03-27,Node_5e66cdb3,Node_5e66cdb3,TG,Odysee,TG__500,Odysee__1000237,PA
2024-03-29,Node_5e66cdb3,Node_5e66cdb3,TG,Odysee,TG__500,Odysee__1000237,PA
2024-05-03,Node_5e66cdb3,Node_5e66cdb3,TG,Odysee,TG__500,Odysee__1000237,PA
2024-04-03,Node_e3e7ab35,Node_5e66cdb3,TG,Odysee,TG__313,Odysee__1000237,PA
2024-02-12,Node_5e66cdb3,Node_5e66cdb3,TG,Odysee,TG__500,Odysee__1000237,PA
2022-08-09,Node_9f50e6d3,Node_c3f68a2c,Gab,TG,Gab__10,TG__1001709,
2022-10-20,Node_9f50e6d3,Node_5e66cdb3,Gab,Bitchute,Gab__10,Bitchute__29,
2022-10-29,Node_9f50e6d3,Node_5e66cdb3,Gab,Bitchute,Gab__10,Bitchute__29,
2019-12-12,Node_398faf13,Node_5e66cdb3,Gab,Bitchute,Gab__56,Bitchute__29,
2020-01-07,Node_427d5b30,Node_30ed85c2,Gab,Bitchute,Gab__5,Bitchute__1000138,
2019-09-04,Node_9f50e6d3,Node_30ed85c2,Gab,Bitchute,Gab__10,Bitchute__1000138,
2019-09-27,Node_9f50e6d3,Node_5e66cdb3,Gab,Bitchute,Gab__10,Bitchute__29,
2019-11-15,Node_427d5b30,Node_5e66cdb3,Gab,Bitchute,Gab__5,Bitchute__29,
2019-10-19,Node_9f50e6d3,Node_5e66cdb3,Gab,Bitchute,Gab__10,Bitchute__29,
2019-10-24,Node_0d2904b3,Node_5e66cdb3,Gab,Bitchute,Gab__87,Bitchute__29,
2019-10-24,Node_1e5270d3,Node_5e66cdb3,Gab,Bitchute,Gab__101,Bitchute__29,
2019-12-11,Node_1e5270d3,Node_30ed85c2,Gab,Bitchute,Gab__101,Bitchute__1000138,
2019-09-27,Node_427d5b30,Node_5e66cdb3,Gab,Bitchute,Gab__5,Bitchute__29,
2020-01-07,Node_f5184a56,Node_30ed85c2,Gab,Bitchute,Gab__7,Bitchute__1000138,
2019-10-24,Node_9f50e6d3,Node_5e66cdb3,Gab,Bitchute,Gab__10,Bitchute__29,
2019-08-30,Node_427d5b30,Node_5e66cdb3,Gab,Bitchute,Gab__5,Bitchute__29,
2019-10-19,Node_1e5270d3,Node_5e66cdb3,Gab,Bitchute,Gab__101,Bitchute__29,
2019-08-01,Node_427d5b30,Node_5e66cdb3,Gab,Bitchute,Gab__5,Bitchute__29,
2019-12-12,Node_9f50e6d3,Node_5e66cdb3,Gab,Bitchute,Gab__10,Bitchute__29,
2020-02-13,Node_427d5b30,Node_5e66cdb3,Gab,Bitchute,Gab__5,Bitchute__29,
2020-02-16,Node_9f50e6d3,Node_30ed85c2,Gab,Bitchute,Gab__10,Bitchute__1000138,
2020-02-19,Node_9f50e6d3,Node_5e66cdb3,Gab,Bitchute,Gab__10,Bitchute__29,
2019-09-27,Node_24915fb5,Node_5e66cdb3,Gab,Bitchute,Gab__20,Bitchute__29,
2022-08-03,Node_9f50e6d3,Node_5e66cdb3,Gab,Bitchute,Gab__10,Bitchute__29,
2020-02-14,Node_9f50e6d3,Node_5e66cdb3,Gab,Bitchute,Gab__10,Bitchute__29,
2019-11-22,Node_427d5b30,Node_30ed85c2,Gab,Bitchute,Gab__5,Bitchute__1000138,
2019-10-19,Node_427d5b30,Node_5e66cdb3,Gab,Bitchute,Gab__5,Bitchute__29,
2019-11-03,Node_f5184a56,Node_30ed85c2,Gab,Bitchute,Gab__7,Bitchute__1000138,
2020-02-20,Node_0d2904b3,Node_5e66cdb3,Gab,Bitchute,Gab__87,Bitchute__29,
2022-08-10,Node_9f50e6d3,Node_5e66cdb3,Gab,Bitchute,Gab__10,Bitchute__29,
2019-10-24,Node_0d2904b3,Node_30ed85c2,Gab,Bitchute,Gab__87,Bitchute__1000138,
2020-02-06,Node_427d5b30,Node_5e66cdb3,Gab,Bitchute,Gab__5,Bitchute__29,
2019-08-22,Node_9f50e6d3,Node_5e66cdb3,Gab,Bitchute,Gab__10,Bitchute__29,
2020-01-07,Node_0d2904b3,Node_30ed85c2,Gab,Bitchute,Gab__87,Bitchute__1000138,
2019-08-18,Node_427d5b30,Node_30ed85c2,Gab,Bitchute,Gab__5,Bitchute__1000138,
2019-09-14,Node_9f50e6d3,Node_5e66cdb3,Gab,Bitchute,Gab__10,Bitchute__29,
2019-08-30,Node_9f50e6d3,Node_5e66cdb3,Gab,Bitchute,Gab__10,Bitchute__29,
2019-11-15,Node_427d5b30,Node_5e66cdb3,Gab,Bitchute,Gab__5,Bitchute__29,
2020-02-13,Node_0d2904b3,Node_5e66cdb3,Gab,Bitchute,Gab__87,Bitchute__29,
2020-02-09,Node_427d5b30,Node_30ed85c2,Gab,Bitchute,Gab__5,Bitchute__1000138,
2019-12-21,Node_0d2904b3,Node_30ed85c2,Gab,Bitchute,Gab__87,Bitchute__1000138,
2020-02-20,Node_9f50e6d3,Node_5e66cdb3,Gab,Bitchute,Gab__10,Bitchute__29,
2019-09-20,Node_24915fb5,Node_5e66cdb3,Gab,Bitchute,Gab__20,Bitchute__29,
2019-08-01,Node_24915fb5,Node_5e66cdb3,Gab,Bitchute,Gab__20,Bitchute__29,
2019-11-22,Node_24915fb5,Node_30ed85c2,Gab,Bitchute,Gab__20,Bitchute__1000138,
2019-10-24,Node_24915fb5,Node_30ed85c2,Gab,Bitchute,Gab__20,Bitchute__1000138,
2019-11-22,Node_9f50e6d3,Node_5e66cdb3,Gab,Bitchute,Gab__10,Bitchute__29,
2019-10-24,Node_f5184a56,Node_5e66cdb3,Gab,Bitchute,Gab__7,Bitchute__29,
2019-08-22,Node_9f50e6d3,Node_30ed85c2,Gab,Bitchute,Gab__10,Bitchute__1000138,
2020-01-07,Node_24915fb5,Node_30ed85c2,Gab,Bitchute,Gab__20,Bitchute__1000138,
2019-12-27,Node_9f50e6d3,Node_5e66cdb3,Gab,Bitchute,Gab__10,Bitchute__29,
2020-12-03,Node_9f50e6d3,Node_5e66cdb3,Gab,Bitchute,Gab__10,Bitchute__29,
2020-03-28,Node_0d2904b3,Node_5e66cdb3,Gab,Bitchute,Gab__87,Bitchute__29,
2021-01-06,Node_9f50e6d3,Node_5e66cdb3,Gab,Bitchute,Gab__10,Bitchute__29,
2020-03-19,Node_9f50e6d3,Node_5e66cdb3,Gab,Bitchute,Gab__10,Bitchute__29,
2020-03-20,Node_0d2904b3,Node_5e66cdb3,Gab,Bitchute,Gab__87,Bitchute__29,
2021-02-21,Node_9f50e6d3,Node_5e66cdb3,Gab,Bitchute,Gab__10,Bitchute__29,
2021-08-06,Node_9f50e6d3,Node_5e66cdb3,Gab,Bitchute,Gab__10,Bitchute__29,
2021-07-13,Node_e3e7ab35,Node_5e66cdb3,TG,Bitchute,TG__313,Bitchute__29,PA
2020-01-28,Node_a25e0f9a,Node_5e66cdb3,TG,Bitchute,TG__68,Bitchute__29,
2020-06-17,Node_9f50e6d3,Node_5f04d110,Gab,Gab,Gab__10,Gab__284,
2020-06-13,Node_9f50e6d3,Node_5f04d110,Gab,Gab,Gab__10,Gab__284,
2020-05-25,Node_9f50e6d3,Node_5f04d110,Gab,Gab,Gab__10,Gab__284,
2020-06-20,Node_9f50e6d3,Node_5f04d110,Gab,Gab,Gab__10,Gab__284,
2020-12-29,Node_e3e7ab35,Node_f2e29b8b,TG,YouTube,TG__313,YouTube__1226654,PA
2024-08-09,Node_5e66cdb3,Node_5e66cdb3,TG,Bitchute,TG__500,Bitchute__29,PA
2024-07-11,Node_5e66cdb3,Node_5e66cdb3,TG,Bitchute,TG__500,Bitchute__29,PA
2024-08-09,Node_5e66cdb3,Node_5e66cdb3,TG,Bitchute,TG__500,Bitchute__29,PA
2024-07-18,Node_5e66cdb3,Node_5e66cdb3,TG,Bitchute,TG__500,Bitchute__29,PA
2024-07-05,Node_5e66cdb3,Node_5e66cdb3,TG,Bitchute,TG__500,Bitchute__29,PA
2024-07-26,Node_5e66cdb3,Node_5e66cdb3,TG,Odysee,TG__500,Odysee__1000237,PA
2024-07-21,Node_5e66cdb3,Node_5e66cdb3,TG,Odysee,TG__500,Odysee__1000237,PA
2024-08-09,Node_e3e7ab35,Node_5e66cdb3,TG,Odysee,TG__313,Odysee__1000237,PA
2024-07-10,Node_5e66cdb3,Node_5e66cdb3,TG,Odysee,TG__500,Odysee__1000237,PA
2024-07-05,Node_5e66cdb3,Node_5e66cdb3,TG,Odysee,TG__500,Odysee__1000237,PA
2024-07-24,Node_5e66cdb3,Node_5e66cdb3,TG,Odysee,TG__500,Odysee__1000237,PA
2024-06-28,Node_5e66cdb3,Node_5e66cdb3,TG,Bitchute,TG__500,Bitchute__29,PA
2022-02-07,Node_e3e7ab35,Node_16eb640b,TG,Gab,TG__313,Gab__1001832,PA
2021-01-13,Node_6d8ae659,Node_854b86cc,TG,Gab,TG__497,Gab__1004568,
2021-03-15,Node_e3e7ab35,Node_16eb640b,TG,Gab,TG__313,Gab__1001832,PA
2021-07-17,Node_e3e7ab35,Node_350f41b0,TG,TG,TG__313,TG__1008125,PA
2023-03-01,Node_9f50e6d3,Node_5e66cdb3,Gab,TG,Gab__10,TG__500,
2022-09-09,Node_e3e7ab35,Node_73980c34,TG,TG,TG__313,TG__1006403,PA
2021-10-16,Node_e3e7ab35,Node_5e66cdb3,TG,TG,TG__313,TG__500,PA
2023-07-21,Node_e3e7ab35,Node_5e66cdb3,TG,TG,TG__313,TG__500,PA
2023-06-03,Node_5e66cdb3,Node_79604ecf,TG,TG,TG__500,TG__1006402,PA
2021-11-23,Node_e3e7ab35,Node_88904165,TG,TG,TG__313,TG__1001790,PA
2023-11-11,Node_e3e7ab35,Node_e3e7ab35,TG,TG,TG__313,TG__313,PA
2023-01-10,Node_5e66cdb3,Node_5e66cdb3,TG,TG,TG__500,TG__500,PA
2022-10-31,Node_e3e7ab35,Node_e3e7ab35,TG,TG,TG__313,TG__313,PA
2023-04-23,Node_5e66cdb3,Node_30ed85c2,TG,TG,TG__500,TG__482,PA
2020-11-10,Node_dfac1701,Node_5e66cdb3,TG,TG,TG__158,TG__500,
2021-01-12,Node_6d8ae659,Node_5e66cdb3,TG,TG,TG__497,TG__500,
2022-11-26,Node_5e66cdb3,Node_21345e53,TG,TG,TG__500,TG__1001447,PA
2023-01-27,Node_e3e7ab35,Node_5e66cdb3,TG,Bitchute,TG__313,Bitchute__29,PA
2021-12-24,Node_5e66cdb3,Node_5e66cdb3,TG,Bitchute,TG__500,Bitchute__29,PA
2021-02-05,Node_5e66cdb3,Node_5e66cdb3,TG,Bitchute,TG__500,Bitchute__29,PA
2023-04-07,Node_5e66cdb3,Node_5e66cdb3,TG,Bitchute,TG__500,Bitchute__29,PA
2021-01-20,Node_e3e7ab35,Node_30ed85c2,TG,Bitchute,TG__313,Bitchute__1000138,PA
2021-03-19,Node_5e66cdb3,Node_5e66cdb3,TG,Bitchute,TG__500,Bitchute__29,PA
2024-01-05,Node_5e66cdb3,Node_5e66cdb3,TG,Bitchute,TG__500,Bitchute__29,PA
2023-11-24,Node_5e66cdb3,Node_5e66cdb3,TG,Bitchute,TG__500,Bitchute__29,PA
2021-06-11,Node_5e66cdb3,Node_5e66cdb3,TG,Bitchute,TG__500,Bitchute__29,PA
2021-01-15,Node_5e66cdb3,Node_5e66cdb3,TG,Bitchute,TG__500,Bitchute__29,PA
2023-04-14,Node_5e66cdb3,Node_5e66cdb3,TG,Bitchute,TG__500,Bitchute__29,PA
2022-02-04,Node_e3e7ab35,Node_5e66cdb3,TG,Bitchute,TG__313,Bitchute__29,PA
2021-10-15,Node_e3e7ab35,Node_5e66cdb3,TG,Bitchute,TG__313,Bitchute__29,PA
2023-04-14,Node_5e66cdb3,Node_5e66cdb3,TG,Bitchute,TG__500,Bitchute__29,PA
2023-08-18,Node_5e66cdb3,Node_5e66cdb3,TG,Bitchute,TG__500,Bitchute__29,PA
2022-05-13,Node_5e66cdb3,Node_5e66cdb3,TG,Bitchute,TG__500,Bitchute__29,PA
2021-10-08,Node_5e66cdb3,Node_5e66cdb3,TG,Bitchute,TG__500,Bitchute__29,PA
2023-09-30,Node_9f50e6d3,Node_5e66cdb3,Gab,Bitchute,Gab__10,Bitchute__29,
2019-08-30,Node_5e66cdb3,Node_5e66cdb3,TG,Bitchute,TG__500,Bitchute__29,PA
2023-09-15,Node_5e66cdb3,Node_5e66cdb3,TG,Bitchute,TG__500,Bitchute__29,PA
2020-10-25,Node_e3e7ab35,Node_30ed85c2,TG,Bitchute,TG__313,Bitchute__1000138,PA
2023-04-28,Node_5e66cdb3,Node_5e66cdb3,TG,Bitchute,TG__500,Bitchute__29,PA
2023-07-21,Node_5e66cdb3,Node_5e66cdb3,TG,Bitchute,TG__500,Bitchute__29,PA
2022-09-16,Node_5e66cdb3,Node_5e66cdb3,TG,Bitchute,TG__500,Bitchute__29,PA
2019-10-03,Node_5e66cdb3,Node_5e66cdb3,TG,Bitchute,TG__500,Bitchute__29,PA
2020-08-07,Node_5e66cdb3,Node_5e66cdb3,TG,Bitchute,TG__500,Bitchute__29,PA
2021-01-16,Node_c6d075c4,Node_5e66cdb3,TG,Bitchute,TG__266,Bitchute__29,
2021-04-16,Node_5e66cdb3,Node_5e66cdb3,TG,Bitchute,TG__500,Bitchute__29,PA
2022-09-30,Node_5e66cdb3,Node_5e66cdb3,TG,Bitchute,TG__500,Bitchute__29,PA
2020-07-03,Node_5e66cdb3,Node_5e66cdb3,TG,Bitchute,TG__500,Bitchute__29,PA
2023-07-28,Node_5e66cdb3,Node_5e66cdb3,TG,Bitchute,TG__500,Bitchute__29,PA
2023-10-13,Node_e3e7ab35,Node_5e66cdb3,TG,Bitchute,TG__313,Bitchute__29,PA
2021-08-06,Node_5e66cdb3,Node_5e66cdb3,TG,Bitchute,TG__500,Bitchute__29,PA
2023-02-24,Node_5e66cdb3,Node_5e66cdb3,TG,Bitchute,TG__500,Bitchute__29,PA
2023-03-18,Node_5e66cdb3,Node_5e66cdb3,TG,Bitchute,TG__500,Bitchute__29,PA
2021-03-05,Node_e3e7ab35,Node_5e66cdb3,TG,Bitchute,TG__313,Bitchute__29,PA
2022-06-10,Node_5e66cdb3,Node_5e66cdb3,TG,Bitchute,TG__500,Bitchute__29,PA
2023-05-26,Node_5e66cdb3,Node_5e66cdb3,TG,Bitchute,TG__500,Bitchute__29,PA
2021-08-20,Node_5e66cdb3,Node_5e66cdb3,TG,Bitchute,TG__500,Bitchute__29,PA
2023-03-06,Node_9f50e6d3,Node_5e66cdb3,Gab,Bitchute,Gab__10,Bitchute__29,
2023-06-16,Node_5e66cdb3,Node_5e66cdb3,TG,Bitchute,TG__500,Bitchute__29,PA
2023-11-10,Node_e3e7ab35,Node_5e66cdb3,TG,Bitchute,TG__313,Bitchute__29,PA
2023-05-19,Node_e3e7ab35,Node_5e66cdb3,TG,Bitchute,TG__313,Bitchute__29,PA
2021-05-07,Node_e3e7ab35,Node_5e66cdb3,TG,Bitchute,TG__313,Bitchute__29,PA
2020-09-18,Node_e3e7ab35,Node_5e66cdb3,TG,Bitchute,TG__313,Bitchute__29,PA
2023-08-04,Node_5e66cdb3,Node_5e66cdb3,TG,Bitchute,TG__500,Bitchute__29,PA
2023-04-28,Node_5e66cdb3,Node_5e66cdb3,TG,Bitchute,TG__500,Bitchute__29,PA
2023-09-22,Node_e3e7ab35,Node_5e66cdb3,TG,Bitchute,TG__313,Bitchute__29,PA
2020-07-31,Node_e3e7ab35,Node_5e66cdb3,TG,Bitchute,TG__313,Bitchute__29,PA
2022-08-05,Node_5e66cdb3,Node_5e66cdb3,TG,Bitchute,TG__500,Bitchute__29,PA
2019-10-04,Node_5268f32f,Node_5e66cdb3,TG,Bitchute,TG__151,Bitchute__29,
2023-05-26,Node_e3e7ab35,Node_5e66cdb3,TG,Bitchute,TG__313,Bitchute__29,PA
2023-04-14,Node_e3e7ab35,Node_5e66cdb3,TG,Bitchute,TG__313,Bitchute__29,PA
2023-01-27,Node_5e66cdb3,Node_5e66cdb3,TG,Bitchute,TG__500,Bitchute__29,PA
2021-10-08,Node_e3e7ab35,Node_5e66cdb3,TG,Bitchute,TG__313,Bitchute__29,PA
2021-01-22,Node_5e66cdb3,Node_5e66cdb3,TG,Bitchute,TG__500,Bitchute__29,PA
2021-10-01,Node_5e66cdb3,Node_5e66cdb3,TG,Bitchute,TG__500,Bitchute__29,PA
2021-06-24,Node_5e66cdb3,Node_5e66cdb3,TG,Bitchute,TG__500,Bitchute__29,PA
2023-06-09,Node_5e66cdb3,Node_5e66cdb3,TG,Bitchute,TG__500,Bitchute__29,PA
2021-05-21,Node_5e66cdb3,Node_5e66cdb3,TG,Bitchute,TG__500,Bitchute__29,PA
2022-06-24,Node_5e66cdb3,Node_5e66cdb3,TG,Bitchute,TG__500,Bitchute__29,PA
2021-03-21,Node_5e66cdb3,Node_5e66cdb3,TG,Bitchute,TG__500,Bitchute__29,PA
2023-02-10,Node_5e66cdb3,Node_5e66cdb3,TG,Bitchute,TG__500,Bitchute__29,PA
2023-11-17,Node_5e66cdb3,Node_5e66cdb3,TG,Bitchute,TG__500,Bitchute__29,PA
2021-03-05,Node_6d8ae659,Node_5e66cdb3,TG,Bitchute,TG__497,Bitchute__29,
2022-10-14,Node_5e66cdb3,Node_5e66cdb3,TG,Bitchute,TG__500,Bitchute__29,PA
2023-10-06,Node_5e66cdb3,Node_5e66cdb3,TG,Bitchute,TG__500,Bitchute__29,PA
2021-03-26,Node_c6d075c4,Node_5e66cdb3,TG,Odysee,TG__266,Odysee__1000237,
2021-06-25,Node_5e66cdb3,Node_5e66cdb3,TG,Odysee,TG__500,Odysee__1000237,PA
2021-09-22,Node_5e66cdb3,Node_5e66cdb3,TG,Odysee,TG__500,Odysee__1000237,PA
2021-06-04,Node_0db5e598,Node_5e66cdb3,TG,Odysee,TG__84,Odysee__1000237,
2021-12-23,Node_e3e7ab35,Node_5e66cdb3,TG,Odysee,TG__313,Odysee__1000237,PA
2021-07-05,Node_5e66cdb3,Node_5e66cdb3,TG,Odysee,TG__500,Odysee__1000237,PA
2021-09-12,Node_e3e7ab35,Node_5e66cdb3,TG,Odysee,TG__313,Odysee__1000237,PA
2021-08-27,Node_e3e7ab35,Node_5e66cdb3,TG,Odysee,TG__313,Odysee__1000237,PA
2021-10-05,Node_e3e7ab35,Node_30ed85c2,TG,Odysee,TG__313,Odysee__1000416,PA
2021-10-13,Node_5e66cdb3,Node_5e66cdb3,TG,Odysee,TG__500,Odysee__1000237,PA
2021-08-10,Node_e3e7ab35,Node_854b86cc,TG,Odysee,TG__313,Odysee__1000424,PA
2021-08-27,Node_5e66cdb3,Node_5e66cdb3,TG,Odysee,TG__500,Odysee__1000237,PA
2021-03-18,Node_5e66cdb3,Node_5e66cdb3,TG,Odysee,TG__500,Odysee__1000237,PA
2021-05-27,Node_5e66cdb3,Node_5e66cdb3,TG,Odysee,TG__500,Odysee__1000237,PA
2021-03-21,Node_5e66cdb3,Node_5e66cdb3,TG,Odysee,TG__500,Odysee__1000237,PA
2021-09-02,Node_e3e7ab35,Node_5e66cdb3,TG,Odysee,TG__313,Odysee__1000237,PA
2022-02-11,Node_5e66cdb3,Node_5e66cdb3,TG,Odysee,TG__500,Odysee__1000237,PA
2021-08-11,Node_5e66cdb3,Node_5e66cdb3,TG,Odysee,TG__500,Odysee__1000237,PA
2022-02-14,Node_5e66cdb3,Node_5e66cdb3,TG,Odysee,TG__500,Odysee__1000237,PA
2022-02-17,Node_5e66cdb3,Node_5e66cdb3,TG,Odysee,TG__500,Odysee__1000237,PA
2022-02-18,Node_5e66cdb3,Node_5e66cdb3,TG,Odysee,TG__500,Odysee__1000237,PA
2022-04-08,Node_5e66cdb3,Node_5e66cdb3,TG,Odysee,TG__500,Odysee__1000237,PA
2021-04-14,Node_5e66cdb3,Node_5e66cdb3,TG,Odysee,TG__500,Odysee__1000237,PA
2021-12-10,Node_5e66cdb3,Node_5e66cdb3,TG,Odysee,TG__500,Odysee__1000237,PA
2021-12-24,Node_5e66cdb3,Node_854b86cc,TG,Odysee,TG__500,Odysee__1000424,PA
2023-02-16,Node_e3e7ab35,Node_5e66cdb3,TG,Odysee,TG__313,Odysee__1000237,PA
2022-04-08,Node_5e66cdb3,Node_5e66cdb3,TG,Odysee,TG__500,Odysee__1000237,PA
2023-06-08,Node_5e66cdb3,Node_5e66cdb3,TG,Odysee,TG__500,Odysee__1000237,PA
2022-10-26,Node_e3e7ab35,Node_5e66cdb3,TG,Odysee,TG__313,Odysee__1000237,PA
2023-09-20,Node_e3e7ab35,Node_30ed85c2,TG,Odysee,TG__313,Odysee__1000416,PA
2023-05-21,Node_5e66cdb3,Node_5e66cdb3,TG,Odysee,TG__500,Odysee__1000237,PA
2023-05-14,Node_e3e7ab35,Node_5e66cdb3,TG,Odysee,TG__313,Odysee__1000237,PA
2023-04-06,Node_e3e7ab35,Node_854b86cc,TG,Odysee,TG__313,Odysee__1000424,PA
2023-04-05,Node_e3e7ab35,Node_854b86cc,TG,Odysee,TG__313,Odysee__1000424,PA
2022-04-10,Node_5e66cdb3,Node_5e66cdb3,TG,Odysee,TG__500,Odysee__1000237,PA
2023-07-07,Node_5e66cdb3,Node_5e66cdb3,TG,Odysee,TG__500,Odysee__1000237,PA
2022-04-18,Node_5e66cdb3,Node_30ed85c2,TG,Odysee,TG__500,Odysee__1000416,PA
2022-08-12,Node_5e66cdb3,Node_5e66cdb3,TG,Odysee,TG__500,Odysee__1000237,PA
2023-12-22,Node_5e66cdb3,Node_5e66cdb3,TG,Odysee,TG__500,Odysee__1000237,PA
2023-05-22,Node_5e66cdb3,Node_30ed85c2,TG,Odysee,TG__500,Odysee__1000416,PA
2022-12-02,Node_5e66cdb3,Node_5e66cdb3,TG,Odysee,TG__500,Odysee__1000237,PA
2021-12-06,Node_e3e7ab35,Node_30ed85c2,TG,Odysee,TG__313,Odysee__1000416,PA
2022-04-13,Node_5e66cdb3,Node_5e66cdb3,TG,Odysee,TG__500,Odysee__1000237,PA
2023-08-13,Node_5e66cdb3,Node_5e66cdb3,TG,Odysee,TG__500,Odysee__1000237,PA
2021-10-04,Node_5e66cdb3,Node_30ed85c2,TG,Odysee,TG__500,Odysee__1000416,PA
2021-04-23,Node_6d8ae659,Node_5e66cdb3,TG,Odysee,TG__497,Odysee__1000237,
2022-04-03,Node_5e66cdb3,Node_5e66cdb3,TG,Odysee,TG__500,Odysee__1000237,PA
2023-02-24,Node_9f50e6d3,Node_5e66cdb3,Gab,Odysee,Gab__10,Odysee__1000237,
2023-06-04,Node_5e66cdb3,Node_5e66cdb3,TG,Odysee,TG__500,Odysee__1000237,PA
2023-08-30,Node_5e66cdb3,Node_5e66cdb3,TG,Odysee,TG__500,Odysee__1000237,PA
2022-12-16,Node_5e66cdb3,Node_5e66cdb3,TG,Odysee,TG__500,Odysee__1000237,PA
2022-01-05,Node_e3e7ab35,Node_5e66cdb3,TG,Odysee,TG__313,Odysee__1000237,PA
2021-10-11,Node_5e66cdb3,Node_30ed85c2,TG,Odysee,TG__500,Odysee__1000416,PA
2023-10-22,Node_5e66cdb3,Node_5e66cdb3,TG,Odysee,TG__500,Odysee__1000237,PA
2023-03-03,Node_5e66cdb3,Node_5e66cdb3,TG,Odysee,TG__500,Odysee__1000237,PA
2022-07-22,Node_5e66cdb3,Node_5e66cdb3,TG,Odysee,TG__500,Odysee__1000237,PA
2024-01-03,Node_5e66cdb3,Node_5e66cdb3,TG,Odysee,TG__500,Odysee__1000237,PA
2022-02-11,Node_5e66cdb3,Node_5e66cdb3,TG,Odysee,TG__500,Odysee__1000237,PA
2021-07-12,Node_5e66cdb3,Node_5e66cdb3,TG,Odysee,TG__500,Odysee__1000237,PA
2021-03-25,Node_5e66cdb3,Node_5e66cdb3,TG,Odysee,TG__500,Odysee__1000237,PA
2022-03-11,Node_e3e7ab35,Node_854b86cc,TG,Odysee,TG__313,Odysee__1000424,PA
2023-06-26,Node_5e66cdb3,Node_30ed85c2,TG,Odysee,TG__500,Odysee__1000416,PA
2021-09-15,Node_e3e7ab35,Node_5e66cdb3,TG,Odysee,TG__313,Odysee__1000237,PA
2021-09-24,Node_5e66cdb3,Node_5e66cdb3,TG,Odysee,TG__500,Odysee__1000237,PA
2022-03-25,Node_5e66cdb3,Node_5e66cdb3,TG,Odysee,TG__500,Odysee__1000237,PA
2021-08-21,Node_5e66cdb3,Node_5e66cdb3,TG,Odysee,TG__500,Odysee__1000237,PA
2023-10-09,Node_e3e7ab35,Node_30ed85c2,TG,Odysee,TG__313,Odysee__1000416,PA
2023-09-01,Node_5e66cdb3,Node_5e66cdb3,TG,Odysee,TG__500,Odysee__1000237,PA
2023-07-01,Node_e3e7ab35,Node_5e66cdb3,TG,Odysee,TG__313,Odysee__1000237,PA
2023-12-03,Node_e3e7ab35,Node_5e66cdb3,TG,Odysee,TG__313,Odysee__1000237,PA
2023-12-15,Node_5e66cdb3,Node_5e66cdb3,TG,Odysee,TG__500,Odysee__1000237,PA
2023-11-09,Node_e3e7ab35,Node_5e66cdb3,TG,Odysee,TG__313,Odysee__1000237,PA
2023-06-28,Node_5e66cdb3,Node_5e66cdb3,TG,Odysee,TG__500,Odysee__1000237,PA
2021-05-25,Node_5e66cdb3,Node_5e66cdb3,TG,Odysee,TG__500,Odysee__1000237,PA
2022-05-27,Node_5e66cdb3,Node_5e66cdb3,TG,Odysee,TG__500,Odysee__1000237,PA
2023-04-06,Node_e3e7ab35,Node_854b86cc,TG,Odysee,TG__313,Odysee__1000424,PA
2024-01-05,Node_5e66cdb3,Node_5e66cdb3,TG,Odysee,TG__500,Odysee__1000237,PA
2022-11-21,Node_5e66cdb3,Node_30ed85c2,TG,Odysee,TG__500,Odysee__1000416,PA
2023-09-22,Node_5e66cdb3,Node_5e66cdb3,TG,Odysee,TG__500,Odysee__1000237,PA
2022-04-20,Node_e3e7ab35,Node_5e66cdb3,TG,Odysee,TG__313,Odysee__1000237,PA
2022-07-17,Node_5e66cdb3,Node_5e66cdb3,TG,Odysee,TG__500,Odysee__1000237,PA
2023-08-02,Node_5e66cdb3,Node_5e66cdb3,TG,Odysee,TG__500,Odysee__1000237,PA
2023-07-19,Node_5e66cdb3,Node_5e66cdb3,TG,Odysee,TG__500,Odysee__1000237,PA
2021-08-08,Node_5e66cdb3,Node_5e66cdb3,TG,Odysee,TG__500,Odysee__1000237,PA
2021-06-30,Node_5e66cdb3,Node_5e66cdb3,TG,Odysee,TG__500,Odysee__1000237,PA
2023-09-24,Node_5e66cdb3,Node_5e66cdb3,TG,Odysee,TG__500,Odysee__1000237,PA
2022-04-14,Node_5e66cdb3,Node_5e66cdb3,TG,Odysee,TG__500,Odysee__1000237,PA
2023-07-05,Node_e3e7ab35,Node_5e66cdb3,TG,Odysee,TG__313,Odysee__1000237,PA
2023-08-16,Node_5e66cdb3,Node_5e66cdb3,TG,Odysee,TG__500,Odysee__1000237,PA
2023-03-10,Node_9f50e6d3,Node_5e66cdb3,Gab,Odysee,Gab__10,Odysee__1000237,
2022-07-01,Node_e3e7ab35,Node_5e66cdb3,TG,Odysee,TG__313,Odysee__1000237,PA
2022-12-19,Node_e3e7ab35,Node_30ed85c2,TG,Odysee,TG__313,Odysee__1000416,PA
2021-05-12,Node_5e66cdb3,Node_5e66cdb3,TG,Odysee,TG__500,Odysee__1000237,PA
2022-04-15,Node_e3e7ab35,Node_5e66cdb3,TG,Odysee,TG__313,Odysee__1000237,PA
2023-05-28,Node_5e66cdb3,Node_5e66cdb3,TG,Odysee,TG__500,Odysee__1000237,PA
2021-10-29,Node_5e66cdb3,Node_5e66cdb3,TG,Odysee,TG__500,Odysee__1000237,PA
2023-05-10,Node_5e66cdb3,Node_5e66cdb3,TG,Odysee,TG__500,Odysee__1000237,PA
2022-07-10,Node_5e66cdb3,Node_5e66cdb3,TG,Odysee,TG__500,Odysee__1000237,PA
2021-08-11,Node_5e66cdb3,Node_5e66cdb3,TG,Odysee,TG__500,Odysee__1000237,PA
2023-01-13,Node_5e66cdb3,Node_5e66cdb3,TG,Odysee,TG__500,Odysee__1000237,PA
2023-02-06,Node_5e66cdb3,Node_30ed85c2,TG,Odysee,TG__500,Odysee__1000416,PA
2023-12-10,Node_5e66cdb3,Node_5e66cdb3,TG,Odysee,TG__500,Odysee__1000237,PA
2022-01-28,Node_5e66cdb3,Node_5e66cdb3,TG,Odysee,TG__500,Odysee__1000237,PA
2022-11-13,Node_5e66cdb3,Node_5e66cdb3,TG,Odysee,TG__500,Odysee__1000237,PA
2023-05-05,Node_e3e7ab35,Node_5e66cdb3,TG,Odysee,TG__313,Odysee__1000237,PA
2023-04-23,Node_e3e7ab35,Node_5e66cdb3,TG,Odysee,TG__313,Odysee__1000237,PA
2022-05-16,Node_5e66cdb3,Node_30ed85c2,TG,Odysee,TG__500,Odysee__1000416,PA
2023-06-14,Node_e3e7ab35,Node_854b86cc,TG,Odysee,TG__313,Odysee__1000424,PA
2022-09-23,Node_5e66cdb3,Node_5e66cdb3,TG,Odysee,TG__500,Odysee__1000237,PA
2021-09-29,Node_5e66cdb3,Node_5e66cdb3,TG,Odysee,TG__500,Odysee__1000237,PA
2021-09-27,Node_5e66cdb3,Node_30ed85c2,TG,Odysee,TG__500,Odysee__1000416,PA
2023-10-02,Node_5e66cdb3,Node_30ed85c2,TG,Odysee,TG__500,Odysee__1000416,PA
2021-08-31,Node_5e66cdb3,Node_5e66cdb3,TG,Odysee,TG__500,Odysee__1000237,PA
2022-01-30,Node_5e66cdb3,Node_5e66cdb3,TG,Odysee,TG__500,Odysee__1000237,PA
2022-07-15,Node_5e66cdb3,Node_5e66cdb3,TG,Odysee,TG__500,Odysee__1000237,PA
2024-01-04,Node_e3e7ab35,Node_5e66cdb3,TG,Odysee,TG__313,Odysee__1000237,PA
2022-01-19,Node_5e66cdb3,Node_5e66cdb3,TG,Odysee,TG__500,Odysee__1000237,PA
2022-07-22,Node_6d8ae659,Node_5e66cdb3,TG,Odysee,TG__497,Odysee__1000237,
2023-04-21,Node_e3e7ab35,Node_5e66cdb3,TG,Odysee,TG__313,Odysee__1000237,PA
2021-04-20,Node_5e66cdb3,Node_5e66cdb3,TG,Odysee,TG__500,Odysee__1000237,PA
2021-05-16,Node_5e66cdb3,Node_5e66cdb3,TG,Odysee,TG__500,Odysee__1000237,PA
2022-03-07,Node_e3e7ab35,Node_30ed85c2,TG,Odysee,TG__313,Odysee__1000416,PA
2023-06-07,Node_5e66cdb3,Node_5e66cdb3,TG,Odysee,TG__500,Odysee__1000237,PA
2023-04-03,Node_5e66cdb3,Node_30ed85c2,TG,Odysee,TG__500,Odysee__1000416,PA
2021-10-13,Node_5e66cdb3,Node_5e66cdb3,TG,Odysee,TG__500,Odysee__1000237,PA
2023-08-25,Node_5e66cdb3,Node_5e66cdb3,TG,Odysee,TG__500,Odysee__1000237,PA
2022-05-11,Node_e3e7ab35,Node_5e66cdb3,TG,Odysee,TG__313,Odysee__1000237,PA
2023-05-31,Node_e3e7ab35,Node_5e66cdb3,TG,Odysee,TG__313,Odysee__1000237,PA
2021-07-14,Node_e3e7ab35,Node_5e66cdb3,TG,Odysee,TG__313,Odysee__1000237,PA
2022-08-17,Node_e3e7ab35,Node_5e66cdb3,TG,Odysee,TG__313,Odysee__1000237,PA
2021-05-28,Node_e3e7ab35,Node_5e66cdb3,TG,Odysee,TG__313,Odysee__1000237,PA
2023-02-10,Node_9f50e6d3,Node_5e66cdb3,Gab,Odysee,Gab__10,Odysee__1000237,
2023-05-17,Node_5e66cdb3,Node_5e66cdb3,TG,Odysee,TG__500,Odysee__1000237,PA
2021-12-15,Node_e3e7ab35,Node_5e66cdb3,TG,Odysee,TG__313,Odysee__1000237,PA
2023-07-07,Node_5e66cdb3,Node_5e66cdb3,TG,Odysee,TG__500,Odysee__1000237,PA
2022-12-24,Node_5e66cdb3,Node_5e66cdb3,TG,Odysee,TG__500,Odysee__1000237,PA
2022-11-16,Node_5e66cdb3,Node_5e66cdb3,TG,Odysee,TG__500,Odysee__1000237,PA
2022-10-16,Node_e3e7ab35,Node_5e66cdb3,TG,Odysee,TG__313,Odysee__1000237,PA
2021-11-01,Node_5e66cdb3,Node_30ed85c2,TG,Odysee,TG__500,Odysee__1000416,PA
2022-10-12,Node_5e66cdb3,Node_5e66cdb3,TG,Odysee,TG__500,Odysee__1000237,PA
2021-09-20,Node_e3e7ab35,Node_30ed85c2,TG,Odysee,TG__313,Odysee__1000416,PA
2022-10-03,Node_e3e7ab35,Node_30ed85c2,TG,Odysee,TG__313,Odysee__1000416,PA
2022-05-18,Node_5e66cdb3,Node_5e66cdb3,TG,Odysee,TG__500,Odysee__1000237,PA
2021-09-06,Node_e3e7ab35,Node_30ed85c2,TG,Odysee,TG__313,Odysee__1000416,PA
2023-02-10,Node_5e66cdb3,Node_5e66cdb3,TG,Odysee,TG__500,Odysee__1000237,PA
2022-05-30,Node_e3e7ab35,Node_30ed85c2,TG,Odysee,TG__313,Odysee__1000416,PA
2021-08-30,Node_5e66cdb3,Node_30ed85c2,TG,Odysee,TG__500,Odysee__1000416,PA
2023-03-08,Node_e3e7ab35,Node_5e66cdb3,TG,Odysee,TG__313,Odysee__1000237,PA
2023-07-11,Node_e3e7ab35,Node_30ed85c2,TG,Odysee,TG__313,Odysee__1000416,PA
2021-07-28,Node_5e66cdb3,Node_5e66cdb3,TG,Odysee,TG__500,Odysee__1000237,PA
2023-07-16,Node_e3e7ab35,Node_5e66cdb3,TG,Odysee,TG__313,Odysee__1000237,PA
2023-12-27,Node_e3e7ab35,Node_5e66cdb3,TG,Odysee,TG__313,Odysee__1000237,PA
2021-08-10,Node_e3e7ab35,Node_854b86cc,TG,Odysee,TG__313,Odysee__1000424,PA
2022-01-22,Node_e3e7ab35,Node_5e66cdb3,TG,Odysee,TG__313,Odysee__1000237,PA
2021-08-11,Node_e3e7ab35,Node_5e66cdb3,TG,Odysee,TG__313,Odysee__1000237,PA
2023-04-28,Node_e3e7ab35,Node_5e66cdb3,TG,Odysee,TG__313,Odysee__1000237,PA
2023-10-25,Node_5e66cdb3,Node_5e66cdb3,TG,Odysee,TG__500,Odysee__1000237,PA
2021-11-29,Node_5e66cdb3,Node_30ed85c2,TG,Odysee,TG__500,Odysee__1000416,PA
2022-03-16,Node_e3e7ab35,Node_5e66cdb3,TG,Odysee,TG__313,Odysee__1000237,PA
2022-11-16,Node_e3e7ab35,Node_5e66cdb3,TG,Odysee,TG__313,Odysee__1000237,PA
2023-09-04,Node_5e66cdb3,Node_854b86cc,TG,Odysee,TG__500,Odysee__1000424,PA
2021-04-08,Node_e3e7ab35,Node_854b86cc,TG,Odysee,TG__313,Odysee__1000424,PA
2021-05-02,Node_e3e7ab35,Node_5e66cdb3,TG,Odysee,TG__313,Odysee__1000237,PA
2022-03-28,Node_e3e7ab35,Node_5e66cdb3,TG,Odysee,TG__313,Odysee__1000237,PA
2023-04-27,Node_e3e7ab35,Node_30ed85c2,TG,Odysee,TG__313,Odysee__1000416,PA
2021-12-24,Node_e3e7ab35,Node_5e66cdb3,TG,Odysee,TG__313,Odysee__1000237,PA
2023-03-06,Node_5e66cdb3,Node_5e66cdb3,TG,Odysee,TG__500,Odysee__1000237,PA
2023-08-23,Node_e3e7ab35,Node_5e66cdb3,TG,Odysee,TG__313,Odysee__1000237,PA
2023-06-30,Node_5e66cdb3,Node_5e66cdb3,TG,Odysee,TG__500,Odysee__1000237,PA
2023-08-25,Node_5e66cdb3,Node_5e66cdb3,TG,Odysee,TG__500,Odysee__1000237,PA
2021-11-15,Node_5e66cdb3,Node_30ed85c2,TG,Odysee,TG__500,Odysee__1000416,PA
2022-12-19,Node_5e66cdb3,Node_30ed85c2,TG,Odysee,TG__500,Odysee__1000416,PA
2021-07-30,Node_5e66cdb3,Node_5e66cdb3,TG,Odysee,TG__500,Odysee__1000237,PA
2022-09-26,Node_e3e7ab35,Node_30ed85c2,TG,Odysee,TG__313,Odysee__1000416,PA
2022-03-28,Node_5e66cdb3,Node_30ed85c2,TG,Odysee,TG__500,Odysee__1000416,PA
2022-10-16,Node_5e66cdb3,Node_5e66cdb3,TG,Odysee,TG__500,Odysee__1000237,PA
2021-07-05,Node_5e66cdb3,Node_5e66cdb3,TG,Odysee,TG__500,Odysee__1000237,PA
2021-05-30,Node_e3e7ab35,Node_5e66cdb3,TG,Odysee,TG__313,Odysee__1000237,PA
2021-05-05,Node_e3e7ab35,Node_5e66cdb3,TG,Odysee,TG__313,Odysee__1000237,PA
2022-08-23,Node_e3e7ab35,Node_5e66cdb3,TG,Odysee,TG__313,Odysee__1000237,PA
2021-08-04,Node_e3e7ab35,Node_5e66cdb3,TG,Odysee,TG__313,Odysee__1000237,PA
2023-08-07,Node_5e66cdb3,Node_30ed85c2,TG,Odysee,TG__500,Odysee__1000416,PA
2022-10-30,Node_5e66cdb3,Node_5e66cdb3,TG,Odysee,TG__500,Odysee__1000237,PA
2023-07-16,Node_5e66cdb3,Node_5e66cdb3,TG,Odysee,TG__500,Odysee__1000237,PA
2022-08-24,Node_e3e7ab35,Node_5e66cdb3,TG,Odysee,TG__313,Odysee__1000237,PA
2023-11-09,Node_427d5b30,Node_5e66cdb3,Gab,Odysee,Gab__5,Odysee__1000237,
2022-08-13,Node_e3e7ab35,Node_5e66cdb3,TG,Odysee,TG__313,Odysee__1000237,PA
2023-07-24,Node_5e66cdb3,Node_30ed85c2,TG,Odysee,TG__500,Odysee__1000416,PA
2023-07-19,Node_5e66cdb3,Node_854b86cc,TG,Odysee,TG__500,Odysee__1000424,PA
2023-10-19,Node_e3e7ab35,Node_854b86cc,TG,Odysee,TG__313,Odysee__1000424,PA
2021-10-22,Node_e3e7ab35,Node_5e66cdb3,TG,Odysee,TG__313,Odysee__1000237,PA
2021-04-28,Node_5e66cdb3,Node_5e66cdb3,TG,Odysee,TG__500,Odysee__1000237,PA
2022-12-04,Node_5e66cdb3,Node_5e66cdb3,TG,Odysee,TG__500,Odysee__1000237,PA
2023-03-01,Node_e3e7ab35,Node_854b86cc,TG,Odysee,TG__313,Odysee__1000424,PA
2023-08-30,Node_e3e7ab35,Node_854b86cc,TG,Odysee,TG__313,Odysee__1000424,PA
2023-08-18,Node_e3e7ab35,Node_5e66cdb3,TG,Odysee,TG__313,Odysee__1000237,PA
2022-03-18,Node_5e66cdb3,Node_5e66cdb3,TG,Odysee,TG__500,Odysee__1000237,PA
2023-03-01,Node_e3e7ab35,Node_5e66cdb3,TG,Odysee,TG__313,Odysee__1000237,PA
2022-10-24,Node_e3e7ab35,Node_30ed85c2,TG,Odysee,TG__313,Odysee__1000416,PA
2021-06-23,Node_5e66cdb3,Node_5e66cdb3,TG,Odysee,TG__500,Odysee__1000237,PA
2022-07-08,Node_5e66cdb3,Node_5e66cdb3,TG,Odysee,TG__500,Odysee__1000237,PA
2022-12-21,Node_5e66cdb3,Node_5e66cdb3,TG,Odysee,TG__500,Odysee__1000237,PA
2021-11-28,Node_e3e7ab35,Node_5e66cdb3,TG,Odysee,TG__313,Odysee__1000237,PA
2022-02-25,Node_5e66cdb3,Node_5e66cdb3,TG,Odysee,TG__500,Odysee__1000237,PA
2021-07-15,Node_e3e7ab35,Node_854b86cc,TG,Odysee,TG__313,Odysee__1000424,PA
2022-10-26,Node_5e66cdb3,Node_5e66cdb3,TG,Odysee,TG__500,Odysee__1000237,PA
2023-02-19,Node_5e66cdb3,Node_5e66cdb3,TG,Odysee,TG__500,Odysee__1000237,PA
2022-02-18,Node_e3e7ab35,Node_5e66cdb3,TG,Odysee,TG__313,Odysee__1000237,PA
2021-12-16,Node_5e66cdb3,Node_5e66cdb3,TG,Odysee,TG__500,Odysee__1000237,PA
2022-01-23,Node_5e66cdb3,Node_5e66cdb3,TG,Odysee,TG__500,Odysee__1000237,PA
2023-07-28,Node_5e66cdb3,Node_5e66cdb3,TG,Odysee,TG__500,Odysee__1000237,PA
2021-05-31,Node_5e66cdb3,Node_5e66cdb3,TG,Odysee,TG__500,Odysee__1000237,PA
2021-09-24,Node_e3e7ab35,Node_5e66cdb3,TG,Odysee,TG__313,Odysee__1000237,PA
2023-09-01,Node_5e66cdb3,Node_5e66cdb3,TG,Odysee,TG__500,Odysee__1000237,PA
2023-05-15,Node_e3e7ab35,Node_30ed85c2,TG,Odysee,TG__313,Odysee__1000416,PA
2021-08-02,Node_5e66cdb3,Node_30ed85c2,TG,Odysee,TG__500,Odysee__1000416,PA
2023-07-07,Node_e3e7ab35,Node_5e66cdb3,TG,Odysee,TG__313,Odysee__1000237,PA
2021-06-27,Node_5e66cdb3,Node_5e66cdb3,TG,Odysee,TG__500,Odysee__1000237,PA
2022-08-31,Node_5e66cdb3,Node_5e66cdb3,TG,Odysee,TG__500,Odysee__1000237,PA
2022-11-25,Node_5e66cdb3,Node_5e66cdb3,TG,Odysee,TG__500,Odysee__1000237,PA
2021-05-11,Node_5e66cdb3,Node_5e66cdb3,TG,Odysee,TG__500,Odysee__1000237,PA
2022-03-28,Node_e3e7ab35,Node_30ed85c2,TG,Odysee,TG__313,Odysee__1000416,PA
2021-12-11,Node_5e66cdb3,Node_5e66cdb3,TG,Odysee,TG__500,Odysee__1000237,PA
2021-07-14,Node_5e66cdb3,Node_5e66cdb3,TG,Odysee,TG__500,Odysee__1000237,PA
2022-07-03,Node_e3e7ab35,Node_5e66cdb3,TG,Odysee,TG__313,Odysee__1000237,PA
2022-08-08,Node_5e66cdb3,Node_30ed85c2,TG,Odysee,TG__500,Odysee__1000416,PA
2023-10-13,Node_e3e7ab35,Node_5e66cdb3,TG,Odysee,TG__313,Odysee__1000237,PA
2023-03-10,Node_5e66cdb3,Node_5e66cdb3,TG,Odysee,TG__500,Odysee__1000237,PA
2022-01-19,Node_e3e7ab35,Node_5e66cdb3,TG,Odysee,TG__313,Odysee__1000237,PA
2021-07-06,Node_5e66cdb3,Node_5e66cdb3,TG,Odysee,TG__500,Odysee__1000237,PA
2022-03-10,Node_6d8ae659,Node_30ed85c2,TG,Odysee,TG__497,Odysee__1000416,
2022-06-15,Node_5e66cdb3,Node_5e66cdb3,TG,Odysee,TG__500,Odysee__1000237,PA
2021-09-08,Node_e3e7ab35,Node_5e66cdb3,TG,Odysee,TG__313,Odysee__1000237,PA
2023-04-14,Node_5e66cdb3,Node_5e66cdb3,TG,Odysee,TG__500,Odysee__1000237,PA
2023-08-18,Node_5e66cdb3,Node_5e66cdb3,TG,Odysee,TG__500,Odysee__1000237,PA
2021-08-16,Node_e3e7ab35,Node_30ed85c2,TG,Odysee,TG__313,Odysee__1000416,PA
2022-05-13,Node_5e66cdb3,Node_5e66cdb3,TG,Odysee,TG__500,Odysee__1000237,PA
2021-12-13,Node_5e66cdb3,Node_30ed85c2,TG,Odysee,TG__500,Odysee__1000416,PA
2021-04-25,Node_e3e7ab35,Node_5e66cdb3,TG,Odysee,TG__313,Odysee__1000237,PA
2021-10-08,Node_5e66cdb3,Node_5e66cdb3,TG,Odysee,TG__500,Odysee__1000237,PA
2021-05-22,Node_5e66cdb3,Node_5e66cdb3,TG,Odysee,TG__500,Odysee__1000237,PA
2021-10-27,Node_5e66cdb3,Node_5e66cdb3,TG,Odysee,TG__500,Odysee__1000237,PA
2023-06-28,Node_5e66cdb3,Node_5e66cdb3,TG,Odysee,TG__500,Odysee__1000237,PA
2021-08-23,Node_5e66cdb3,Node_5e66cdb3,TG,Odysee,TG__500,Odysee__1000237,PA
2021-04-11,Node_6d8ae659,Node_5e66cdb3,TG,Odysee,TG__497,Odysee__1000237,
2023-04-26,Node_5e66cdb3,Node_5e66cdb3,TG,Odysee,TG__500,Odysee__1000237,PA
2022-02-14,Node_5e66cdb3,Node_30ed85c2,TG,Odysee,TG__500,Odysee__1000416,PA
2021-06-22,Node_5e66cdb3,Node_5e66cdb3,TG,Odysee,TG__500,Odysee__1000237,PA
2023-11-16,Node_e3e7ab35,Node_5e66cdb3,TG,Odysee,TG__313,Odysee__1000237,PA
2021-04-15,Node_5e66cdb3,Node_30ed85c2,TG,Odysee,TG__500,Odysee__1000416,PA
2022-01-17,Node_5e66cdb3,Node_30ed85c2,TG,Odysee,TG__500,Odysee__1000416,PA
2023-03-01,Node_e3e7ab35,Node_854b86cc,TG,Odysee,TG__313,Odysee__1000424,PA
2021-08-16,Node_5e66cdb3,Node_5e66cdb3,TG,Odysee,TG__500,Odysee__1000237,PA
2022-01-13,Node_e3e7ab35,Node_ea45b86f,TG,Odysee,TG__313,Odysee__1000503,PA
2023-10-18,Node_e3e7ab35,Node_854b86cc,TG,Odysee,TG__313,Odysee__1000424,PA
2021-09-20,Node_5e66cdb3,Node_30ed85c2,TG,Odysee,TG__500,Odysee__1000416,PA
2023-08-11,Node_e3e7ab35,Node_854b86cc,TG,Odysee,TG__313,Odysee__1000424,PA
2021-12-22,Node_e3e7ab35,Node_5e66cdb3,TG,Odysee,TG__313,Odysee__1000237,PA
2021-10-20,Node_5e66cdb3,Node_5e66cdb3,TG,Odysee,TG__500,Odysee__1000237,PA
2021-07-19,Node_5e66cdb3,Node_30ed85c2,TG,Odysee,TG__500,Odysee__1000416,PA
2021-06-09,Node_5e66cdb3,Node_5e66cdb3,TG,Odysee,TG__500,Odysee__1000237,PA
2021-07-28,Node_e3e7ab35,Node_5e66cdb3,TG,Odysee,TG__313,Odysee__1000237,PA
2021-07-24,Node_5e66cdb3,Node_5e66cdb3,TG,Odysee,TG__500,Odysee__1000237,PA
2023-05-15,Node_5e66cdb3,Node_30ed85c2,TG,Odysee,TG__500,Odysee__1000416,PA
2022-02-09,Node_e3e7ab35,Node_5e66cdb3,TG,Odysee,TG__313,Odysee__1000237,PA
2023-09-15,Node_5e66cdb3,Node_5e66cdb3,TG,Odysee,TG__500,Odysee__1000237,PA
2021-12-23,Node_5e66cdb3,Node_5e66cdb3,TG,Odysee,TG__500,Odysee__1000237,PA
2023-04-24,Node_e3e7ab35,Node_30ed85c2,TG,Odysee,TG__313,Odysee__1000416,PA
2021-06-30,Node_5e66cdb3,Node_5e66cdb3,TG,Odysee,TG__500,Odysee__1000237,PA
2021-09-12,Node_5e66cdb3,Node_5e66cdb3,TG,Odysee,TG__500,Odysee__1000237,PA
2023-04-28,Node_5e66cdb3,Node_5e66cdb3,TG,Odysee,TG__500,Odysee__1000237,PA
2021-04-07,Node_6d8ae659,Node_5e66cdb3,TG,Odysee,TG__497,Odysee__1000237,
2021-08-10,Node_e3e7ab35,Node_854b86cc,TG,Odysee,TG__313,Odysee__1000424,PA
2023-12-20,Node_e3e7ab35,Node_5e66cdb3,TG,Odysee,TG__313,Odysee__1000237,PA
2023-08-06,Node_5e66cdb3,Node_5e66cdb3,TG,Odysee,TG__500,Odysee__1000237,PA
2022-10-31,Node_5e66cdb3,Node_30ed85c2,TG,Odysee,TG__500,Odysee__1000416,PA
2023-02-27,Node_5e66cdb3,Node_30ed85c2,TG,Odysee,TG__500,Odysee__1000416,PA
2022-08-15,Node_5e66cdb3,Node_30ed85c2,TG,Odysee,TG__500,Odysee__1000416,PA
2023-01-04,Node_5e66cdb3,Node_5e66cdb3,TG,Odysee,TG__500,Odysee__1000237,PA
2023-02-06,Node_e3e7ab35,Node_30ed85c2,TG,Odysee,TG__313,Odysee__1000416,PA
2021-12-31,Node_e3e7ab35,Node_5e66cdb3,TG,Odysee,TG__313,Odysee__1000237,PA
2022-10-10,Node_e3e7ab35,Node_30ed85c2,TG,Odysee,TG__313,Odysee__1000416,PA
2023-07-21,Node_5e66cdb3,Node_5e66cdb3,TG,Odysee,TG__500,Odysee__1000237,PA
2023-01-18,Node_e3e7ab35,Node_5e66cdb3,TG,Odysee,TG__313,Odysee__1000237,PA
2023-05-14,Node_e3e7ab35,Node_5e66cdb3,TG,Odysee,TG__313,Odysee__1000237,PA
2021-09-20,Node_5e66cdb3,Node_30ed85c2,TG,Odysee,TG__500,Odysee__1000416,PA
2021-12-13,Node_5e66cdb3,Node_5e66cdb3,TG,Odysee,TG__500,Odysee__1000237,PA
2021-11-08,Node_5e66cdb3,Node_30ed85c2,TG,Odysee,TG__500,Odysee__1000416,PA
2023-04-27,Node_5e66cdb3,Node_5e66cdb3,TG,Odysee,TG__500,Odysee__1000237,PA
2022-05-23,Node_5e66cdb3,Node_30ed85c2,TG,Odysee,TG__500,Odysee__1000416,PA
2023-05-25,Node_5e66cdb3,Node_854b86cc,TG,Odysee,TG__500,Odysee__1000424,PA
2021-12-08,Node_e3e7ab35,Node_5e66cdb3,TG,Odysee,TG__313,Odysee__1000237,PA
2021-07-15,Node_5e66cdb3,Node_854b86cc,TG,Odysee,TG__500,Odysee__1000424,PA
2021-10-18,Node_5e66cdb3,Node_30ed85c2,TG,Odysee,TG__500,Odysee__1000416,PA
2023-04-16,Node_e3e7ab35,Node_5e66cdb3,TG,Odysee,TG__313,Odysee__1000237,PA
2021-11-04,Node_e3e7ab35,Node_854b86cc,TG,Odysee,TG__313,Odysee__1000424,PA
2021-05-30,Node_5e66cdb3,Node_5e66cdb3,TG,Odysee,TG__500,Odysee__1000237,PA
2022-02-23,Node_e3e7ab35,Node_5e66cdb3,TG,Odysee,TG__313,Odysee__1000237,PA
2023-09-01,Node_0db5e598,Node_5e66cdb3,TG,Odysee,TG__84,Odysee__1000237,
2023-01-30,Node_e3e7ab35,Node_30ed85c2,TG,Odysee,TG__313,Odysee__1000416,PA
2022-03-11,Node_5e66cdb3,Node_5e66cdb3,TG,Odysee,TG__500,Odysee__1000237,PA
2021-12-20,Node_5e66cdb3,Node_30ed85c2,TG,Odysee,TG__500,Odysee__1000416,PA
2023-02-19,Node_e3e7ab35,Node_5e66cdb3,TG,Odysee,TG__313,Odysee__1000237,PA
2021-10-26,Node_5e66cdb3,Node_5e66cdb3,TG,Odysee,TG__500,Odysee__1000237,PA
2021-07-31,Node_5e66cdb3,Node_5e66cdb3,TG,Odysee,TG__500,Odysee__1000237,PA
2021-12-24,Node_5e66cdb3,Node_5e66cdb3,TG,Odysee,TG__500,Odysee__1000237,PA
2021-10-04,Node_5e66cdb3,Node_30ed85c2,TG,Odysee,TG__500,Odysee__1000416,PA
2022-11-07,Node_e3e7ab35,Node_854b86cc,TG,Odysee,TG__313,Odysee__1000424,PA
2023-01-15,Node_5e66cdb3,Node_5e66cdb3,TG,Odysee,TG__500,Odysee__1000237,PA
2021-04-11,Node_5e66cdb3,Node_5e66cdb3,TG,Odysee,TG__500,Odysee__1000237,PA
2021-06-07,Node_5e66cdb3,Node_5e66cdb3,TG,Odysee,TG__500,Odysee__1000237,PA
2022-02-02,Node_e3e7ab35,Node_5e66cdb3,TG,Odysee,TG__313,Odysee__1000237,PA
2023-06-23,Node_5e66cdb3,Node_5e66cdb3,TG,Odysee,TG__500,Odysee__1000237,PA
2021-12-30,Node_5e66cdb3,Node_5e66cdb3,TG,Odysee,TG__500,Odysee__1000237,PA
2023-06-02,Node_5e66cdb3,Node_5e66cdb3,TG,Odysee,TG__500,Odysee__1000237,PA
2022-08-29,Node_5e66cdb3,Node_30ed85c2,TG,Odysee,TG__500,Odysee__1000416,PA
2022-08-09,Node_5e66cdb3,Node_c3f68a2c,TG,Odysee,TG__500,Odysee__1000798,PA
2023-10-06,Node_5e66cdb3,Node_5e66cdb3,TG,Odysee,TG__500,Odysee__1000237,PA
2022-08-10,Node_e3e7ab35,Node_5e66cdb3,TG,Odysee,TG__313,Odysee__1000237,PA
2022-10-07,Node_5e66cdb3,Node_5e66cdb3,TG,Odysee,TG__500,Odysee__1000237,PA
2021-06-16,Node_e3e7ab35,Node_5e66cdb3,TG,Odysee,TG__313,Odysee__1000237,PA
2023-01-09,Node_e3e7ab35,Node_30ed85c2,TG,Odysee,TG__313,Odysee__1000416,PA
2021-06-13,Node_5e66cdb3,Node_5e66cdb3,TG,Odysee,TG__500,Odysee__1000237,PA
2022-08-14,Node_e3e7ab35,Node_5e66cdb3,TG,Odysee,TG__313,Odysee__1000237,PA
2023-08-27,Node_5e66cdb3,Node_5e66cdb3,TG,Odysee,TG__500,Odysee__1000237,PA
2021-09-24,Node_e3e7ab35,Node_5e66cdb3,TG,Odysee,TG__313,Odysee__1000237,PA
2023-10-29,Node_5e66cdb3,Node_5e66cdb3,TG,Odysee,TG__500,Odysee__1000237,PA
2019-11-30,Node_9f50e6d3,Node_5e66cdb3,Gab,Bitchute,Gab__10,Bitchute__29,
2019-11-14,Node_0d2904b3,Node_5e66cdb3,Gab,Bitchute,Gab__87,Bitchute__29,
2019-09-27,Node_427d5b30,Node_5e66cdb3,Gab,Bitchute,Gab__5,Bitchute__29,
2019-10-06,Node_9f50e6d3,Node_30ed85c2,Gab,Bitchute,Gab__10,Bitchute__1000138,
2020-01-02,Node_24915fb5,Node_5e66cdb3,Gab,Bitchute,Gab__20,Bitchute__29,
2019-10-24,Node_427d5b30,Node_5e66cdb3,Gab,Bitchute,Gab__5,Bitchute__29,
2019-08-23,Node_9f50e6d3,Node_5e66cdb3,Gab,Bitchute,Gab__10,Bitchute__29,
2019-12-11,Node_9f50e6d3,Node_30ed85c2,Gab,Bitchute,Gab__10,Bitchute__1000138,
2019-11-02,Node_1e5270d3,Node_5e66cdb3,Gab,Bitchute,Gab__101,Bitchute__29,
2019-10-31,Node_9f50e6d3,Node_5e66cdb3,Gab,Bitchute,Gab__10,Bitchute__29,
2019-11-30,Node_9f50e6d3,Node_30ed85c2,Gab,Bitchute,Gab__10,Bitchute__1000138,
2019-10-24,Node_9f50e6d3,Node_30ed85c2,Gab,Bitchute,Gab__10,Bitchute__1000138,
2019-08-30,Node_24915fb5,Node_5e66cdb3,Gab,Bitchute,Gab__20,Bitchute__29,
2020-02-21,Node_0d2904b3,Node_5e66cdb3,Gab,Bitchute,Gab__87,Bitchute__29,
2019-08-30,Node_9f50e6d3,Node_5e66cdb3,Gab,Bitchute,Gab__10,Bitchute__29,
2019-09-20,Node_427d5b30,Node_5e66cdb3,Gab,Bitchute,Gab__5,Bitchute__29,
2020-01-07,Node_398faf13,Node_30ed85c2,Gab,Bitchute,Gab__56,Bitchute__1000138,
2019-11-03,Node_427d5b30,Node_30ed85c2,Gab,Bitchute,Gab__5,Bitchute__1000138,
2019-08-01,Node_9f50e6d3,Node_5e66cdb3,Gab,Bitchute,Gab__10,Bitchute__29,
2019-11-14,Node_9f50e6d3,Node_5e66cdb3,Gab,Bitchute,Gab__10,Bitchute__29,
2019-08-22,Node_9f50e6d3,Node_5e66cdb3,Gab,Bitchute,Gab__10,Bitchute__29,
2019-11-27,Node_9f50e6d3,Node_30ed85c2,Gab,Bitchute,Gab__10,Bitchute__1000138,
2019-09-21,Node_24915fb5,Node_5e66cdb3,Gab,Bitchute,Gab__20,Bitchute__29,
2022-10-21,Node_9f50e6d3,Node_5e66cdb3,Gab,Odysee,Gab__10,Odysee__1000237,
2022-07-17,Node_5e66cdb3,Node_5e66cdb3,TG,Odysee,TG__500,Odysee__1000237,PA
2022-07-20,Node_5e66cdb3,Node_5e66cdb3,TG,Odysee,TG__500,Odysee__1000237,PA
2022-07-22,Node_5e66cdb3,Node_5e66cdb3,TG,Odysee,TG__500,Odysee__1000237,PA
2022-07-25,Node_5e66cdb3,Node_30ed85c2,TG,Odysee,TG__500,Odysee__1000416,PA
2022-07-27,Node_5e66cdb3,Node_5e66cdb3,TG,Odysee,TG__500,Odysee__1000237,PA
2022-07-29,Node_5e66cdb3,Node_5e66cdb3,TG,Odysee,TG__500,Odysee__1000237,PA
2022-07-29,Node_5e66cdb3,Node_5e66cdb3,TG,Odysee,TG__500,Odysee__1000237,PA
2022-07-31,Node_5e66cdb3,Node_5e66cdb3,TG,Odysee,TG__500,Odysee__1000237,PA
2022-08-03,Node_5e66cdb3,Node_5e66cdb3,TG,Odysee,TG__500,Odysee__1000237,PA
2022-08-05,Node_5e66cdb3,Node_5e66cdb3,TG,Odysee,TG__500,Odysee__1000237,PA
2022-08-10,Node_5e66cdb3,Node_5e66cdb3,TG,Odysee,TG__500,Odysee__1000237,PA
2022-08-12,Node_5e66cdb3,Node_5e66cdb3,TG,Odysee,TG__500,Odysee__1000237,PA
2022-08-14,Node_5e66cdb3,Node_5e66cdb3,TG,Odysee,TG__500,Odysee__1000237,PA
2022-08-16,Node_5e66cdb3,Node_5e66cdb3,TG,Odysee,TG__500,Odysee__1000237,PA
2022-08-17,Node_5e66cdb3,Node_5e66cdb3,TG,Odysee,TG__500,Odysee__1000237,PA
2022-08-19,Node_5e66cdb3,Node_5e66cdb3,TG,Odysee,TG__500,Odysee__1000237,PA
2022-08-21,Node_5e66cdb3,Node_5e66cdb3,TG,Odysee,TG__500,Odysee__1000237,PA
2022-08-24,Node_5e66cdb3,Node_5e66cdb3,TG,Odysee,TG__500,Odysee__1000237,PA
2022-08-26,Node_5e66cdb3,Node_5e66cdb3,TG,Odysee,TG__500,Odysee__1000237,PA
2022-08-26,Node_5e66cdb3,Node_5e66cdb3,TG,Odysee,TG__500,Odysee__1000237,PA
2022-08-31,Node_5e66cdb3,Node_5e66cdb3,TG,Odysee,TG__500,Odysee__1000237,PA
2022-09-02,Node_5e66cdb3,Node_5e66cdb3,TG,Odysee,TG__500,Odysee__1000237,PA
2022-09-04,Node_5e66cdb3,Node_5e66cdb3,TG,Odysee,TG__500,Odysee__1000237,PA
2022-09-07,Node_5e66cdb3,Node_5e66cdb3,TG,Odysee,TG__500,Odysee__1000237,PA
2022-09-09,Node_5e66cdb3,Node_5e66cdb3,TG,Odysee,TG__500,Odysee__1000237,PA
2022-09-11,Node_5e66cdb3,Node_5e66cdb3,TG,Odysee,TG__500,Odysee__1000237,PA
2022-09-16,Node_5e66cdb3,Node_5e66cdb3,TG,Odysee,TG__500,Odysee__1000237,PA
2022-09-21,Node_5e66cdb3,Node_5e66cdb3,TG,Odysee,TG__500,Odysee__1000237,PA
2022-09-23,Node_5e66cdb3,Node_5e66cdb3,TG,Odysee,TG__500,Odysee__1000237,PA
2022-09-25,Node_5e66cdb3,Node_5e66cdb3,TG,Odysee,TG__500,Odysee__1000237,PA
2022-09-28,Node_5e66cdb3,Node_5e66cdb3,TG,Odysee,TG__500,Odysee__1000237,PA
2022-09-29,Node_5e66cdb3,Node_5e66cdb3,TG,Odysee,TG__500,Odysee__1000237,PA
2022-10-05,Node_5e66cdb3,Node_5e66cdb3,TG,Odysee,TG__500,Odysee__1000237,PA
2022-10-06,Node_5e66cdb3,Node_5e66cdb3,TG,Odysee,TG__500,Odysee__1000237,PA
2022-10-12,Node_5e66cdb3,Node_5e66cdb3,TG,Odysee,TG__500,Odysee__1000237,PA
2022-10-16,Node_5e66cdb3,Node_5e66cdb3,TG,Odysee,TG__500,Odysee__1000237,PA
2022-10-19,Node_5e66cdb3,Node_5e66cdb3,TG,Odysee,TG__500,Odysee__1000237,PA
2022-10-21,Node_5e66cdb3,Node_5e66cdb3,TG,Odysee,TG__500,Odysee__1000237,PA
2022-10-23,Node_5e66cdb3,Node_5e66cdb3,TG,Odysee,TG__500,Odysee__1000237,PA
2022-10-26,Node_5e66cdb3,Node_5e66cdb3,TG,Odysee,TG__500,Odysee__1000237,PA
2022-10-27,Node_5e66cdb3,Node_5e66cdb3,TG,Odysee,TG__500,Odysee__1000237,PA
2022-10-30,Node_5e66cdb3,Node_5e66cdb3,TG,Odysee,TG__500,Odysee__1000237,PA
2022-02-07,Node_e3e7ab35,Node_21345e53,TG,Odysee,TG__313,Odysee__1000193,PA
2022-02-14,Node_e3e7ab35,Node_5e66cdb3,TG,Odysee,TG__313,Odysee__1000237,PA
2022-03-03,Node_e3e7ab35,Node_5e66cdb3,TG,Odysee,TG__313,Odysee__1000237,PA
2022-03-10,Node_e3e7ab35,Node_5e66cdb3,TG,Odysee,TG__313,Odysee__1000237,PA
2022-03-12,Node_e3e7ab35,Node_854b86cc,TG,Odysee,TG__313,Odysee__1000424,PA
2022-03-13,Node_e3e7ab35,Node_5e66cdb3,TG,Odysee,TG__313,Odysee__1000237,PA
2022-03-20,Node_e3e7ab35,Node_5e66cdb3,TG,Odysee,TG__313,Odysee__1000237,PA
2022-04-06,Node_e3e7ab35,Node_c3f68a2c,TG,Odysee,TG__313,Odysee__1000798,PA
2022-04-20,Node_e3e7ab35,Node_5e66cdb3,TG,Odysee,TG__313,Odysee__1000237,PA
2022-04-22,Node_e3e7ab35,Node_5e66cdb3,TG,Odysee,TG__313,Odysee__1000237,PA
2022-05-04,Node_e3e7ab35,Node_5e66cdb3,TG,Odysee,TG__313,Odysee__1000237,PA
2022-05-09,Node_e3e7ab35,Node_30ed85c2,TG,Odysee,TG__313,Odysee__1000416,PA
2022-05-22,Node_e3e7ab35,Node_5e66cdb3,TG,Odysee,TG__313,Odysee__1000237,PA
2022-06-01,Node_e3e7ab35,Node_5e66cdb3,TG,Odysee,TG__313,Odysee__1000237,PA
2022-06-15,Node_e3e7ab35,Node_5e66cdb3,TG,Odysee,TG__313,Odysee__1000237,PA
2022-06-19,Node_e3e7ab35,Node_5e66cdb3,TG,Odysee,TG__313,Odysee__1000237,PA
2022-06-27,Node_e3e7ab35,Node_5e66cdb3,TG,Odysee,TG__313,Odysee__1000237,PA
2022-08-14,Node_e3e7ab35,Node_5e66cdb3,TG,Odysee,TG__313,Odysee__1000237,PA
2022-08-21,Node_e3e7ab35,Node_5e66cdb3,TG,Odysee,TG__313,Odysee__1000237,PA
2022-08-26,Node_e3e7ab35,Node_5e66cdb3,TG,Odysee,TG__313,Odysee__1000237,PA
2022-08-26,Node_e3e7ab35,Node_5e66cdb3,TG,Odysee,TG__313,Odysee__1000237,PA
2022-08-27,Node_e3e7ab35,Node_c3f68a2c,TG,Odysee,TG__313,Odysee__1000798,PA
2022-09-28,Node_e3e7ab35,Node_5e66cdb3,TG,Odysee,TG__313,Odysee__1000237,PA
2022-10-07,Node_e3e7ab35,Node_5e66cdb3,TG,Odysee,TG__313,Odysee__1000237,PA
2022-10-12,Node_e3e7ab35,Node_5e66cdb3,TG,Odysee,TG__313,Odysee__1000237,PA
2022-10-30,Node_e3e7ab35,Node_5e66cdb3,TG,Odysee,TG__313,Odysee__1000237,PA
2022-04-06,Node_6d8ae659,Node_c3f68a2c,TG,Odysee,TG__497,Odysee__1000798,
2022-12-31,Node_9f50e6d3,Node_5e66cdb3,Gab,Odysee,Gab__10,Odysee__1000237,
2022-11-02,Node_5e66cdb3,Node_5e66cdb3,TG,Odysee,TG__500,Odysee__1000237,PA
2022-11-04,Node_5e66cdb3,Node_5e66cdb3,TG,Odysee,TG__500,Odysee__1000237,PA
2022-11-07,Node_5e66cdb3,Node_5e66cdb3,TG,Odysee,TG__500,Odysee__1000237,PA
2022-11-10,Node_5e66cdb3,Node_5e66cdb3,TG,Odysee,TG__500,Odysee__1000237,PA
2022-11-12,Node_5e66cdb3,Node_5e66cdb3,TG,Odysee,TG__500,Odysee__1000237,PA
2022-11-14,Node_5e66cdb3,Node_5e66cdb3,TG,Odysee,TG__500,Odysee__1000237,PA
2022-11-17,Node_5e66cdb3,Node_5e66cdb3,TG,Odysee,TG__500,Odysee__1000237,PA
2022-11-18,Node_5e66cdb3,Node_5e66cdb3,TG,Odysee,TG__500,Odysee__1000237,PA
2022-11-21,Node_5e66cdb3,Node_5e66cdb3,TG,Odysee,TG__500,Odysee__1000237,PA
2022-11-24,Node_5e66cdb3,Node_5e66cdb3,TG,Odysee,TG__500,Odysee__1000237,PA
2022-11-28,Node_5e66cdb3,Node_5e66cdb3,TG,Odysee,TG__500,Odysee__1000237,PA
2022-12-01,Node_5e66cdb3,Node_5e66cdb3,TG,Odysee,TG__500,Odysee__1000237,PA
2022-12-02,Node_5e66cdb3,Node_5e66cdb3,TG,Odysee,TG__500,Odysee__1000237,PA
2022-12-05,Node_5e66cdb3,Node_5e66cdb3,TG,Odysee,TG__500,Odysee__1000237,PA
2022-12-08,Node_5e66cdb3,Node_5e66cdb3,TG,Odysee,TG__500,Odysee__1000237,PA
2022-12-09,Node_5e66cdb3,Node_5e66cdb3,TG,Odysee,TG__500,Odysee__1000237,PA
2022-12-15,Node_5e66cdb3,Node_5e66cdb3,TG,Odysee,TG__500,Odysee__1000237,PA
2022-12-16,Node_5e66cdb3,Node_5e66cdb3,TG,Odysee,TG__500,Odysee__1000237,PA
2022-12-19,Node_5e66cdb3,Node_5e66cdb3,TG,Odysee,TG__500,Odysee__1000237,PA
2022-12-22,Node_5e66cdb3,Node_5e66cdb3,TG,Odysee,TG__500,Odysee__1000237,PA
2022-12-23,Node_5e66cdb3,Node_5e66cdb3,TG,Odysee,TG__500,Odysee__1000237,PA
2022-12-29,Node_5e66cdb3,Node_5e66cdb3,TG,Odysee,TG__500,Odysee__1000237,PA
2022-12-31,Node_5e66cdb3,Node_5e66cdb3,TG,Odysee,TG__500,Odysee__1000237,PA
2022-05-26,Node_6d8ae659,Node_5e66cdb3,TG,Odysee,TG__497,Odysee__1000237,
2022-09-06,Node_6d8ae659,Node_854b86cc,TG,Odysee,TG__497,Odysee__1000424,
2022-08-24,Node_0db5e598,Node_5e66cdb3,TG,Odysee,TG__84,Odysee__1000237,
2022-08-26,Node_0db5e598,Node_5e66cdb3,TG,Odysee,TG__84,Odysee__1000237,
2022-12-31,Node_0db5e598,Node_5e66cdb3,TG,Odysee,TG__84,Odysee__1000237,
2022-11-02,Node_e3e7ab35,Node_5e66cdb3,TG,Odysee,TG__313,Odysee__1000237,PA
2022-11-06,Node_e3e7ab35,Node_854b86cc,TG,Odysee,TG__313,Odysee__1000424,PA
2022-11-10,Node_e3e7ab35,Node_5e66cdb3,TG,Odysee,TG__313,Odysee__1000237,PA
2022-11-12,Node_e3e7ab35,Node_5e66cdb3,TG,Odysee,TG__313,Odysee__1000237,PA
2022-11-14,Node_e3e7ab35,Node_5e66cdb3,TG,Odysee,TG__313,Odysee__1000237,PA
2022-11-18,Node_e3e7ab35,Node_854b86cc,TG,Odysee,TG__313,Odysee__1000424,PA
2022-11-24,Node_e3e7ab35,Node_5e66cdb3,TG,Odysee,TG__313,Odysee__1000237,PA
2022-11-28,Node_e3e7ab35,Node_5e66cdb3,TG,Odysee,TG__313,Odysee__1000237,PA
2022-12-03,Node_e3e7ab35,Node_5e66cdb3,TG,Odysee,TG__313,Odysee__1000237,PA
2022-12-08,Node_e3e7ab35,Node_5e66cdb3,TG,Odysee,TG__313,Odysee__1000237,PA
2022-12-09,Node_e3e7ab35,Node_5e66cdb3,TG,Odysee,TG__313,Odysee__1000237,PA
2022-12-31,Node_e3e7ab35,Node_5e66cdb3,TG,Odysee,TG__313,Odysee__1000237,PA
2021-12-10,Node_33e9c1c9,Node_5e66cdb3,Gab,Odysee,Gab__11,Odysee__1000237,
2021-12-17,Node_33e9c1c9,Node_5e66cdb3,Gab,Odysee,Gab__11,Odysee__1000237,
2019-11-08,Node_dfac1701,Node_5e66cdb3,TG,Bitchute,TG__158,Bitchute__29,
2020-01-27,Node_dfac1701,Node_5e66cdb3,TG,Bitchute,TG__158,Bitchute__29,
2020-01-28,Node_dfac1701,Node_5e66cdb3,TG,Bitchute,TG__158,Bitchute__29,
2020-01-29,Node_dfac1701,Node_5e66cdb3,TG,Bitchute,TG__158,Bitchute__29,
2020-04-23,Node_dfac1701,Node_5e66cdb3,TG,Bitchute,TG__158,Bitchute__29,
2021-03-28,Node_e3e7ab35,Node_30ed85c2,TG,Bitchute,TG__313,Bitchute__1000138,PA
2021-03-16,Node_e3e7ab35,Node_5e66cdb3,TG,Bitchute,TG__313,Bitchute__29,PA
2021-04-26,Node_e3e7ab35,Node_5e66cdb3,TG,Bitchute,TG__313,Bitchute__29,PA
2021-03-01,Node_e3e7ab35,Node_5e66cdb3,TG,Bitchute,TG__313,Bitchute__29,PA
2021-01-01,Node_dfac1701,Node_5e66cdb3,TG,Bitchute,TG__158,Bitchute__29,
2020-08-11,Node_e3e7ab35,Node_30ed85c2,TG,Bitchute,TG__313,Bitchute__1000138,PA
2021-01-21,Node_4f96b14d,Node_5e66cdb3,TG,Bitchute,TG__34,Bitchute__29,
2021-01-24,Node_e3e7ab35,Node_30ed85c2,TG,Bitchute,TG__313,Bitchute__1000138,PA
2020-10-11,Node_dfac1701,Node_5e66cdb3,TG,Bitchute,TG__158,Bitchute__29,
2021-05-07,Node_927409cf,Node_5e66cdb3,4Chan,Bitchute,4Chan__1,Bitchute__29,
2020-06-07,Node_5f04d110,Node_30ed85c2,Gab,Bitchute,Gab__284,Bitchute__1000138,PA
2021-05-08,Node_927409cf,Node_5e66cdb3,4Chan,Bitchute,4Chan__1,Bitchute__29,
2021-05-09,Node_927409cf,Node_5e66cdb3,4Chan,Bitchute,4Chan__1,Bitchute__29,
2021-05-09,Node_927409cf,Node_5e66cdb3,4Chan,Bitchute,4Chan__1,Bitchute__29,
2021-05-09,Node_927409cf,Node_5e66cdb3,4Chan,Bitchute,4Chan__1,Bitchute__29,
2021-05-09,Node_927409cf,Node_5e66cdb3,4Chan,Bitchute,4Chan__1,Bitchute__29,
2021-05-09,Node_927409cf,Node_5e66cdb3,4Chan,Bitchute,4Chan__1,Bitchute__29,
2021-05-09,Node_927409cf,Node_5e66cdb3,4Chan,Bitchute,4Chan__1,Bitchute__29,
2021-05-09,Node_927409cf,Node_5e66cdb3,4Chan,Bitchute,4Chan__1,Bitchute__29,
2020-06-08,Node_927409cf,Node_5e66cdb3,4Chan,Bitchute,4Chan__1,Bitchute__29,
2020-06-08,Node_927409cf,Node_5e66cdb3,4Chan,Bitchute,4Chan__1,Bitchute__29,
2020-06-08,Node_927409cf,Node_5e66cdb3,4Chan,Bitchute,4Chan__1,Bitchute__29,
2020-06-08,Node_927409cf,Node_5e66cdb3,4Chan,Bitchute,4Chan__1,Bitchute__29,
2020-06-09,Node_927409cf,Node_5e66cdb3,4Chan,Bitchute,4Chan__1,Bitchute__29,
2020-06-09,Node_927409cf,Node_5e66cdb3,4Chan,Bitchute,4Chan__1,Bitchute__29,
2020-06-09,Node_927409cf,Node_5e66cdb3,4Chan,Bitchute,4Chan__1,Bitchute__29,
2020-06-09,Node_927409cf,Node_5e66cdb3,4Chan,Bitchute,4Chan__1,Bitchute__29,
2020-06-09,Node_927409cf,Node_5e66cdb3,4Chan,Bitchute,4Chan__1,Bitchute__29,
2020-06-12,Node_927409cf,Node_5e66cdb3,4Chan,Bitchute,4Chan__1,Bitchute__29,
2020-03-06,Node_927409cf,Node_5e66cdb3,4Chan,Bitchute,4Chan__1,Bitchute__29,
2020-03-06,Node_927409cf,Node_5e66cdb3,4Chan,Bitchute,4Chan__1,Bitchute__29,
2020-03-07,Node_927409cf,Node_5e66cdb3,4Chan,Bitchute,4Chan__1,Bitchute__29,
2020-03-07,Node_927409cf,Node_5e66cdb3,4Chan,Bitchute,4Chan__1,Bitchute__29,
2020-03-08,Node_927409cf,Node_5e66cdb3,4Chan,Bitchute,4Chan__1,Bitchute__29,
2020-03-08,Node_927409cf,Node_5e66cdb3,4Chan,Bitchute,4Chan__1,Bitchute__29,
2020-03-08,Node_927409cf,Node_5e66cdb3,4Chan,Bitchute,4Chan__1,Bitchute__29,
2021-01-20,Node_927409cf,Node_5e66cdb3,4Chan,Bitchute,4Chan__1,Bitchute__29,
2020-12-05,Node_927409cf,Node_30ed85c2,4Chan,Bitchute,4Chan__1,Bitchute__1000138,
2020-12-05,Node_927409cf,Node_5e66cdb3,4Chan,Bitchute,4Chan__1,Bitchute__29,
2021-01-23,Node_927409cf,Node_5e66cdb3,4Chan,Bitchute,4Chan__1,Bitchute__29,
2019-09-04,Node_927409cf,Node_5e66cdb3,4Chan,Bitchute,4Chan__1,Bitchute__29,
2019-09-04,Node_927409cf,Node_5e66cdb3,4Chan,Bitchute,4Chan__1,Bitchute__29,
2019-09-18,Node_ac3e9ffa,Node_5e66cdb3,TG,Bitchute,TG__75,Bitchute__29,
2021-10-07,Node_0e3882d1,Node_5e66cdb3,Twitter,Odysee,Twitter__26,Odysee__1000237,
2021-04-28,Node_86f703c5,Node_5e66cdb3,Twitter,Odysee,Twitter__15,Odysee__1000237,
2022-01-12,Node_0e3882d1,Node_5e66cdb3,Twitter,TG,Twitter__26,TG__500,
2022-01-12,Node_0e3882d1,Node_5e66cdb3,Twitter,TG,Twitter__26,TG__500,
2022-01-21,Node_0e3882d1,Node_5e66cdb3,Twitter,TG,Twitter__26,TG__500,
2022-04-07,Node_0e3882d1,Node_5e66cdb3,Twitter,TG,Twitter__26,TG__500,
2022-04-21,Node_0e3882d1,Node_5e66cdb3,Twitter,TG,Twitter__26,TG__500,
2022-04-28,Node_0e3882d1,Node_5e66cdb3,Twitter,TG,Twitter__26,TG__500,
2022-05-05,Node_0e3882d1,Node_5e66cdb3,Twitter,TG,Twitter__26,TG__500,
2022-05-19,Node_0e3882d1,Node_5e66cdb3,Twitter,TG,Twitter__26,TG__500,
2022-06-20,Node_0e3882d1,Node_5e66cdb3,Twitter,TG,Twitter__26,TG__500,
2022-09-26,Node_32fc37d8,Node_5e66cdb3,Gab,Bitchute,Gab__410,Bitchute__29,
2019-10-19,Node_10e1056b,Node_5e66cdb3,Gab,Bitchute,Gab__30,Bitchute__29,
2019-10-24,Node_ad43ad3a,Node_30ed85c2,Gab,Bitchute,Gab__35,Bitchute__1000138,
2019-11-22,Node_91448dd6,Node_30ed85c2,Gab,Bitchute,Gab__147,Bitchute__1000138,
2019-10-24,Node_10e1056b,Node_5e66cdb3,Gab,Bitchute,Gab__30,Bitchute__29,
2019-12-21,Node_ad43ad3a,Node_30ed85c2,Gab,Bitchute,Gab__35,Bitchute__1000138,
2019-12-27,Node_10e1056b,Node_5e66cdb3,Gab,Bitchute,Gab__30,Bitchute__29,
2019-09-27,Node_ad43ad3a,Node_5e66cdb3,Gab,Bitchute,Gab__35,Bitchute__29,
2019-09-21,Node_ad43ad3a,Node_5e66cdb3,Gab,Bitchute,Gab__35,Bitchute__29,
2019-11-30,Node_ad43ad3a,Node_30ed85c2,Gab,Bitchute,Gab__35,Bitchute__1000138,
2019-08-22,Node_ad43ad3a,Node_5e66cdb3,Gab,Bitchute,Gab__35,Bitchute__29,
2019-10-31,Node_ac3e9ffa,Node_5e66cdb3,TG,Bitchute,TG__75,Bitchute__29,
2019-11-08,Node_ac3e9ffa,Node_5e66cdb3,TG,Bitchute,TG__75,Bitchute__29,
2020-01-27,Node_ac3e9ffa,Node_5e66cdb3,TG,Bitchute,TG__75,Bitchute__29,
2019-07-21,Node_ac3e9ffa,Node_30ed85c2,TG,Bitchute,TG__75,Bitchute__1000138,
2019-08-23,Node_ac3e9ffa,Node_5e66cdb3,TG,Bitchute,TG__75,Bitchute__29,
2019-08-30,Node_ac3e9ffa,Node_5e66cdb3,TG,Bitchute,TG__75,Bitchute__29,
2019-09-19,Node_ac3e9ffa,Node_5e66cdb3,TG,Bitchute,TG__75,Bitchute__29,
2019-09-23,Node_ac3e9ffa,Node_5e66cdb3,TG,Bitchute,TG__75,Bitchute__29,
2019-09-26,Node_ac3e9ffa,Node_5e66cdb3,TG,Bitchute,TG__75,Bitchute__29,
2019-09-30,Node_ac3e9ffa,Node_5e66cdb3,TG,Bitchute,TG__75,Bitchute__29,
2021-02-09,Node_bd1a19bf,Node_5e66cdb3,TG,Bitchute,TG__276,Bitchute__29,
2021-01-01,Node_88fcf1df,Node_5e66cdb3,TG,Bitchute,TG__146,Bitchute__29,
2020-11-12,Node_98c215a9,Node_5e66cdb3,TG,Bitchute,TG__173,Bitchute__29,
